id,sentiment
12311_10,0.9955863332116224
8348_2,0.02474576077053374
5828_4,0.8770815940109614
7186_2,0.11013902521473948
12128_7,0.9262134496784223
2913_8,0.8868982270628314
4396_1,0.017505678345976706
395_2,0.3591131567293101
10616_1,2.567604210575939e-05
9074_9,0.6351614972225872
9252_3,0.34501994400950564
9896_9,0.370984037872394
574_4,0.31831303734700744
11182_8,0.34873491491015446
11656_4,0.31188702759360637
2322_4,0.536478068354956
8703_1,0.540166557089464
7483_1,0.48933300697054044
6007_10,0.9910237693676315
12424_4,0.11411029702411395
4672_1,0.015802357499573722
10841_3,0.10817749308784885
8954_7,0.07331237285453489
7392_1,0.2588241057120049
10288_8,0.9317470220318591
5343_4,0.000556596780830704
4950_1,0.00021073297224293635
9257_4,0.5261761203080224
8689_3,0.11663703834013397
4480_2,0.1739173987562353
9286_10,0.8628786362694872
12245_10,0.998690933212509
7529_7,0.9256662526794432
4_4,0.03819142881166715
5299_2,0.01795564099833638
12077_8,0.8019584822775071
10701_2,0.0024577422872927735
11579_1,0.007871823314560019
10993_1,0.11484899734542857
8913_1,0.04287848857879309
1350_3,0.21177909966376574
3804_2,0.02012303852021691
5025_3,0.26625647281461384
5170_8,0.9533021791649345
8225_8,0.9504449878770374
6427_7,0.9270003682176294
3165_3,0.11907499313766134
7902_9,0.9967114235548867
8208_3,0.003600544760090906
3577_8,0.8742324615826822
4865_1,0.01578924269767516
9063_3,0.22432133522630254
1106_1,0.6522112516191315
1117_9,0.9396484190623074
1050_4,0.5946532673475188
10755_9,0.752630710470652
2729_8,0.8693072903430572
10072_10,0.9263584135829559
2904_7,0.9568752437827734
4584_2,0.8912431897063232
189_4,0.1702879084007834
6302_4,0.5648040460851784
8138_9,0.4231075705136322
1262_1,0.21945056607356342
2199_10,0.9148255572349208
6551_7,0.7463835437513103
8082_7,0.26005137736837547
4897_8,0.9635254185720096
7360_1,0.24879425712016145
11012_10,0.9949392370137929
12046_1,0.701872216051966
2331_2,0.6956547301670134
8961_9,0.9917883959777695
751_7,0.7091594176385488
9884_10,0.9285782031553103
10016_8,0.9612833687096608
8023_10,0.4153072001139882
2628_1,0.007446560712424548
5832_1,0.022530786564742212
7302_1,0.029245042702813334
4501_3,0.24444736157258445
1121_7,0.6791844243229588
8334_3,0.7608628664815974
9789_10,0.31464810511838476
4230_10,0.8676282825802631
824_4,0.09291537035370108
6803_9,0.9298051833508103
3086_7,0.9906409485591228
1135_8,0.9819111420540416
10136_1,0.01763559430015992
11129_3,0.0024078541717706538
2072_8,0.5322469786560031
9501_7,0.9179971230545398
319_10,0.7658286314811982
1693_7,0.9769210739217263
10886_1,0.004761162893246821
9406_8,0.9812455884450222
10376_10,0.13224030214344976
9902_1,0.04853426355714311
9938_8,0.5997817209565485
7080_9,0.8358803039247507
11944_8,0.5281622387035868
5249_1,0.002404918343772399
9599_2,0.3143039365448136
9620_1,0.5292095561879153
11244_1,0.22382719027645265
6841_10,0.9996310151795806
10050_4,0.8739476935100442
10512_9,0.9878738301028434
11327_3,0.0011676333986046284
10681_8,0.7409838557567474
808_3,0.5389573630007252
546_7,0.9985122757702866
10765_1,0.0017230094813430502
7189_9,0.32251647315521675
6005_9,0.8863221946365227
11915_9,0.9744131628399937
5740_10,0.9908330414414904
7097_10,0.2026867075464871
9573_10,0.828828502711804
5084_4,0.6826202001445595
12332_7,0.49335097388402177
8154_1,0.0074842726698087425
5610_1,0.1695855061803665
5323_9,0.8815566136025325
11034_8,0.9158364023425725
3977_2,0.1343930161327894
12380_7,0.11240093425598725
1737_8,0.5730475330312528
6030_9,0.43072491532292423
5918_7,0.9138695566060918
7061_9,0.9163158512373865
266_8,0.17180482830569724
1375_10,0.9940533431688741
8648_3,0.04250874336586265
10146_10,0.9854563384557747
4578_10,0.928964254719085
4685_8,0.975574458447027
11843_9,0.943251728690682
5467_10,0.9959028893207041
10140_10,0.9519955155052139
7721_8,0.9988643930374489
11208_10,0.40288196996593423
1063_10,0.8968804618282467
8260_10,0.43552670671578547
3182_9,0.9808669984736693
2797_8,0.8357489210360051
7613_2,0.9065404838818658
11624_4,0.13647639223964753
4847_10,0.9795308750944556
10684_7,0.9820370321826883
6312_1,0.686062990485531
4925_3,0.0073259868138261545
4125_1,0.0059116596402336765
2394_10,0.9997692569406746
12105_10,0.9812878368723602
7812_1,0.013854280100823976
1061_8,0.8519921686128524
9343_3,0.5926483536764061
7696_10,0.9978213925705276
9355_10,0.9877072081745172
782_9,0.9756857901326237
9882_10,0.9999145275911222
10642_10,0.99816447742764
7410_2,0.017311520442073475
9591_4,0.025124528920874176
11902_3,0.4438262546728034
3495_7,0.049851569077166674
6733_1,3.2148878756580704e-05
4552_1,0.0009581810711744963
6722_1,0.02414607676290771
188_10,0.961856105015438
5099_10,0.8952381736998687
10313_1,0.09196543918381839
6756_9,0.8288081402332206
6622_2,0.019753999039117797
4807_10,0.971438098870515
7173_3,0.207238885879016
11321_8,0.6637952603237337
7909_9,0.20133382720610235
8012_7,0.21562794056238574
8615_4,0.12304715194319173
8117_10,0.8970925502405127
1892_10,0.9164209713025768
4617_1,0.21437382420925408
1893_8,0.8786384560238213
5435_1,0.015149729002769995
162_3,0.05118755557938943
6516_10,0.9466938463008463
11588_7,0.8365679878403953
2006_1,0.007886669003760548
1594_4,0.21411035701398004
1472_1,0.001014655114064576
3647_1,0.47490961423454015
174_7,0.8729696588832293
5539_7,0.017108662219292414
3384_10,0.9962774692721337
3811_4,0.5128638388948777
4079_8,0.4696062133505229
1179_7,0.8498164030605084
3069_9,0.9960999552096914
3769_8,0.7414138729072108
9247_10,0.9440210047339775
10434_1,0.004669950119652546
1147_10,0.9679255881540075
5344_7,0.9876934423014543
8073_10,0.9755724891286962
7833_3,0.011497745914250651
8370_1,0.06821529460845974
9007_8,0.01091229758901431
6624_7,0.5308837259976563
6683_3,0.054824255729871894
12275_7,0.3090757808206956
11927_8,0.9640065703106794
1560_10,0.9965621956386983
1325_9,0.7732222767445884
3548_8,0.10956162970361834
607_1,0.001369584988461341
6702_7,0.35581944111557334
5702_3,0.051626965543341376
11345_8,0.8918897027067367
3428_4,0.2115347043488274
7209_9,0.998130045114197
8425_8,0.9406691672880456
3087_1,0.033758396369698906
1119_8,0.9081988265542654
5715_3,0.2709490590780982
8645_1,0.12722196512851844
2149_3,0.00860464217768842
10403_10,0.4188637822586648
5628_1,0.07548012190666366
5570_10,0.965324124288319
1613_3,0.07934551773503812
1454_4,0.8197679138557528
5094_3,0.07919667264949411
7982_1,0.3171348760681548
6894_2,0.6202193885046918
6554_1,0.20491584148430725
4721_3,0.3846687495094943
6904_4,0.04190768693362122
893_8,0.9745850351044292
4605_4,0.5691423972035271
11516_7,0.30334581678551326
11718_7,0.9979163968846546
5956_1,0.016504671361115317
7455_9,0.9880976597154163
6396_4,0.4615657742498166
1223_8,0.938828121011076
8556_1,0.06975185418302074
6108_8,0.7026980632210362
11690_1,1.4764368949241975e-05
3778_9,0.8962788675608151
3627_4,0.2875854047465923
8256_4,0.22673302534454262
533_1,0.0007812829215519799
5235_4,0.08173583234514219
621_2,0.13426790527218574
5365_1,0.8102074533310964
8180_3,0.3202722926462097
7396_7,0.09240462607426028
9776_10,0.9677508561339507
8175_10,0.9493130513459441
3128_1,0.29019670147725124
4606_1,0.0388210805221936
6158_2,0.036795245891518266
3281_10,0.8968746174618949
4723_4,0.0316235665857497
11994_3,0.23949424290860327
7701_1,0.0012528032944434107
103_3,0.38961676289918246
8908_10,0.9365869246187309
8876_1,0.007308040792833476
7519_9,0.7780712723190731
12456_8,0.5192414212373624
9514_8,0.711628197293846
8680_8,0.39572242750484204
12402_10,0.8522264697219514
362_2,0.017302862369392633
9825_7,0.6755136038807396
2913_3,0.583039467204148
7164_8,0.7847132939538342
11177_7,0.9364700671352707
5707_10,0.9966003543084027
8103_10,0.9582304664592383
6289_1,0.0028235280240376396
11754_1,0.316507178387314
11640_10,0.9984241213607419
9933_7,0.3244605531450809
185_10,0.9214672224345076
242_10,0.9922654404592254
9369_8,0.7968128930346949
7453_10,0.6164616829987629
7514_7,0.3574217162569118
10860_2,0.016432019612858697
8663_8,0.2832720980346067
9108_1,0.03446004495389394
7941_1,0.005646271329806145
10116_1,0.0006999482444335832
9841_4,0.3657347264566603
4512_9,0.8188125167550357
4853_2,0.15855108196592027
2664_4,0.38422130545194105
9966_10,0.9372205974996975
5167_2,0.07067618582399308
3894_2,0.046390098364851175
3929_8,0.6123557152651412
7165_10,0.9564575268482447
5451_8,0.24022599370691108
2947_4,0.5211308763483393
4611_10,0.9846790732481234
5807_1,0.11833327780491838
9464_8,0.7911975378271027
3124_10,0.5104708439192452
2705_4,0.969538206460757
12187_8,0.9899616748962989
12319_10,0.8120513487556508
9874_3,0.17326945310823558
3406_4,0.683514489397506
2327_10,0.9982810025373297
605_10,0.9295915928905584
8080_4,0.07579938468889806
3074_10,0.9925160418073141
2499_3,0.10228316431422627
1013_1,0.5291017732012245
11535_1,0.008606915959395925
4118_7,0.7448231118587902
10492_8,0.9934600532777093
2129_4,0.13636243944680362
9814_10,0.23444609428838348
10671_9,0.5109150399613775
5980_10,0.9798502570570673
2755_2,0.06882154886275636
5461_2,0.26004160361086115
11979_1,0.2492787961030915
8810_1,0.0157337852034628
852_7,0.9618326852249959
10961_4,0.054578788530010004
7436_4,0.12979608838989912
11281_3,0.547411691664923
4208_3,0.1848968559073658
8213_10,0.8007151677933069
9851_2,0.2345041717640476
4713_7,0.6049655002404551
9528_1,0.9652673609275808
3595_10,0.9857106974378611
5785_3,0.5744669623596216
10370_3,0.014611901379352827
1980_3,0.5506853457344667
8800_4,0.4371961357786929
4437_3,0.265849140269085
28_3,0.48565018402421106
12171_1,0.11181553875446021
9359_3,0.2689861385012433
3831_9,0.9986829577336342
10962_7,0.9778009670921244
1500_9,0.5755450074481586
11470_10,0.8739031825932776
11843_3,0.004813561119749146
11200_4,0.7736496672287559
1067_1,0.0006271714460403579
3333_1,0.004521263496178139
4487_4,0.8983765461195954
6428_1,0.06373199899765575
575_7,0.06136252644578358
10904_9,0.6574372354793113
11821_2,0.14796836087436996
11605_1,0.2032358181544247
1111_7,0.6020346815062227
10295_1,0.7969727657904992
1146_4,0.6383490935576116
2405_9,0.28441171848126323
11081_10,0.9181631989106483
2201_10,0.9788467122854737
4844_1,0.08901168810907341
11007_8,0.99833049081774
6535_7,0.8549411470356698
2653_4,0.04105782844582474
8245_10,0.8442900594597231
9951_8,0.9898438629730499
6133_8,0.25305048321761076
10006_2,0.005475245090459773
7350_1,0.8334084986377602
4509_9,0.9927830888850635
948_1,0.0008555821959330682
3987_1,0.13396983317393946
2947_10,0.09590436275667848
6041_3,0.020205169084366172
2946_1,0.0948455996468972
11967_4,0.005788864953001133
1185_10,0.999316374068178
10323_2,0.6854686527879289
11706_2,0.0007894681524332791
3663_1,0.06221477199932034
5602_10,0.9983235922221902
4870_10,0.8401943864331285
1994_1,0.1653602783140679
10807_7,0.9055318901137897
6871_3,0.9903833417544082
1175_2,0.02572578779384408
10919_7,0.9667502474214639
8127_10,0.6345056452151462
12497_4,0.4291426830000652
3274_1,0.6760904677522428
2568_3,0.013456325507568758
840_2,0.1861528074193735
5626_10,0.9999833942533103
7561_10,0.9947191552477735
4600_3,0.12378121131268294
3324_9,0.38905844409531426
8899_7,0.7757100143612193
5592_8,0.6820593489405125
12483_4,0.08894941557866981
7874_1,0.0010434309188250065
5878_10,0.5290120311238803
4303_9,0.7581244390142341
9421_1,0.02594905786181471
10269_4,0.11508428573978088
10615_2,0.14108670206295199
2634_10,0.8515711939524498
7522_1,0.013863674811862972
9289_10,0.7528770305386816
4636_10,0.9050307631292853
1241_7,0.6232904984791372
9458_9,0.5867544748671317
11690_10,0.9942880997015724
7176_4,0.4453496489699687
6212_10,0.9789559822945718
6319_1,0.054288059596593684
5229_3,0.15651268104006869
466_9,0.9967645337035071
8693_2,0.3112337278424593
2952_10,0.9948050134986732
1128_1,0.3413100008909858
3975_10,0.48741569429813597
11365_10,0.9372929443834909
2074_9,0.6531247555590525
9768_10,0.9999766840203927
4895_1,0.3669992663144169
5726_10,0.9114814795320753
9993_10,0.9988581503255749
11319_2,0.9167279716728797
10561_2,0.4710362794154943
5455_8,0.7629316643275438
10684_3,0.19354382253146996
3652_3,0.14720203596385253
7825_1,0.04571605115272073
8806_1,0.004161019065113573
275_10,0.8581802159151154
2246_1,0.02075585212085502
11968_2,0.0035005807125412097
2528_1,0.665683231152985
8491_8,0.735678358642746
13_1,0.33153269800542734
4530_8,0.8739099739866445
5207_3,0.021426668421962648
11648_10,0.5996092118104568
8260_1,0.05483863846721917
10730_10,0.9152696591739373
10402_3,0.31179694258400065
8077_1,0.004204722426431924
8598_8,0.9022579336207034
2809_3,0.007719436825733024
12490_10,0.9458937590834642
1447_9,0.9695818386911162
1605_3,0.07549936200583705
2311_4,0.014358780621521565
3235_9,0.729782304533341
5725_10,0.9724991764535801
9025_10,0.9449026082984977
6049_9,0.6234300865185762
4803_10,0.9857914816206176
191_9,0.9809451542335287
420_3,0.6734647950315913
5238_2,0.00014316751493328918
1280_9,0.9143576913346907
9408_4,0.10609051532270453
819_1,2.963712124886705e-07
1656_4,0.061265733647228184
9964_3,0.2269051955814664
10404_4,0.6175768906074829
12369_10,0.9975484429131387
6423_1,0.013628773680786207
9942_8,0.38118319508668697
1519_1,0.0318574674296496
100_10,0.895436673781434
3216_10,0.7612989969781034
3909_10,0.40253433338795586
5034_7,0.9870527077274317
14_8,0.9972192539553184
5891_3,0.05454692053589599
8496_10,0.999792697724304
7429_1,0.009545156097511007
9457_1,0.00015004489105421243
9602_8,0.9190123850328101
4198_1,0.022421875760514808
154_2,0.184874571599912
5070_2,0.01687954023578396
4207_8,0.5658020744531969
7758_8,0.8841406723296067
4439_9,0.9853798269773167
12042_1,0.0035424390580286232
7244_1,0.0009037879224438333
6854_1,0.010623689356884815
11932_10,0.8502266798368957
4151_10,0.9601776040210318
7265_1,0.06583186647791538
10272_7,0.9328487042659245
4256_4,0.18894184671055508
1225_7,0.8069736812492583
956_10,0.993875999108583
6389_2,0.09625541676295642
1365_4,0.07795644909512771
4752_7,0.654597567991253
276_10,0.9899285643632528
8766_9,0.8358045617627647
11225_10,0.5642480175169154
6920_1,2.4281411729787356e-05
11536_1,0.003588168043262844
1923_9,0.9793185324040136
11460_10,0.6901861954261524
10054_7,0.8333670048125836
10845_1,0.000135316058426914
10231_4,0.30710061101598685
9430_8,0.8217852815004236
3226_2,0.01741529251963996
4298_3,0.19731510152798484
10635_4,0.1308225870461784
10567_4,0.01849886631247772
5460_10,0.8901422931752015
7310_7,0.8598192612239233
10330_2,0.004698562401173971
5151_9,0.8433158822195752
11_3,0.8210658170328794
1448_8,0.38658598401854977
10130_8,0.7209884847847841
2199_3,0.03680982358785878
1761_10,0.8148882137163415
2782_1,0.06676494440866072
7618_10,0.9818514351078386
85_10,0.8037641990807086
5730_3,0.11959641175187448
3641_1,0.15499034743242548
8190_9,0.9723437175620804
9533_10,0.993606218221736
9508_1,0.001421855805322881
237_8,0.9950927441119132
3981_7,0.559611359084045
7194_9,0.5527196933498691
10584_8,0.6572587866296019
248_2,0.014794596621459962
8358_4,0.0013335673387436288
1218_1,0.005744646387293204
4191_10,0.10761118150911528
3090_8,0.9044783951316054
11923_2,0.08813851945608554
1640_8,0.8990375823028709
9972_3,0.015085089424140781
11818_4,0.44773134906355117
4350_10,0.9581140717942113
877_10,0.09687625288180102
10017_8,0.9450930680952513
7975_10,0.9989235646714759
8436_1,0.06991191263825869
6024_7,0.567815951686831
3112_1,0.02415555685297926
951_10,0.9331484846121836
1622_1,0.01773704315418298
191_3,0.31387661737791217
5669_1,0.0903718242263329
1891_4,0.19574306738846908
12173_9,0.9448418988899839
7887_7,0.7037808023835179
3256_10,0.12967567036821845
5419_1,0.00010390178716238925
7635_1,0.08806937831989356
8297_2,0.037321335757590175
7137_8,0.5115458572529311
7562_3,0.2213695939919969
9944_1,0.005210182323080316
4288_1,0.00022766421045475346
8087_1,0.3325711222962187
4771_10,0.9767192627034483
10482_10,0.8559544262884631
5324_10,0.9904831100224073
3080_1,0.005010873658854383
10923_7,0.5186388231806844
1753_7,0.9801348953013035
317_10,0.8218625424725323
12474_8,0.6801014697255204
773_8,0.9935333277403758
388_1,0.28317372409753133
12141_2,0.6447679024912252
5667_1,0.5281213882641619
1071_9,0.9635532326163535
2897_10,0.9591525812352923
9481_4,0.06049514085543327
12025_1,0.011011149296760435
8879_7,0.8517512142337399
5683_1,0.02239993626060627
7026_1,0.014806340862399299
2439_1,0.2234540831474039
3631_7,0.8523494687451558
1650_9,0.13812510360249336
5378_7,0.9865784135254475
9745_1,0.0009050167841637869
11563_8,0.830960993153308
299_8,0.9694749880879464
9471_2,0.12153463217571771
1866_1,0.8286099178412947
2639_4,0.02709263180951566
5122_1,0.21079605548705257
12341_7,0.7101695154229408
2936_8,0.9966546785565963
8647_10,0.6199645384311567
4255_9,0.9099506028216093
7262_8,0.6257962617625688
8413_10,0.9327259640386
10080_1,0.020764972220048066
3973_1,0.7225670683724635
8752_9,0.999433196774566
4018_2,0.05475683092791257
7669_1,0.2212658309082786
10421_4,0.2582719038207737
7854_8,0.955516058778653
162_8,0.7114582433183577
11614_9,0.7541971546037488
11343_8,0.9754812079455303
1708_7,0.24201992821339743
7115_4,0.5961089391678616
10498_10,0.40417514198755516
2944_8,0.9897600149983515
10474_3,0.13915829862769033
1263_1,0.09999537720564564
1693_4,0.9077370585454878
9600_9,0.5285832938086708
11173_2,0.36139182571014433
3961_2,0.2296346634646389
8011_1,0.05969549492973914
7386_8,0.6107474669374063
8787_8,0.9935865247405802
12349_9,0.9688025575612357
1776_4,0.29464955703722573
5885_4,0.8918037539675395
220_4,0.030133227686344067
5547_8,0.9829163213304634
2853_1,0.08464854651689117
2157_2,0.11793840302490972
11667_2,0.015580870035777943
194_7,0.7922583645295339
1633_1,0.010306019073304275
6897_2,0.11262371248445406
11568_2,0.1831936556066169
9219_1,0.1505072480977984
477_8,0.9734764703273481
8980_3,0.35665346550897303
4612_10,0.7901560850392861
8030_10,0.9269642421005457
1846_8,0.9996792091384034
2786_8,0.9004076583634888
2634_1,0.00651993354144065
3110_8,0.9635500520287941
11587_8,0.6305185469466942
11262_8,0.6802294359227516
5680_7,0.3908898234334863
4583_4,0.42094354796739414
1451_1,0.017049387427852985
4244_4,0.08812025381032855
6176_4,0.02374720288967891
8851_10,0.964550548898766
908_9,0.9282269689119089
7494_9,0.1901467299412294
8061_3,0.1860093473306459
789_1,0.2764084137033043
2374_7,0.9356434131239015
11225_3,0.025615221771046224
4467_4,0.02728937119771551
8516_10,0.11542268283114097
4121_10,0.9615606626028247
10267_7,0.4608375991435174
6040_8,0.8292755619804587
8338_7,0.8253299503887911
2903_7,0.9891399367237171
6662_9,0.9297253167530922
5333_10,0.9926633377332684
7470_4,0.017159574559447992
8813_1,0.025321168860753814
4514_3,0.997938582871261
9584_7,0.35996708367396774
11706_8,0.9596139487271128
11538_8,0.7608311560179483
4210_1,0.0019625742571009646
8984_1,0.0036367194152869754
3431_4,0.06758767116201135
4973_10,0.9838505695087749
12260_1,0.013283767185989717
4267_10,0.9912129173034839
9906_9,0.9795862188517372
670_7,0.9395699300094137
6270_3,0.014337731892476908
5164_4,0.04865420286232209
9741_2,0.04555991263411713
3761_8,0.4523223814083358
2651_2,0.1913230747697753
7448_10,0.9420774395278022
7184_9,0.99871436554609
1313_9,0.8829748800592704
10654_8,0.9772095050261314
7151_1,0.004810529477673804
2320_10,0.7052562848310598
12033_7,0.2729489019524383
6429_1,0.009854837729763378
1420_4,0.9609900705709375
3002_7,0.8120039259339592
1299_1,0.04116626869384732
7897_9,0.9353856715498918
1529_4,0.12056633441103552
9760_2,0.07438199093339616
11318_1,0.00019869590361272808
2217_3,0.04093138435694776
11641_2,0.06700417732084327
7238_10,0.9780061289340937
7710_8,0.9215813329173494
12011_8,0.8929996763877014
4495_7,0.988094601252572
11144_4,0.6160040743246625
5625_2,0.12741818020777002
2926_7,0.24764378813309065
8538_8,0.7219054523178215
8875_10,0.9767226428083715
10881_10,0.9892797094302478
1662_7,0.9197287284534754
4560_9,0.7100700942084105
6714_4,0.003859370874317341
9059_10,0.9499479146533514
6631_10,0.5768177939722348
8520_1,0.005600920638144329
918_4,0.4602925817905112
3102_10,0.9249757737056337
3611_2,0.010731172389141374
8434_10,0.955105905359386
681_7,0.9990105986634351
7386_4,0.04021813497462889
7566_9,0.2656212349322434
10110_10,0.8974113600717358
10486_10,0.9703360489131424
1492_3,0.7911630524147365
11823_1,0.149265522169013
2331_9,0.9422681674600982
2200_2,0.03187756577503113
9547_1,0.12743742972385122
785_2,0.003529011312853398
5101_4,0.11395977192998547
5657_10,0.6925692436668425
6902_7,0.5414755158348884
1490_9,0.6078857852988201
7148_9,0.8859740245416844
7387_8,0.2642084471554886
8277_9,0.9013110966502287
6912_7,0.8601013015702258
170_2,0.9536104944388195
7702_10,0.9990352370018225
4393_3,0.011186702014618653
2608_3,0.84817743643638
4931_8,0.9059211816361157
10589_10,0.9784259584431252
8623_4,0.02052675587764345
6057_2,0.04643190256873117
2704_9,0.975315033085017
1790_2,0.6879934815108484
12370_1,0.0001433252714406705
159_1,0.0021670796597965487
343_9,0.9907149886100484
2128_9,0.9707491690359089
11181_8,0.8042638869585241
11775_10,0.7507116817270096
3514_10,0.9599229505231603
6993_2,0.002836485831310818
2866_9,0.5797370462556652
1000_9,0.9918440753226286
11772_7,0.1010965377850734
3355_9,0.507120663220045
8519_8,0.5287992782968355
7879_3,0.16870976538662089
4332_10,0.9276913315283777
5403_1,0.011824245784253227
1514_7,0.1276984857307564
7904_1,0.004791438214186573
10550_2,0.25447996960329655
11442_10,0.9567269992244775
2821_3,0.0035715778655980323
5766_1,0.003561000497462004
8061_9,0.9623164834716494
2166_1,0.009818177753496091
6206_1,0.021496392741221525
11124_2,0.04622647520256542
7625_10,0.8869357504505228
90_9,0.5465123485818343
7959_10,0.9393176843890019
7029_10,0.8936854456615091
779_8,0.9901239270420714
1101_4,0.04711935371032639
11189_4,0.1941524525058356
9790_4,0.05702755657115959
10861_1,0.07928725635439825
5902_2,0.0871193875058173
9545_10,0.44773362122425564
3730_1,0.00045445618939366563
4951_9,0.7137904876880119
3295_1,0.013151470493593288
9495_2,0.29111903611831685
2876_1,0.4564540804285975
2796_1,0.06665244869226122
10338_3,0.09700483375357334
10913_7,0.4184206351232388
4685_2,0.009410487015374726
11586_1,0.05697961946627184
4904_7,0.4588104194251474
7110_7,0.7158674550681948
2086_4,0.18706958290377856
7372_7,0.8086022207306527
135_9,0.953462933597835
7038_3,0.8413399760492607
1119_2,0.04618025190273463
5057_8,0.6563361569513811
3479_10,0.9977532811744989
6489_8,0.9882695741336881
4910_8,0.8544955021694749
5979_10,0.6111392853646826
11304_1,0.06858055336487962
2102_9,0.9870872299233245
8048_1,0.02637438576921101
12153_7,0.5591527841816454
4832_8,0.822393398040272
3079_9,0.9257094735671737
8254_2,0.001575405874232975
7981_7,0.73403515712412
611_1,0.06697646933001017
307_10,0.6413230900298396
8861_3,0.00176631239900927
4635_4,0.6421452576916774
6197_7,0.9444690888811147
6739_3,0.0730066210199749
8588_9,0.9608705339655139
8461_7,0.48297435153684415
10089_1,0.01299607179806836
2609_7,0.39852617667499807
1418_3,0.7839171383281496
2661_10,0.7598840778734758
1253_9,0.9095696530857704
8815_9,0.9212150202992312
9867_8,0.9846956771908368
2155_1,0.0077481723707884115
12259_4,0.4701678961339276
11224_3,0.3484869084656634
4781_1,7.028281958094505e-05
4354_9,0.9957974498949228
9629_9,0.8535332452139416
3629_9,0.9913041746202148
6445_10,0.9924537293021907
9526_10,0.9957854439989253
5138_2,0.0339657222324778
349_10,0.9943997339080194
2099_7,0.6223336848519735
4411_1,0.499498159714937
8127_3,0.08923235451214408
5225_8,0.9438847089158962
7970_3,0.042927541889688274
5688_7,0.6538722527678585
12099_3,0.01222889492540558
6020_4,0.3201939879910271
3892_8,0.9887598792995953
2098_8,0.9798785949341245
4851_7,0.9586101844627563
10967_10,0.6083069473567885
6230_4,0.36667507026647644
2211_2,0.06187477243160709
11978_10,0.7655799704754055
8802_1,0.017657938714236005
11010_3,0.027074904907701917
10083_2,0.19601126924222456
5588_10,0.3527824176467884
958_10,0.2105872363705585
6771_4,0.7678109910416404
6767_9,0.9627999630436912
7302_10,0.9377714226650686
5324_3,0.002670500756516458
7737_10,0.9965327790698364
8603_10,0.2078133096292768
3029_7,0.9907540813328514
8640_2,0.010050666165841556
2139_1,6.68556219118931e-05
6305_10,0.9992078940842033
6884_7,0.9542947442625425
5534_8,0.6894657107770954
7619_8,0.9729457113957474
10057_8,0.9315191046398889
972_7,0.971965263507326
6245_8,0.607169529481836
6627_7,0.8909627253981182
3621_10,0.04906660425690809
2290_4,0.8083617821084647
24_4,0.26279847765511616
5689_1,0.0011609718711042126
6497_4,0.21507424354640733
12405_4,0.9573568903831201
11720_7,0.9998629907140297
10088_1,0.0019347168630099575
9258_9,0.9997788419438253
354_4,0.9110710012400793
4770_10,0.9063369755657136
1035_3,0.5893083972857486
739_1,0.022740408917106412
6267_7,0.9838915020877785
1562_8,0.9532901434065282
1438_1,0.01801259054203517
281_8,0.9916811859960485
1818_1,0.909886380266116
3943_3,0.2937263089602651
8116_4,0.5384464691243764
6984_1,0.003947265087874641
5330_4,0.0007154776528366151
8821_8,0.9941435899777322
10484_10,0.9871572896624443
1886_4,0.14461455876695037
7943_2,0.5805008699434511
6438_7,0.9805173125908518
8931_10,0.8758988383458236
10538_10,0.803475614363115
534_10,0.9957492677784754
7329_2,0.06307644663317194
6614_2,0.6339008655051239
710_10,0.9532540385904252
3120_4,0.10672248399598987
9046_1,0.003686612895673329
5638_2,0.04902505899143488
2455_4,0.1134168138349974
2652_3,0.07104683487911137
11006_4,0.8023043045532543
5065_3,0.011476872240998567
9805_10,0.9025722186224553
7092_8,0.9763960257659163
1735_10,0.8622837666034551
3609_1,0.0009153882090423447
1201_10,0.9900500027248017
11024_9,0.9958989839323018
3807_10,0.9945714146324957
4483_10,0.03946911924375312
4510_7,0.9330525675179492
8037_1,0.4872615299841614
1760_1,0.02476718332943293
133_8,0.8491463269324102
9039_8,0.933184785078085
8462_4,0.8078424826525282
2468_10,0.8824401927888476
7684_3,0.03515205075154218
10350_9,0.9953547385605903
1199_10,0.9935682659094178
8560_1,0.008056869250714027
6405_3,0.009606613194494072
1295_1,0.005347325518927051
6420_1,0.05341721476212034
12183_9,0.9167337006241052
11619_1,0.007882287144846987
1415_9,0.8196978294837018
9414_1,0.0016027524689219087
7640_4,0.103054710364332
9211_9,0.9071627140894446
557_9,0.8079163990422266
4501_9,0.9829311472828697
8711_10,0.4210294561567751
2402_1,0.5263611110307296
4586_10,0.6526933904693439
176_3,0.04183236690136934
3545_1,0.1399013269134613
8932_1,5.564580927187584e-05
5829_10,0.562959860935429
3409_10,0.9836769099747451
3636_3,0.4700006236595639
12048_7,0.9854274512808483
10468_10,0.9494272037907463
11546_10,0.9266370416445171
9444_10,0.9974424308207727
6275_1,0.032762220128595504
152_4,0.22336093546933433
4767_9,0.7069974467638452
6751_1,0.012494601066067703
10245_4,0.019490627721660433
5407_8,0.8261843303508642
1923_1,0.1097223485458847
515_9,0.4604219584666536
9988_1,0.22837625934085035
5928_8,0.9520961003221791
10163_4,0.4339657656341343
7969_10,0.9120174797267826
1494_4,0.09725294872744507
11211_10,0.9344613890298743
1957_1,0.0009197652988865158
8484_7,0.747214672039593
848_2,0.0014992872677869514
5177_1,0.07640339055069453
10667_10,0.9327009096630209
3075_1,0.06394747404059338
9443_10,0.6155097613623955
1572_8,0.9226542041844996
11285_8,0.40829917907444246
3125_1,0.3612714173097713
9265_9,0.913408063876902
4072_1,0.3936862593833527
6390_2,0.22324041656416552
6496_4,0.5598676461964627
8766_2,0.021246750157291095
7787_10,0.9830905627800329
5897_10,0.9991567985496888
9027_1,0.07851604042097934
1538_2,0.0035519036149710657
1220_3,0.004648505660337629
8600_3,0.08878501372759794
11432_2,0.5927912421161768
1424_4,0.4058471954528619
7344_10,0.9692443604367041
10842_1,0.2328204984947028
10332_10,0.9464238116626857
4340_4,0.21130092165655895
4868_4,0.116408787796318
11216_9,0.636945861171944
12027_10,0.7401506627429503
6785_7,0.9495800147318267
8773_8,0.9819555700516349
8119_4,0.5024598248591703
10138_10,0.8573928883173834
7197_2,0.0021567032532200507
1536_3,0.07964955919084393
9981_7,0.617809605588607
4753_1,0.15564953422213104
2795_7,0.021861574685564038
6672_4,0.03441093579607709
10805_7,0.9366344569657359
5866_1,0.008278122441480368
570_1,5.4676981472069595e-05
11965_8,0.887761903658913
3288_1,0.03214077536079155
8135_1,0.4094983828430392
10094_9,0.7862802028736402
5845_10,0.9849457380047806
3570_8,0.12311331898101871
1240_1,0.0932096419023031
231_1,0.004622795067412879
10628_9,0.8340784940379826
3536_1,0.007926641594909932
1852_10,0.9327389681922875
8202_7,0.2824218010353349
5907_7,0.658888239331594
1759_10,0.8995005007698337
4492_10,0.8498510027291548
4844_7,0.26928126108510847
3189_10,0.6102443515993303
3403_10,0.917230920405245
5874_2,0.0032930447885735894
7809_10,0.9945678523124153
3632_9,0.9894182904222185
11767_2,0.9833632743444557
9925_3,0.7577800522234278
4218_1,0.813821906465216
12036_7,0.7108177996567842
8973_2,0.07464122982717976
2464_10,0.9066978840803367
4094_1,0.15188707280844235
10592_1,0.018055875950073404
10648_9,0.9500959900080534
3887_10,0.9099138515772427
9092_8,0.8947483744867892
10666_10,0.9740060629647069
8389_10,0.3587325492253646
5281_10,0.9763592084715543
6946_1,0.007337140156062799
1132_1,0.030378742934442676
10052_4,0.05259487268228872
768_10,0.9999591127300947
5432_3,0.012865734068433962
7424_3,0.008499945224185762
2366_2,0.4203957982981666
2865_3,0.1747429638458059
7806_2,0.34818014728637015
8878_3,0.08281316230854747
6298_7,0.9873379362937911
4517_4,0.0397370788002978
12018_10,0.9692326852515137
3662_1,0.006488204482816538
11393_10,0.7337747992839931
2071_10,0.997966437669583
8217_8,0.8956123737433747
6568_2,0.08010688325624206
3840_10,0.9869768151023468
1666_3,0.6904342499375851
2360_7,0.712510872716004
5778_4,0.3124316871393315
5341_4,0.19792534715938928
4044_2,0.0016145172865152466
2503_3,0.02556284669888508
4095_10,0.9466825355905045
2092_2,0.04100588324152941
2707_3,0.007880919200176712
573_10,0.8294406744322326
6441_7,0.8899830965406101
7565_3,0.10305446676914061
9499_7,0.8649480840133502
657_10,0.9990122200751488
8840_10,0.9556850686098467
1407_4,0.2955550786725848
12453_2,0.47669323833980776
8273_9,0.9705981234865071
8366_7,0.807830913302442
10643_9,0.3155448946640299
9998_1,0.00022790182238319493
1385_1,0.028916716215545247
1354_4,0.16968881375364633
4674_7,0.44477056499425344
3515_4,0.3834401629149313
10426_8,0.9123481231924951
10226_3,0.5918808266819532
10391_4,0.08748973703629376
9968_1,0.012425054911954303
2893_3,0.002977954686008319
2546_9,0.5101462157314206
37_1,0.01594859337420628
1757_10,0.9892986612721938
1569_8,0.9577118162947724
1466_3,0.10085912582452246
7783_1,0.0002935395171374121
9506_10,0.8415791062306436
10835_3,0.019394493570114236
2917_9,0.904462111514934
2495_7,0.9841562213336658
1686_10,0.975687043735866
2414_7,0.38300213701440655
5318_8,0.9214732372836356
8858_8,0.9213153264718951
8112_1,0.0035647625262708615
6532_2,0.1226997820984323
2526_10,0.7910114453700925
11089_7,0.7429876689180989
4297_8,0.6237761239196593
3179_9,0.8739515215928826
5832_10,0.975718554886451
10539_8,0.7249665562058252
9226_10,0.5631236989304561
9878_1,0.4631596529458967
7940_10,0.9967090719617006
7195_10,0.8975170623553201
2979_1,0.27425350121298153
3597_10,0.9999971754686113
2931_8,0.8446785875924788
8571_10,0.27937557197018736
12148_1,5.296857175971106e-06
4047_2,0.00018228334750142403
6164_10,0.9481470460122129
2214_8,0.9720434431233009
5903_1,0.019317826773408563
7931_9,0.44285322187851905
1205_3,0.39279200261838454
5983_10,0.9541481446083018
10424_7,0.4733378805040828
11032_7,0.8905900963377446
1303_10,0.924450867841513
10390_1,0.013725185660506506
8349_2,0.04303055039142018
3605_8,0.9559204714423167
12273_1,0.014086040604548997
60_1,0.12078029781933862
3879_9,0.8635187391098493
12431_4,0.0653820752602991
4499_2,0.08890480150079967
5786_10,0.8416576362271972
5521_4,0.8512723714719448
793_8,0.951416273672928
7948_3,0.087640096237013
9022_2,0.20467497606415816
11071_1,0.012779645940129347
4991_3,0.4752382214877135
8226_1,0.14849544720896793
8762_3,0.3361217157398486
6918_4,0.4156368570392511
844_10,0.9284155213487072
11503_8,0.3005706549684616
7406_8,0.9358171235252335
7743_1,0.13125196470496203
514_3,0.05853036322313559
10927_9,0.8936591018116108
3731_7,0.9990165154615495
8870_4,0.7408025396571799
11099_10,0.9995416487444175
8456_10,0.8207672338959361
10944_7,0.015417505658170117
7168_3,0.13464161557200832
3378_10,0.22451569366328647
8203_3,0.5297006668632981
5676_1,0.0002560006458057336
5061_9,0.9222308835023105
6238_8,0.46018875205879234
1136_8,0.39275652128428
6234_3,0.18488689312470166
9510_3,0.739724993576032
9632_7,0.16299741407481835
4357_1,0.032956164657842804
1176_9,0.9904719185191624
10821_8,0.9986454831350812
4143_4,0.10211289627248908
5074_8,0.6809815445508925
11673_1,0.010848340408681238
11072_2,0.0010084539237202408
1816_4,0.4764095459471626
3974_7,0.48108713956280064
796_4,0.14981459232006367
8540_2,0.16307406816883488
10959_8,0.7785469404517369
4576_10,0.35794982666724456
7030_1,0.16620527590161216
3340_10,0.963791663868866
3223_3,0.006307607101669917
3030_1,0.2565403727442855
4194_1,4.717095250495845e-05
11322_1,0.016616884013437416
1785_1,0.0821482839279136
7109_2,0.02126265185001323
4120_1,0.006528996475536063
3024_7,0.9487787474773712
589_2,0.1916015187269777
2480_10,0.35101453924664433
4878_1,0.13320288114555537
571_1,0.5294567961336537
12156_8,0.9512772447897129
7547_9,0.9682977306993854
6577_10,0.9987426508156021
7101_3,0.244888714180531
1731_3,0.2573575849328162
10424_1,0.004497224859742117
9056_10,0.98723385823442
11959_3,0.12349715168626227
6952_4,0.009110752219067174
8709_10,0.6977339366957244
4716_10,0.9889359549338093
2393_10,0.9844741090710468
4007_7,0.7173416923854562
1196_2,0.44191412149362186
8483_1,0.021099568766430696
1840_3,0.47542314597963137
6108_1,0.03442828928826074
4621_8,0.7620299906995601
11332_4,0.9998100477685927
8800_10,0.9998954165779369
886_7,0.9915401765611351
6495_8,0.12279842025164879
6193_10,0.24276079887693108
10297_1,0.011748435548228658
4233_1,0.11634589218148167
3121_10,0.7020222775647061
1681_10,0.8860940336277662
5789_1,0.08821753568755408
6446_10,0.9994395923505683
479_9,0.884690895925202
6401_1,0.0001941412434887344
7602_1,0.0549234529677986
10792_1,0.014551568911169703
11436_9,0.8895289825541571
6944_1,0.2975876815115399
6275_9,0.08999676362980831
7314_10,0.9953912888017913
8887_9,0.48229779356315855
1835_8,0.9762223515471926
8403_7,0.7651300990777833
2090_1,0.043708155044022055
12310_1,0.8063863073643796
9795_9,0.9391028480591062
4260_1,0.01345890679772848
3214_4,0.6072606985217283
10974_8,0.39224674460027836
3374_10,0.11556634494780658
2251_2,0.13010134596913164
2325_7,0.8646615642552591
28_9,0.9070744605226908
1758_2,0.1830090439777227
1222_8,0.9343158848440394
1229_4,0.12970152313834232
9791_2,0.5889322851698634
3433_4,0.03745671312333471
10847_10,0.9942410969713809
5020_2,0.0030630066860830377
9652_3,0.10521460336159122
1739_10,0.8069658814921465
10441_4,0.5051981057805052
9002_7,0.9409149654769604
4304_8,0.978265229375096
290_9,0.9677855080431574
1339_8,0.6736363215040867
10899_1,0.045576989731779156
8723_8,0.4655280306466398
12487_7,0.6462133374262248
10384_7,0.776075475964771
4673_4,0.004381063821386697
11679_1,0.06150700014847373
3938_2,0.05191113922673906
2253_10,0.9972251497456378
198_7,0.9715216451814712
3346_3,0.27376668383420366
11543_3,0.0060827579569895885
8463_1,0.07212730694837163
1297_2,0.0005502158538488209
4689_1,0.0001954379546695002
4681_1,0.01537190720538717
961_8,0.9856720140394509
9865_2,0.61805320292886
770_3,0.13262789597613958
10495_2,0.06877724460634617
6302_8,0.8253582509683637
6232_4,0.4188652006766788
10098_1,0.05871193986783921
8905_2,0.00696683746625689
8853_10,0.45898977243662914
6081_10,0.9967365184023911
12_4,0.28802944814705195
1291_7,0.9870775774253582
1679_1,0.13199245592836129
996_7,0.7636361717643273
3343_10,0.9704487016796302
6083_10,0.9965020747929675
98_9,0.7681582313774665
962_4,0.15479037273469765
4857_8,0.9612488673144415
12394_7,0.5608885143738683
1321_10,0.9541803320905687
8994_10,0.975391299186364
7788_1,0.23986326347211978
9708_8,0.826096485847888
9523_1,0.2891156227082061
11785_4,0.28518908750573635
5440_1,0.12705287012718292
1091_7,0.8300075913876461
11584_10,0.9166207552878328
5369_3,0.5139046901383206
3165_10,0.6505422797217858
3686_10,0.992627018925488
7069_10,0.19765689288359795
427_3,0.12870415652812248
895_8,0.9319109262349203
4565_8,0.641063131078718
5139_9,0.9492717686983569
5027_1,0.02514389670513504
503_9,0.9872662453057016
7630_1,3.880760013503117e-05
8552_1,0.5869591649858402
4322_3,0.008483739768427975
3492_3,0.952797516039372
5301_4,0.03950207601329867
752_4,0.15996507911272678
4307_2,0.0022790535640262732
4901_10,0.9978614621634072
233_2,0.6483120431940946
10789_8,0.5586797625682705
270_8,0.9916988147654959
11442_1,0.3305353217231539
3688_7,0.7091866376311086
9928_7,0.31588084926836424
6563_8,0.9331227600800107
3437_7,0.798409657956259
10495_8,0.9970000981099492
8775_10,0.9994885901423193
12172_3,0.4772418582304695
10085_10,0.9700006295332889
8394_9,0.34466853599561864
2607_10,0.7214027201904742
6645_10,0.8093227939715872
301_10,0.9624257773463285
2153_10,0.9844946078409115
1967_3,0.06252007150392758
9604_10,0.9666158839525205
10665_10,0.3741826689335601
5409_1,0.031453222108031344
6707_10,0.9969920619809555
3847_7,0.80462722085547
9261_10,0.9951665167485589
3772_1,0.0005394899075611392
8950_1,0.004759829292308225
6591_2,0.2969052913833458
2765_9,0.08729522437231056
4166_10,0.7900695607203467
11418_3,0.2069116433215414
7137_3,0.11897488598751134
3710_2,0.0779531692483989
1153_4,0.3725139042275293
4155_8,0.8797902156717587
9221_10,0.90122908173016
8917_10,0.7332621860588487
6066_4,0.5584140282589579
5366_10,0.9904948852600436
2520_9,0.630625191693558
11677_2,0.5015087137474465
4032_2,0.0033096016406483487
4041_2,0.0045212939007204115
474_4,0.2717644681485675
6392_2,0.03630609110248662
6545_10,0.9103375804976495
5009_10,0.566855183364452
3060_10,0.8032049551060882
11033_10,0.9848191024232383
297_10,0.9584202614493024
9099_1,0.010389157784647777
10496_10,0.9406029753387446
5619_3,0.5869150329559981
4226_1,0.01293197386039464
10483_8,0.9929929385737197
1966_9,0.9963555671418972
4024_2,0.01342298671757841
6448_9,0.9809839254360725
4252_1,1.7923833643304372e-05
250_10,0.9766300192089219
10753_3,0.21428673111627441
1005_7,0.6260045287628891
4415_9,0.5497140386164171
240_4,0.9765779386673127
108_10,0.9162649893024524
1393_1,0.4175334801237103
4236_2,0.35967325740913764
9208_2,0.11830862965035306
7156_10,0.9543955490078307
6490_1,0.007377260041087986
3518_3,0.005250246808747425
10308_1,9.54212873963753e-05
8706_2,0.2652249232673603
8674_10,0.8138591905841975
8240_10,0.9640176612660216
11890_10,0.9039636412606769
976_3,0.5449446273461832
5025_8,0.9993921757373756
10206_8,0.9912989492340193
11921_3,0.05808160072229666
8344_7,0.42152413387804405
295_8,0.7381720697850651
2121_1,0.004915775424118176
6978_8,0.8935164853600286
707_3,0.13946474631130895
751_1,0.027188225356147705
1931_10,0.9986837518974507
7197_10,0.9588378512875368
11032_3,0.010667449038968576
416_10,0.4283802337196409
1384_2,0.022779405702162168
4114_2,0.27806755121291804
9450_10,0.9776328831969214
6877_7,0.8912825548255304
5092_9,0.9983079499501504
3402_9,0.9571786292907519
9517_10,0.9983710436374741
8566_2,0.00027935741844794035
4493_1,0.008109840036333265
842_1,0.08934662215451783
4926_1,0.09275460127626724
3398_9,0.9884738626322435
8857_10,0.7531152972379095
3696_9,0.8599042179011558
1952_1,0.021161403290174116
5516_3,0.032284700267098794
3297_10,0.9799861577691703
8396_2,0.08851060018667642
1928_4,0.30346246678684075
7216_10,0.999695424612503
1648_3,0.008293376807736324
9312_8,0.43468812577049
4392_2,0.054142541860294185
4740_9,0.36740051509887856
2985_4,0.0012660625796281136
6407_10,0.26055220283943503
4015_1,0.2787628930501716
911_10,0.9996207058456235
7898_1,0.04131984439119253
5241_10,0.8875506189775754
4955_4,0.04144225416855076
4199_1,0.002491659186730514
8319_4,0.7966512760607924
6340_1,0.15535292187634758
2003_1,0.012008173900980074
11213_3,0.33141575587486366
5109_4,0.20556024890133
9400_1,0.15601634275015483
10719_7,0.9393493251001909
6848_8,0.9458151283385392
11398_1,0.08375414094188367
2606_7,0.8835370872527397
5646_1,0.07598669708123508
4103_10,0.817781743394607
8906_9,0.915263227713879
6997_10,0.18734699819307754
9990_1,0.30694955330170176
6573_1,0.040197728300162584
8530_10,0.7558490390747032
8382_9,0.6816553747911481
4207_2,0.8751784855635798
8794_10,0.7012188109193479
917_9,0.9898722316582211
10739_9,0.9964728794671318
4286_1,0.016692892919166383
1763_1,0.06489065345214971
5173_10,0.871089313711416
1764_1,0.079549050928959
3614_3,0.4778142109594617
3880_10,0.8462307225246352
4059_1,0.07926144667849881
8786_8,0.9050611132807265
9553_2,0.1718687534506986
10599_8,0.026158066044594402
1048_4,0.30396637867230464
8136_7,0.929725589289248
8715_8,0.9355761703403449
7667_7,0.7822445034514891
5647_2,0.008319818138227108
6267_1,0.016449151407325526
12444_10,0.8637915498726377
7390_10,0.8286292178090497
7260_7,0.9097606236224366
6170_10,0.9977417855711515
2181_2,0.14444343021397998
6196_7,0.9743110343457532
12058_9,0.42029214927128367
8915_7,0.4742457057842942
6816_10,0.9873343773727642
730_9,0.9913531864791544
5808_10,0.9522593107163286
6256_2,0.0029449316287985094
5157_4,0.6134929416619251
7970_10,0.9789013850743243
6991_7,0.4951048442750453
7112_4,0.6550640130026145
12136_4,0.5116766028530116
1554_8,0.6598059948271929
8289_4,0.3165085607013971
12452_8,0.8523479855755632
6181_8,0.8545652256250214
6237_8,0.8832267039667421
9724_10,0.9664173255534253
7991_1,0.008882557676630138
8185_4,0.48300971035976314
12162_1,0.11083891671813315
8330_9,0.836074561974227
84_3,0.013193508759662617
4879_4,0.2588975400967175
1173_7,0.9885992699889115
11095_2,0.8575609525903267
9934_8,0.9198178840451008
10791_9,0.7109784259004102
5260_10,0.9416549774192704
3123_3,0.049003026346785494
7500_1,0.09616460249740753
9472_8,0.8074855967876854
6349_9,0.6223151906670455
8706_8,0.5848395022420622
12385_4,0.009516850071955395
12409_4,0.30635116283056896
809_10,0.9901743791292512
11380_2,0.42939800937604256
4975_8,0.9791423894334369
5069_3,0.07350895351356966
8132_7,0.7050757872017738
5628_10,0.9983150242523624
12329_8,0.4424367359379552
8217_3,0.0423428344197648
251_2,0.5058868306430453
2901_7,0.9099911968526496
4588_1,0.01000817479096268
2647_10,0.6979902544791643
6020_9,0.9924155947150176
7171_3,0.15475184136306785
5880_10,0.9931454685328267
4842_9,0.9572493105565071
10657_10,0.9847667019718677
11858_7,0.8534825736876823
4656_4,0.6121834960154029
9293_10,0.9315180089777081
10702_10,0.998304854105276
6277_10,0.9906924403471419
7223_10,0.8424377683852832
11150_8,0.8614435973008255
4768_9,0.9636575764066895
5703_8,0.9760788672859607
9249_9,0.9796470430157624
12051_10,0.873516889804532
5740_4,0.034222283594273616
4882_3,0.23024171917455707
11575_10,0.8507151394876846
385_1,0.03095015557531025
1569_3,0.3124100287228296
7449_1,0.087626715169899
1977_4,0.3498816604950035
6134_7,0.8149887858109958
2384_8,0.9928582481234405
2437_10,0.9351874974714411
643_7,0.8198107333537283
7334_10,0.9924126585628896
12228_9,0.8590255003113282
8579_2,0.012411962766027407
4093_4,0.00661582971980415
233_8,0.991033712712169
11852_7,0.6929299747690988
11027_4,0.9250972495919166
5409_7,0.830465037243741
9332_10,0.9678853534316779
6530_9,0.24174045546205714
7815_1,0.00011741955182577394
8317_10,0.9887111706913129
5382_9,0.9868623388608295
3183_3,0.6296645704356848
4997_8,0.8513961852158125
11553_7,0.7822372279878924
718_3,0.20043701350157767
7128_9,0.9386818721104259
11977_1,0.5146638547707348
10820_3,0.13400052521964645
3539_9,0.942581766032338
2386_1,0.02204240526489297
9837_4,0.33097642106082115
2941_1,0.29404853665008146
6669_1,0.02004252293902408
10927_1,0.18006370854233683
57_10,0.9883433030024039
12252_2,0.025765859962991983
8926_3,0.0889341333269411
3044_2,0.30585134831890937
9758_10,0.9750288964570408
4584_10,0.9829998476960139
1467_1,0.21804791192689485
7846_9,0.9858436301604081
1982_8,0.9743840055776771
5705_1,0.009001573950391663
9754_7,0.9555348170340948
9594_1,0.004056850595071252
7405_10,0.9997849998228028
8469_2,0.9086178441609967
3713_10,0.9993724796065567
3381_10,0.9417752148685757
1913_10,0.5996961748675992
9423_8,0.7812496162836475
115_9,0.5264597146439307
9784_10,0.9657317091652271
1148_4,0.811731673440783
2911_10,0.7885158462482648
11328_9,0.9843007930722439
5087_1,0.4808234729464854
3983_10,0.3680585568016168
5216_1,0.20667023453324515
7961_10,0.8363118159087342
10134_7,0.8644836893121567
9379_2,0.49738367094392094
4715_1,0.002451796961165776
6501_10,0.9919581634873257
4146_4,0.008025897696950375
12159_1,0.1954010572302654
11661_10,0.7745796081990857
7995_2,0.10059840597121777
693_9,0.9487182101559358
1411_10,0.9969245129386411
7091_7,0.8432001512754594
2576_1,0.029549754055507062
8207_1,0.020403711072273564
10877_10,0.9385620777434969
5444_10,0.8394973816524293
9409_1,0.008636051650428076
10020_1,0.1200464234604531
2349_8,0.8596497204979353
4942_10,0.998544141317041
2839_1,6.427240638765294e-05
9419_1,0.0008299607536633548
10661_1,0.1527104687469478
5659_10,0.8956268077497285
639_7,0.7683193462596797
5946_7,0.4932817997590161
7231_7,0.9165468692760015
4220_4,0.49186354209083755
3698_4,0.3819101351682247
1060_2,0.18151719813160974
2398_3,0.007468446701646332
11073_3,0.010128191066177152
8336_2,0.001314281929148082
5975_3,0.13608155398527386
4727_1,0.0663768863431722
1596_8,0.967296145370345
5471_2,0.23811257189602336
11204_10,0.5693950418467896
8810_10,0.6394486416358581
11125_3,0.01832434815426365
9607_10,0.9854647797322292
6517_3,0.1564880561740727
10232_1,0.08260793554835294
7708_10,0.9989129013818374
1753_1,0.10318271762087276
10946_7,0.7055850506711181
668_4,0.2648317496454273
3794_4,0.9679081368790534
6867_1,0.764584669010867
9428_7,0.7328810222163681
12366_9,0.9787446115207906
12056_9,0.9706657401923431
901_1,0.00022386990746192708
7714_8,0.9015432206758008
6389_8,0.48350675291394773
4148_7,0.647225116043285
5062_1,0.10160878538726484
6835_1,0.47991447118393715
2901_3,0.41613541630848716
4724_10,0.9982523749079377
764_2,0.5635785863944421
6729_1,0.006573859507021648
8284_4,0.11074316587513328
11928_1,0.123285758279661
386_1,0.00040791520667867847
35_9,0.979926507579292
4458_4,0.4635505132602494
9627_2,0.24121918782206278
8112_9,0.9252014699100879
6026_8,0.2741287168807739
12188_3,0.1211303613993102
3477_3,0.10086055801683884
12242_8,0.7988826137505564
11594_4,0.13616886232474124
11360_10,0.999995957666389
10299_1,0.00016476948439960305
3829_10,0.83087044968973
8324_2,0.014415982203290548
1285_9,0.7441474391716185
11370_10,0.9975460151415947
8051_4,0.24623935444255515
4420_10,0.9987994717225476
3843_7,0.9029254888376103
10520_2,0.15123314709115285
12146_8,0.9307526968095152
1502_10,0.1978122017884183
6227_4,0.0027812667044866883
3191_10,0.930990273370903
4569_2,0.019717251367652934
7647_8,0.2965901298040226
6372_9,0.9884666517643282
2105_2,0.03425586765980175
4180_1,0.045900812223289615
11212_10,0.8324342578231751
1811_9,0.9999440729330701
2868_3,0.016534130190085906
3773_3,0.053868755114716886
8386_1,0.09635692523866758
1072_8,0.9060407462037319
10588_1,0.34955659312604076
8858_1,0.003097781848723769
10831_1,0.04523485131437456
11926_8,0.6513216080818706
11521_10,0.9990763125002047
4037_10,0.9949154692876927
5119_7,0.9500715739302037
11438_9,0.9980856941683137
8275_2,0.06207839476648161
4879_8,0.9198425126197463
4520_10,0.9904477404825733
2510_7,0.890347022700869
510_2,0.14009898297752685
1283_1,0.03839328299113571
3733_8,0.9509655373965842
7708_1,0.014168103213956207
12219_1,0.3395306003905627
11654_4,0.15678155066720428
3229_7,0.7808832292722078
3579_8,0.8191476907213201
1534_4,0.0011157670052324411
7498_10,0.9954322963527525
11392_10,0.7311443777877181
2949_1,0.009816311212662894
407_7,0.8362057653301767
12388_3,0.0879299139706973
7779_3,0.08129099257882712
12409_10,0.8651520830219753
199_8,0.9174355879305411
9330_1,0.020902441992875085
6196_2,0.8298454610698901
1576_2,0.02938560634820174
12123_4,0.0920673412695801
871_1,0.2919258969651336
867_9,0.9989190884300932
12186_1,0.010958942306727717
11357_1,0.0009771523990508245
9327_4,0.05870504110044716
3092_8,0.9427052296918668
6097_1,0.17446218114493445
4170_4,0.3059753466702264
3724_3,0.743950189548092
4219_1,0.6453885708797464
12233_10,0.9843180873475266
12050_9,0.9733044605118583
124_10,0.6188173358919505
9521_9,0.1509233087921872
7991_10,0.9776449957237197
12284_1,0.0011984482530018445
8452_10,0.7129372755978839
986_3,0.042337898021915364
8504_8,0.7136517636581785
9427_7,0.9846291324104103
2359_3,0.5408491880354928
7026_10,0.9972415295020309
8726_8,0.7277518665759695
4971_1,0.035721838408496936
2990_1,0.07224288264262953
5285_2,0.15420397514099887
9953_10,0.8753896783754802
2170_8,0.9217817984350308
10963_8,0.6841529063726185
9176_8,0.9830309941034262
9639_7,0.9802259379623587
1781_1,0.005813127302392667
1293_10,0.9496054311588468
10225_10,0.9240556293454474
3821_1,0.1181547112668342
1206_10,0.9548616024707334
5513_1,0.0007868148354361281
12475_2,0.21246399813540467
11508_9,0.9969010959010838
6358_4,0.18238525264907232
9646_1,0.0005556415157595716
7957_9,0.83294855809059
5183_9,0.8610094207208592
8322_10,0.8596364546171661
4171_1,0.9356925272829225
6498_2,0.32802536781332714
11893_1,0.1705952972016309
8209_10,0.8861845155110847
4866_3,0.1385455798007884
1077_3,0.3532620192121726
10916_7,0.4723266637950295
6027_4,0.5167078595186051
9308_7,0.8887486948567609
7130_1,0.0003736115050195287
3326_4,0.005076848207568548
6680_3,0.5479800400703925
1707_8,0.27913154795420037
5106_1,0.027325762851500734
1408_10,0.960522301275001
6773_8,0.9344950763823381
940_3,0.02454539948323125
10890_10,0.9984002612040572
3678_10,0.9884242620202325
6871_9,0.6245610076759577
10196_8,0.8969183700549614
12369_1,0.06644866343635636
4070_10,0.997079249305291
11755_7,0.9526254889631615
9095_3,0.7392687496042869
10863_1,0.029748505806898508
7109_7,0.9433651376576179
1844_3,0.062725314468211
8228_2,0.3617331543516942
9631_4,0.09370133563356568
3920_4,0.11861607942360645
19_1,0.005070481611640924
3929_2,0.46492388702736626
1506_2,0.02475510842830575
6877_3,0.23134282301790002
12154_7,0.6629639671959259
6572_3,0.31505010108127024
1557_2,0.012358209211203196
11836_7,0.599120250323117
9380_9,0.2489443917274639
11725_4,0.3516361851720224
6317_9,0.9721052852330928
5022_1,0.11037872563278812
132_1,0.0017877914526726881
9303_8,0.4289836165386113
4739_10,0.7800653236570345
11228_10,0.9942151259258212
7913_1,0.3533705738870942
1304_3,0.004426746247209963
2725_10,0.9991735250459081
8484_2,0.034701653826512774
1866_9,0.9906309700672985
12446_9,0.982208912076928
11406_1,0.009808578883182569
7056_4,0.1854778567050091
8615_10,0.9405185512527398
12284_10,0.3393004202677547
3279_9,0.9964907655186681
9243_1,0.968430332185606
11_8,0.6525280776059182
427_10,0.9440057639979481
5446_7,0.8688557585310719
846_7,0.6560237410638651
2545_4,0.5514520155675966
8635_10,0.9867393548949285
4410_8,0.9701369041650999
875_10,0.9956592692321291
392_2,0.013499592684904034
8819_3,0.008113294840186606
12202_1,0.04661029138888735
1370_4,0.9444650536369534
340_2,0.0074583932119250745
179_1,0.386681595199128
11332_8,0.9447693884374258
10396_4,0.8545635196867616
8321_1,0.010527510699353222
6384_3,0.02431321263705237
5951_9,0.931239062243395
8137_1,0.01559501869341751
12009_10,0.8748806746831274
2103_8,0.8640973403079794
11153_2,0.0007188517787731772
4945_10,0.1632905266271091
3193_3,0.006447427948161428
921_9,0.9771840352563805
10446_10,0.8857029438763803
9961_9,0.9963683208654409
11420_4,0.01101973607901588
6954_2,0.0023990276805057305
8430_2,0.6660992303725342
6749_3,0.6379216510268243
5997_7,0.8100125451516484
7611_7,0.3847852811740967
6292_8,0.9510601728907522
11314_1,0.003300597603846404
5143_2,0.10066793341769717
9517_2,0.05515477861248896
8259_2,0.0029428938760925486
5114_8,0.9974447984281622
3574_9,0.8563237226270699
11464_3,0.14264901796304494
11457_10,0.8833792178898635
2496_3,0.06137695894600947
6795_1,0.13251557663042282
1904_2,0.022172140487886224
11524_2,0.0022790535640262732
8223_1,0.2372172452248852
5566_3,0.0032902755566221733
3550_7,0.9335922029507155
6059_10,0.9263262084001878
4580_10,0.3874667255639302
177_1,0.07329154737286928
8790_8,0.9325031900775856
7784_1,0.0054412389439728644
11892_1,0.1026876135667309
6235_10,0.5422459340557727
6493_4,0.027475551937183353
764_8,0.9864149935937663
4052_7,0.33824817939579094
1663_1,0.16130470246206183
10437_1,0.5309059863419785
1009_3,0.6291619115938174
11664_4,0.048103086327769856
8909_10,0.8731787569236457
9200_3,0.942789105103527
7919_9,0.8179704466773026
8603_1,0.04649943637423408
6976_2,0.15080085414014222
4261_1,0.012648607767887456
6636_1,0.007474702693615213
10707_9,0.9986841845795269
1155_7,0.9725229505450402
7050_4,0.3708611627025649
1360_3,0.12943126183737982
8176_7,0.6269755847692127
3301_8,0.7648791055141081
6684_3,0.025640564047319535
2742_3,0.0888953177389193
7159_4,0.5373267971839737
8944_3,0.030215291378220457
2077_4,0.01228775988335264
7145_10,0.9608855046868852
6216_7,0.9376671278191372
8606_9,0.7359158807321711
10608_10,0.6799576225080431
8441_4,0.40183179411913095
1782_8,0.7351759199280603
10939_8,0.33574542169676597
2702_7,0.9957072120554431
9210_1,0.00788303624908994
9075_8,0.9813861356091595
3412_3,0.05135313117659143
2859_8,0.8000529556287327
6326_4,0.03285969032955681
94_2,0.05271680972379203
3691_10,0.9279373036117199
2679_9,0.8828568056252342
1568_4,0.05373427362343359
3540_9,0.9396213393243762
3710_10,0.9331542989310566
5691_1,0.0684075248651868
9699_10,0.9123450914919361
9207_4,0.16604221446155784
286_1,0.08111501173560254
10891_1,9.217651215921543e-05
6177_8,0.9495323375311108
9817_2,0.035197133361572625
8871_9,0.5163181908923723
290_1,0.0002490128537886303
8388_9,0.8551277671466594
9195_7,0.9588165364112945
1164_9,0.9933536154582858
2332_8,0.5644925163192532
5406_7,0.7068631644246448
2476_3,0.6041569567605524
11381_3,0.33248225928973146
6518_10,0.8274943738745568
3474_1,0.38337120396231394
603_8,0.9893592061684264
5448_4,0.011034405316578918
3624_8,0.6283035581755644
11569_1,0.40083478777593373
9353_8,0.9222576664461212
3119_2,0.9250758581184059
382_4,0.19076900656015858
8569_8,0.7391417734074835
2312_10,0.998198760893788
7531_1,0.0006397643514056792
7150_4,0.8085283754463248
5496_8,0.9929270509306227
1979_1,0.16299619141823204
4158_2,0.21633744328798896
4790_7,0.8900413201501188
11971_1,0.012624775973456431
197_10,0.9417018464712543
3453_8,0.9058572982122651
915_4,0.12307030125543413
6991_2,0.47244407793460114
7524_9,0.8712522806477587
7474_4,0.4846292471442152
284_2,0.004710589444730683
12483_7,0.5546271835016181
1141_10,0.8824126865131262
7739_1,0.11717064800173492
6488_3,0.3109297764800271
3117_1,0.3010963175052588
6224_8,0.7813302068741628
9737_4,0.5435640219062019
2399_10,0.9743398507905979
1044_8,0.9814173533588251
1153_8,0.8173403323560997
11664_9,0.9575106859067146
10015_4,0.8316727662812111
7622_1,0.2106957451731058
8743_10,0.9960387557429733
356_3,0.30243771863472474
838_7,0.8253470956623445
4922_10,0.9926709930376144
3623_10,0.9569325584859353
9424_1,0.06319812078848451
8473_4,0.9458444136391303
9996_10,0.9980702131396104
11242_2,0.6694307913895751
11889_10,0.9962667292319642
11131_10,0.9624000612354489
386_10,0.9152599031852597
6534_8,0.9821695289446574
11420_7,0.1565528916128019
3119_9,0.9784291357860182
2708_2,0.1263685333148171
2817_10,0.6016986694641446
9425_7,0.9959148322463629
11019_2,0.5622591890471699
1747_1,0.10722107237105731
4493_9,0.8146943101972373
4728_1,0.11022079117481623
6856_2,0.0028712366897421155
10273_1,0.327541698515051
4822_8,0.6772438594923261
10475_10,0.5412359340594475
2678_3,0.06565975505783575
9979_8,0.920785041889638
8090_1,4.270584663865405e-06
10022_4,0.009984815294227598
5137_1,0.0023866201696333823
6787_10,0.9674001750897188
4027_9,0.9990096713623459
208_10,0.6009375962403405
569_7,0.6650932617216391
761_10,0.8629245089554394
2603_9,0.8982890922752831
11692_9,0.8951945484513295
4374_2,0.19357351730018008
5581_10,0.5015346908586211
10601_1,0.37913938887057086
637_3,0.07186228227018199
10238_2,0.8562690585064224
6717_1,0.00857089107713041
9145_10,0.7970295653765731
1047_4,0.9514169337760828
6173_1,0.00031529895825186093
985_10,0.9655870771864085
4964_1,0.018227354236117876
7104_1,0.004500557184049777
6293_3,0.9761094940709739
9060_3,0.026925165798274017
1894_4,0.757082022302864
4650_10,0.9736459243451329
12475_8,0.8494872071366982
7563_9,0.9999960906964418
10996_9,0.9911858067903537
8315_4,0.03379158390783134
710_3,0.05940091661294987
3856_7,0.9135862138977688
10613_8,0.7608563816232939
12141_9,0.9288276510663145
4666_1,0.00016104257394068444
292_3,0.011567269289677279
3316_7,0.8678993297845196
10482_4,0.05849836554547938
9703_1,0.4592524249965859
6905_9,0.9847339535177394
9138_10,0.9205866387057908
10417_2,0.027975005615003035
7977_1,0.006655698756842578
9350_8,0.9406075610669025
4514_10,0.9985355621293384
3964_4,0.7238902482342378
6014_4,0.4756373929447248
10198_2,0.4214549849513992
9059_1,0.06450668495139002
11254_10,0.7484277710955314
2032_7,0.1928831061880681
6895_7,0.20796632768180973
6921_2,0.4401034175921412
9174_8,0.9930696932520606
367_8,0.6310185153895065
11410_7,0.16002883225388734
9387_7,0.3488409201517504
2227_10,0.9688471866254725
334_2,0.02615961963553156
334_9,0.7549019856814173
10893_8,0.9960879193050748
9414_10,0.9532620628400992
9725_1,0.015308764678117372
10779_9,0.7351588747519245
8654_8,0.7334073198430007
9032_7,0.9926642132127885
9775_4,0.2843248015040642
7687_1,0.011517087091842298
12206_4,0.3846177558480245
7720_8,0.8239660822184838
6774_9,0.8714242516038756
12469_1,0.03443964107865454
7249_2,0.028666447474051285
5146_3,0.6539710646071639
8629_7,0.33047787236660386
5292_3,0.9946929942368955
8937_7,0.9930303214507112
9221_4,0.3607647162976827
3203_8,0.9348226866314744
6964_2,0.04912604058437897
6120_8,0.834655078023707
6962_9,0.7588664558092362
4139_1,0.003991204983697618
3957_4,0.12902088436276923
9305_3,0.12843452893285842
6863_1,0.05697372929211732
2164_4,0.7532822574348538
12378_7,0.009512613632771685
10834_10,0.9994423597403239
633_10,0.7640962201020035
10071_8,0.895348541031445
8167_1,0.013558791605051032
4232_9,0.960179819476717
6710_8,0.45454900537696613
6055_1,0.043506103049313426
8169_8,0.9623305957184478
10291_9,0.900672130556184
8149_10,0.8902717509220774
2499_10,0.9415371557792755
4370_2,0.03750583429304883
4031_1,0.00011189413975544315
11372_3,0.4318668662648423
9619_1,0.3228923779991832
8822_4,0.16738106259851862
7096_10,0.9695620922803906
7009_10,0.907750311702644
2442_10,0.9834535652013517
442_10,0.9788661567710251
4783_1,0.014047814391432734
11837_9,0.890066440415636
5214_8,0.8785571526056684
134_8,0.9517789708842401
10948_1,0.0001929487485232527
3011_7,0.9973041852302611
4339_4,0.2379483496650778
9638_3,0.8548604396384921
7186_7,0.8765599012434674
7702_2,0.06057042391407748
6586_8,0.9239023372854264
2420_8,0.9586887452671792
1911_8,0.2778130464139342
4707_4,0.4073731859526425
3954_10,0.52720251790072
12071_3,0.9081282799947252
10010_9,0.9874044218848708
8844_2,0.2849662892026801
12312_1,0.08128746971020351
4874_1,0.0851921308547266
7270_7,0.6367170043723335
3497_1,0.021707420182731318
9928_3,0.4080129196811467
11109_1,0.017059512581793963
9016_8,0.06618893678963002
1125_10,0.9774265549882629
9695_8,0.9321869618784071
5756_9,0.05909901676374442
11452_2,0.2085544520536587
8488_4,0.0037844103467189164
9825_2,0.09774520850361078
7054_7,0.8957480926557543
4359_10,0.8894350901388728
11411_8,0.8588192598437752
9618_8,0.8710114422975277
12226_4,0.964813534645156
7752_10,0.9515764038729431
9274_3,0.6042196379551005
12069_10,0.9476796073184365
4591_2,0.21394347434758113
6065_8,0.872104134125731
2344_10,0.25405968843498733
10299_10,0.9827865501055764
8934_9,0.9560271550835318
5041_8,0.939486085477943
3885_7,0.35468595956303606
3994_8,0.9396091079535138
11907_9,0.99780139647
10181_10,0.742990659243658
2714_9,0.6840018814937937
1571_8,0.8489494184518216
6621_4,0.0017213229202812288
1062_2,0.2758928851521316
379_10,0.9723525588033674
62_8,0.8844180959660014
1926_8,0.9330553102190994
3428_7,0.5205418940985062
2175_8,0.919064375870385
2006_10,0.9944987119091453
8633_7,0.424801580200953
12158_2,0.001904903630750096
11572_8,0.9927134082017492
8859_10,0.9466153377323572
10919_2,0.01028393837561162
4131_3,0.16083969678308763
6893_1,0.3088572284908494
9217_1,0.0001524331436144356
1893_2,0.2991722444621827
1719_2,0.0018455732377723791
5107_4,0.21273407923685791
2284_3,0.06500360851452205
1430_10,0.9363345090236829
5207_10,0.5572998679574741
2800_8,0.9383118066834476
7550_1,0.5575689856066373
9035_9,0.5914510043715554
11548_10,0.9997289464011376
6037_4,0.061938696615029945
518_4,0.10759341340335782
12237_2,0.2563349003818455
10266_7,0.9394870474660751
12032_1,0.00016166194599096233
2494_4,0.0035796148530458658
8062_3,0.34824825448110536
4665_1,0.0018966540616575168
6082_8,0.9515106932863117
7225_4,0.0014673664461875987
9080_1,0.24612389785328057
9606_4,0.2083596968511993
494_2,0.029338373765088445
6274_10,0.9584617805852751
4170_9,0.8952740989238334
9218_10,0.725801747031551
10377_8,0.49519425187390304
10597_10,0.9354023891070946
958_4,0.11759863704669876
9958_4,0.3211900624692946
129_9,0.9820462268114858
2804_9,0.9805348864236021
8935_1,0.07438206233563435
12229_3,0.07994811933260892
5048_4,0.04878995593595047
6509_4,0.07050397928067818
1812_8,0.8275035777643449
5695_1,0.06274871013326445
2021_10,0.9085806599503353
9892_2,0.18060937914908143
9239_10,0.9137642603190697
5398_2,0.196453645141215
4458_7,0.8439696635829935
11730_8,0.9216308593905287
9853_1,0.0007455280092801401
2258_10,0.9951970843257363
9345_10,0.9822591332699524
64_3,0.5112492699924122
10423_9,0.9639584705648269
2220_9,0.7665358236930424
192_10,0.9865063617485889
12143_9,0.6908833861660595
2113_7,0.9947066742501245
5294_10,0.9956959010126409
7025_9,0.9938211303611045
6300_3,0.47728071720809434
8043_2,0.029034085299432688
6628_1,0.12959752947881362
12138_3,0.26311822070298974
1333_7,0.11432880752976658
10515_3,0.003839116997449492
11949_9,0.9640698948048935
2854_1,0.00454618237145403
142_8,0.8977792857067538
3706_1,0.000463069855893955
6149_10,0.45163375909999287
8429_3,0.5695167566690903
6151_10,0.9999683173523151
4861_8,0.7597088037675159
8764_9,0.3305205543120944
540_1,0.03543999179714922
10693_1,0.14395684649206816
2346_4,0.052268193905817974
1532_4,0.8302676663923977
1099_2,0.10422832694124753
3818_10,0.9143202128469983
2617_10,0.7984227955323966
1709_1,0.026620207660250247
4649_10,0.925892580919692
4085_10,0.8357479352719455
4478_9,0.9716441316608767
1032_10,0.8506268132651956
3642_7,0.44534909314555254
5656_8,0.7840176573842143
11916_3,0.16832063071529615
6672_10,0.8633301369660006
4225_7,0.7221054710660021
996_3,0.028481230177470566
7421_10,0.9897051535607396
9431_7,0.5214201348248529
11121_9,0.9873583182535386
5054_8,0.9450804273767295
9187_8,0.4086766977575594
9096_7,0.660478034782344
10318_8,0.779204406414175
5348_2,0.47482829888629946
6666_8,0.7798600050189664
6648_9,0.1063991078960598
1405_10,0.807638686657202
8981_4,0.9239392834617055
10248_9,0.9522333591306787
4101_8,0.9842359242049586
3076_4,0.16915757533065728
1598_1,0.02542008159806147
8430_10,0.4124441182579744
9999_1,0.2711153910726717
805_1,0.0012493929304178782
7821_7,0.9830398637830666
10849_10,0.7384328323272914
8400_7,0.12703367935541518
4807_4,0.12588708160840145
8353_4,0.1585421586729399
10445_10,0.5308917545785662
7058_2,0.003547119921403191
9715_2,0.21087760973169165
10934_3,0.006940620855016837
8215_10,0.5457717561492096
7268_10,0.6677587274158996
5521_8,0.6430704349769565
8565_1,0.037320575063085316
8197_3,0.0010504208028311848
12004_9,0.9531873048292636
10257_3,0.06973679948723972
6260_2,0.016891697960551785
10481_9,0.9910893140923438
7598_2,0.017584551873065665
8106_10,0.26514075399336856
8049_3,0.22096455271891685
7124_2,0.4172057601774247
3858_1,0.015883369756347486
1445_9,0.5777710353214778
6346_1,0.005342887437552631
678_7,0.5928794971868426
10247_1,0.06590803769620053
1287_8,0.3508794594705762
11873_1,0.0173374828827208
7198_1,0.007959754616175896
3237_7,0.2625505321953363
2029_8,0.7624865619310246
26_10,0.998615985605171
9153_1,0.0851891640469147
12004_2,0.6804701918640894
4105_10,0.9826927022356113
1168_10,0.9547316233254258
5312_4,0.1908379850167215
2907_1,0.01982075002734565
7247_9,0.8805855572913557
107_10,0.8334451390816285
412_2,0.5156041331217945
2078_4,0.1667297681134863
7997_9,0.5825270436514554
12397_10,0.7937391845575648
10052_7,0.9663731979842851
6559_7,0.6480974413231528
12143_4,0.34732939942998875
3496_7,0.5515890410767376
3569_10,0.9244132711095395
9270_10,0.356647801398932
2811_3,0.8653436887419598
9673_7,0.5153673921144947
325_1,0.18773000447518443
11741_3,0.04712082563755062
10562_7,0.7735846673280014
5687_9,0.3938541141956456
4601_4,0.06308883037069518
5698_8,0.5129828129386796
11257_4,0.23080313709292685
4391_1,0.06846744202140377
4703_10,0.9977476742060445
12191_3,0.012130606198002504
113_8,0.5958837471635934
9831_1,0.17632267392180032
7388_7,0.9990316643609528
1661_10,0.643721948170503
3703_2,0.008544095019466947
6077_2,0.3692299963423262
935_4,0.1387612962247988
7617_7,0.9991721768423677
7387_3,0.6825208038870536
7889_7,0.4543903828901985
803_3,0.07635998775055863
9557_9,0.9940135041724607
4299_10,0.9133134957519875
6785_3,0.07346764620379236
5185_7,0.9525377016886847
9590_1,0.6790308013860562
10811_9,0.9985549977514226
34_1,0.01897413678805619
12221_2,0.004731880303712217
6436_10,0.9884144520411484
8299_2,0.10451087499744423
7242_9,0.9782444951971948
3247_10,0.2702868828113727
8466_3,0.026953743326823335
5784_9,0.7612778584974912
794_7,0.9932653043569272
4986_3,0.006913862533227393
7786_7,0.9295590458739714
9324_10,0.8405354345509214
2095_9,0.9574703946401372
10798_1,0.00015373113026990792
4193_1,0.09739756707054929
12063_10,0.9669205182669173
3976_7,0.5373466940873597
8657_1,0.002973036928201389
2850_4,0.09771588899178146
4522_7,0.9151721593911715
6028_1,0.0936028736267035
6000_4,0.06068545271209753
8712_1,0.15405665959279952
3969_8,0.3115943255763688
4245_4,0.2451808674046967
3873_7,0.0667013803591826
68_9,0.9999444083400371
890_9,0.7317144965651581
5922_1,0.005536797457947382
2582_2,9.377554346033968e-05
5704_4,0.10300592093491853
9307_8,0.9584338609315272
4114_8,0.9527489731541778
5540_7,0.8279607507875009
157_10,0.9766108261849581
748_1,0.0952686044376563
7045_1,0.0016629205371467507
9526_3,0.23552534967254735
6519_2,0.13072529120937537
11254_4,0.3476612228274495
9498_1,0.0009157360990611106
7192_8,0.9482984781499131
2388_1,0.12501418851306298
12002_8,0.9564763357407852
8394_1,0.034118275376444615
10656_8,0.9095385644022522
7261_9,0.9994500133625633
10434_8,0.9897959700903426
139_9,0.44886794756352155
4538_1,0.0012006067478407805
4038_2,0.0004690905876809582
12228_4,0.1044547799225471
3619_8,0.9836823100176398
10411_3,0.024926908434861984
7278_1,0.0174139138494749
2304_3,0.0661453081007206
5636_3,0.30523607799471
8833_9,0.8564073516322859
504_1,0.030309005830299766
12313_1,0.003498652832643469
11161_1,0.022273095833491702
72_4,0.32132665165849933
4976_1,0.0758134206583886
10018_8,0.39602045322069834
12142_8,0.8120842285384
4821_8,0.7122269258546068
9058_2,0.105172637249503
6347_1,0.018078609085059868
3346_8,0.6822783655892696
1481_10,0.8634069386696476
10178_1,0.013110409730639799
2851_8,0.9006710536542688
12095_3,0.000543624642509765
11978_3,0.49365247428841036
7172_9,0.9967779699161372
8450_1,0.000615541362207249
7464_1,0.8459724288069641
12327_1,0.401726239859933
5622_4,0.23294237901108855
9170_3,0.3110219831552039
10955_10,0.7011730632747483
6161_2,0.41583428622235674
11222_10,0.9809696570121976
3844_7,0.9761849441495295
11443_3,0.1885355805989127
4004_7,0.7333046912051518
11015_10,0.9963896130246034
3860_1,0.4703635169183291
11600_2,0.3572406312547446
6849_8,0.5729356501423419
1966_1,0.01079839799790318
4828_8,0.331592202157201
675_8,0.8103267411470255
9068_7,0.343331080643021
5924_8,0.9566634056319026
10733_10,0.8998518483807832
8369_7,0.9904730366648481
5213_4,0.19378961464899402
2558_4,0.11743001716029806
47_10,0.9949210601913798
2601_10,0.020781077948107435
7360_9,0.9303622523625383
1289_1,0.07435998039474757
9875_4,0.1408274824772194
2449_1,0.014100005021749865
10020_8,0.973142342202438
6761_3,0.48637383340311907
7544_10,0.800443006347106
4380_3,0.10067420518474801
3946_10,0.7748548547229799
6968_10,0.5855454489610842
3006_2,0.3645508506626545
11942_1,0.001916114053645699
2715_9,0.9810932240297195
6065_4,0.9181670670362576
6866_1,0.20585492423879304
6620_10,0.9956304322006019
3177_1,0.07831255709737145
4051_10,0.4049865542126212
880_3,0.015267782731200396
6504_1,0.037141234382528726
12193_3,0.01045609829332531
8570_3,0.012861121184014761
8025_1,0.0002634384790763559
12316_1,0.02241419765475653
10842_10,0.9971252290947079
2066_10,0.9756615164892393
4416_10,0.4878817919126333
5327_1,0.014943643312849647
3500_1,0.18152640641061937
4072_7,0.9896763674577959
5833_7,0.872589581134196
2989_8,0.6627234416279104
1905_8,0.4060393830939839
5421_1,0.00043809533498260134
1479_8,0.3707467489464828
5092_1,0.004597325993909674
4840_1,0.3219367174056224
54_10,0.9689425439062466
9203_9,0.3375675393668153
3949_2,0.00562004460820861
3615_1,0.0004263750382173096
8748_10,0.9654293650080816
108_2,0.13235711618366658
2280_4,0.860867107978743
6454_3,0.3593840775720189
4071_1,0.0029519345136052597
2022_9,0.9851737737280355
2600_1,0.0007177178630157911
2482_10,0.9297601183884957
7347_9,0.9983951204801316
7190_4,0.6964384343296228
7174_7,0.9300533947748459
5823_3,0.07109460602888762
8051_10,0.8419847740657129
7503_2,0.03208898662402968
2341_1,0.034812850796827936
516_9,0.6136727912456884
8309_4,0.03719305495830309
10789_4,0.8662088020500063
11286_1,0.2163222914015783
4770_1,0.04299193098441853
7262_4,0.3233879563606714
11636_9,0.48619088628959745
2340_1,0.020568353879891043
3407_3,0.00028939075764126867
2922_9,0.8728747314276859
9708_2,0.056680613748250806
2362_3,0.11328178135396988
3729_8,0.8603757325454965
2265_9,0.9784745778533102
1439_1,0.002958166678389615
8020_2,0.09912579575869407
5581_2,0.44212708655479177
6503_1,0.34928369620965344
10101_9,0.8852996186919568
7853_8,0.8987624186033536
6229_1,0.0008417081439957593
1351_7,0.9901305336037415
2764_10,0.9396884212805505
4617_10,0.4899080312580679
1265_2,0.22152019010888713
11424_4,0.5577532806212305
219_8,0.689685796301347
2241_10,0.9525374975083051
8400_2,0.2071693466355578
4399_1,0.014318403736771667
9110_4,0.07080785843352602
294_1,0.2691041215683232
4646_4,0.14404427228600555
8267_3,0.5143282254240459
8829_4,0.6623916030275817
3174_7,0.9625223909450553
6557_4,0.05100841542820986
8286_4,0.39772019176566986
2611_8,0.7039013313592174
3422_4,0.30810138380002317
4632_4,0.6848081987343708
6448_4,0.06457836643417218
11485_3,0.4336445259921785
8526_7,0.6597648226806194
10172_9,0.9100019015151017
5043_2,0.04793792393049222
7865_1,0.11549488020594897
6343_8,0.8999057168304815
9225_9,0.9988353843926957
2764_4,0.16873612759705142
8446_10,0.09795827094421777
3329_9,0.9656831905009498
9142_8,0.8884969406878764
9567_1,0.009001573950391663
7933_8,0.9911239507079819
5655_10,0.3291584856304131
12076_10,0.993086738293701
6455_7,0.9357246904979251
7202_10,0.6660021673993914
7747_10,0.9878795858535429
9072_10,0.41296658106035844
11374_10,0.9301742989813301
3032_9,0.872426118164495
3065_10,0.9019917311538801
1216_10,0.6746907665432083
732_8,0.786907603863891
7586_4,0.04858850101460727
12012_10,0.8749018635970595
5280_4,0.08685070077446151
2687_4,0.35048772905616526
7659_3,0.014275198549432763
2813_4,0.39317684337491804
6992_9,0.5298377453632365
5468_10,0.984808438408089
10035_1,0.01211231709734906
10283_10,0.09691606780919984
5439_8,0.6068162263474307
8930_2,0.04019821228373306
8681_7,0.43075411091688204
8521_1,6.037696399156692e-06
4213_1,0.6428286776224105
9751_1,0.00019132849218155842
935_10,0.9906549584641579
5082_1,0.014591219550161544
1802_1,0.004587254976699012
11455_10,0.9424567055299778
1794_9,0.9762459437992106
3708_10,0.98475211231449
6174_8,0.8311688882840849
2210_8,0.6092261759541743
6259_7,0.751776893619381
12471_8,0.9671895526926461
3260_10,0.985944955533892
4717_1,0.0008959244042904758
8673_2,0.05582994832516115
6362_3,0.07399482120849585
7986_1,0.05391232356563162
10555_3,0.25616173014678156
10468_2,0.13500772350396273
5354_10,0.8038618101259107
5760_2,0.09890135386933178
1380_2,0.25434030630732346
12054_9,0.9896681881421596
3794_10,0.27598254083068063
7842_1,0.22053972299760333
2236_7,0.9851949393346414
8449_1,8.723462889040701e-05
9993_2,0.07460559827823246
6947_1,0.003589138731003636
11369_10,0.8323710765875243
8186_4,0.1366395260010614
7017_2,0.9239511033789409
725_8,0.6800672621730579
9298_8,0.8097910167575437
1695_7,0.9912452613401681
7762_1,0.055615954784664294
3466_10,0.9223441837616208
1794_4,0.09145980438403814
3804_10,0.5196614823703408
7642_3,0.19331897323598368
9538_10,0.10931222209058522
10107_2,0.002978482387463754
4755_8,0.9179949077478415
9679_1,0.0009456331689223383
11300_1,0.008080533995625206
8747_3,0.659478137226062
4145_1,0.030199855003079437
8066_7,0.917737487812892
6306_10,0.9241743441127579
6021_10,0.993579360547009
4860_10,0.9100182127510017
4608_2,0.1103885974474153
2380_1,0.052940652042963575
9709_8,0.757222539823199
8057_4,0.47404598042691365
8624_1,0.002294501774161364
6117_10,0.9997198893882119
3641_9,0.7629534294156437
8710_3,0.4870943831222049
9158_10,0.9516149732658192
1129_2,0.16752000574244896
8320_4,0.2254336797162098
10219_4,0.21107505820093114
6625_1,0.12267421595084234
1988_1,0.11128231442205536
5032_1,0.027138723987194437
1042_7,0.7334364289951281
1895_4,0.03449351639112496
10057_1,0.2564939626565062
9898_10,0.9999020724681551
3809_2,0.017865780133231875
7994_2,0.04019571472379068
2751_4,0.5451223242534916
3102_1,0.44072449388060636
12393_7,0.6596174943626308
4521_7,0.5968551569146646
11169_8,0.9997765322499649
7227_4,0.9759772408411717
4956_9,0.025193564358199232
7592_9,0.816261419515859
656_7,0.9190627127591633
11534_3,0.08111038114467116
774_8,0.9984545118855078
7756_1,0.03315678964414978
2720_8,0.9866619566720921
11227_10,0.9216050591267532
10462_3,0.3239494565984547
4041_10,0.7074156252963176
7327_1,9.670833743823611e-05
4056_8,0.994961876820975
11684_10,0.9678489749181225
5544_8,0.9769550326229129
3799_8,0.8746625585616384
3593_10,0.9862575851166735
4602_4,0.730761712431443
2123_2,0.003493630830021707
9773_10,0.997436238026627
10956_4,0.026539642926518458
5139_3,0.29930673263815444
8804_10,0.9987106755611584
1784_2,0.050501908099185804
11022_1,0.05116600105535226
9366_1,3.409900126650462e-05
12113_7,0.5871556695219317
2375_7,0.7109403812793608
3911_10,0.9978928133757401
10834_2,0.00013205046729196523
9319_1,0.0094195759859294
3923_3,0.17575675895177717
4630_10,0.975484215366194
2625_10,0.9673075307483169
10159_7,0.9801878829620981
2339_1,0.1585213029202888
8577_3,0.13064807006657245
4062_7,0.9961244636794733
6677_2,0.021682918621305246
7818_8,0.8764459666341134
4939_2,0.3563550553098771
6937_4,0.17043435433875725
1286_1,0.014751724280188993
878_2,0.21399782087713248
2357_7,0.9706335833114426
3397_3,0.9138912124690601
11214_10,0.9814489492855536
8045_1,0.008073043302898642
2943_1,0.032173048389060446
1518_10,0.513335001469446
2792_9,0.983842470307887
6437_7,0.9586509499266971
8734_7,0.9115491830709128
6165_2,0.03072912117164783
11956_2,0.04024197360792284
7021_1,0.8489478400443736
3369_1,0.9235010840101671
5829_2,0.020054258069233482
11742_9,0.9967163698242545
11370_1,0.015063861738906963
1502_1,0.040188363957754526
9933_1,0.2610071412974461
4619_10,0.9887789293545692
6842_1,0.8256350568473785
2770_10,0.5227823942555294
2343_4,0.021736393068995764
3071_8,0.8609461365013226
3046_8,0.912882341002206
8354_4,0.1058320586070609
5632_10,0.9013136588758757
3901_4,0.5521999415296
6950_10,0.9889893241398804
2431_9,0.8949914305281882
10614_9,0.9991759691815405
41_4,0.12607761313447463
5039_3,0.12158507258932245
2827_1,0.04769855241209622
2860_8,0.16577328075546302
6868_9,0.9894898502621475
4597_3,0.23302604314473233
8795_10,0.9537329744893988
11941_7,0.4966694537999083
12442_1,0.06355275437500392
9736_7,0.9496420965874363
1102_9,0.8752826612078278
4291_7,0.9682232010930029
4523_1,0.007934964412970692
5349_1,0.4993943902242448
3363_7,0.9608899648239408
11393_3,0.30417384574104106
1647_1,0.4581770796832627
6143_4,0.45971444545364953
1863_1,0.007019515308209503
10099_9,0.5760728317685104
4163_8,0.8950303717561913
9357_8,0.9818857503185727
10941_10,0.6720930069185618
6883_10,0.9368740094727745
11090_4,0.845742203145434
3480_1,0.00364863122252876
10795_1,0.3171485955671512
5865_1,0.0006910215435468959
2484_8,0.5946729866566494
3023_4,0.028736348096076218
2818_2,0.0030775768345432954
719_7,0.8684919679865478
5297_4,0.2644083912356755
12194_10,0.9723616777114297
2929_8,0.6761180074652678
7911_2,0.001549878647313434
10619_9,0.7956595329846122
5192_9,0.8796417062900562
2170_1,0.8516325160860119
4659_10,0.1650024044534832
8536_7,0.9885129227224873
11119_1,0.05371668499540714
7887_3,0.6896665485370387
11742_1,0.41759730678042395
5867_7,0.6307021785626089
7538_7,0.6532512731180292
1834_9,0.8692028682847419
6499_8,0.002761584071494006
2073_10,0.8023679563413344
3881_10,0.9889431484660449
802_7,0.5453351324848283
1733_1,0.008813145818734953
11527_1,0.047635204309702174
4316_2,0.0020901919660715126
9812_1,0.18952800687735658
8911_10,0.6989369352292616
7687_10,0.9979395529003511
4240_10,0.980890952636092
1778_1,0.0005643745407133686
11822_1,0.030712987478568782
7820_1,5.532781606802699e-05
235_4,0.04743989521966487
8373_7,0.8818006173130484
92_1,0.0009242047015049815
716_10,0.47295700683863345
4028_7,0.9564341724645568
5533_7,0.9464943816710917
2605_9,0.9927109379970733
6665_1,0.012053699127370606
178_10,0.9993042596020946
9886_2,0.18544041675154374
11779_10,0.24003252830889307
5124_4,0.21461956062245924
1956_2,0.5792571527250456
2933_1,0.4302497926789349
8737_1,0.07265373636839484
8755_9,0.9852487622934659
5032_8,0.996671034021817
9246_10,0.9945915161175021
9610_1,0.07229278480002417
7011_2,0.11368334732444181
1602_1,0.11005188390159253
3367_1,2.4961799021716437e-07
2756_8,0.9000594441331076
12042_9,0.9955595234370175
2641_3,0.007634593756284742
9202_10,0.9974860015667913
1953_2,0.366094439552783
5303_1,0.0015940770655375849
975_7,0.9479319150346157
2447_4,0.08082012342772665
294_8,0.705395575415479
11643_7,0.765600004428132
8743_1,0.0035150910280753746
2661_4,0.6558693708640927
8638_10,0.7320762116382495
4793_10,0.8452981039757703
7461_8,0.5386596982067745
830_4,0.04045557511059609
5770_7,0.3950515965987447
1989_1,0.06692614851712426
5514_3,0.00010811833701718617
5842_3,0.003267915828426008
11813_1,0.10136729881978947
7811_10,0.57774769952513
7707_4,0.09660540160550593
1205_10,0.9951275334936485
10326_10,0.7012035840820435
4881_9,0.6645584134413346
8244_10,0.9981917217744491
7647_1,0.08597830739145702
4376_10,0.9439466698449754
6744_2,0.36494164298751286
6769_7,0.968318559899701
494_10,0.9161645636890613
6188_4,0.02197382680432977
5859_1,0.026266165735557765
6801_3,0.35284415924021095
10990_8,0.9966252671555313
6057_8,0.6375234275431672
3017_1,0.45809752413469323
7617_1,0.20434282558798322
8340_7,0.9344330520060179
746_7,0.14467915282814223
9290_10,0.18665895752601971
1525_10,0.2656738709725046
11044_7,0.9556680958818273
9367_10,0.8349961891463857
5705_10,0.9143162324720833
11375_10,0.819656427918879
11320_1,0.2522306546209411
754_9,0.3178689079863528
7040_10,0.9782512261675151
10740_4,0.0555300170473582
8839_10,0.851795366963544
11614_4,0.05235629706955392
10867_9,0.9854500962559257
12406_10,0.4776282468595793
12081_10,0.9902410221762188
8763_10,0.8481762377365444
4103_1,0.0184923702020622
5600_1,0.0390438854664736
5345_2,2.3477993734460577e-06
10679_8,0.808320659690575
11709_1,0.15203916434186374
6872_4,0.006921147933447094
9096_3,0.9554761629545142
3417_9,0.8713714388704277
5154_3,0.8114402108330999
6071_10,0.956674948490008
5685_9,0.8102680503768948
7937_10,0.9981160738937208
3628_1,0.00016683773583709045
7374_2,0.055005228385065566
1862_8,0.44278993171135506
6602_1,0.010624699074465505
1401_10,0.8356542959847167
12157_3,0.545080983039608
5636_8,0.8777451335401311
2049_10,0.9397200931718231
9402_8,0.7621729590997075
12455_10,0.9942019015143012
11062_2,0.0010252005346701443
9163_10,0.7909132042206108
2879_7,0.7887286664077572
2840_9,0.5074761053120094
9893_8,0.9487663698174232
11857_1,0.09093459004346599
7776_10,0.9958965072496769
10365_7,0.8796769825922506
6186_7,0.9714313874434148
7071_1,0.0058967556079508815
5132_1,0.0014880121438561914
8971_4,0.9205532730501166
3415_1,0.07235798346751679
3622_1,0.0018938384721777588
7446_10,0.6241816121681368
4644_9,0.5124638612186031
3923_10,0.6649872143220528
3503_8,0.873167108101753
8685_7,0.8098346769106239
1683_2,0.027216173343583498
3417_4,0.9027826470787392
10443_3,0.1784829006326085
4620_3,0.9678699904106504
5658_1,0.11338361730411207
4185_1,0.01751070213099448
3727_10,0.9907618868029998
5334_1,0.004774765070147852
7113_7,0.08677040028925959
8713_1,0.002739419092878783
2865_7,0.5594878234804801
2956_4,0.22174121686503864
2455_8,0.9863340769551878
97_7,0.83287376291634
6789_10,0.9972621059006205
8639_8,0.8663841497122066
1563_8,0.986324061502966
3169_9,0.9261434287349453
7627_10,0.7902646329188252
1649_10,0.9796050868621514
2287_10,0.9984064402717574
9479_1,0.018838426943483696
7705_1,0.052960367961869335
10803_2,0.08079092857188487
6076_9,0.9825204830862868
4263_3,0.19332216729411605
4726_10,0.9478152857792831
11738_9,0.9866758859589405
9250_9,0.9971361107031902
2638_1,0.007849252460230691
11357_7,0.06282882651718508
12135_3,0.06832486452622126
7296_10,0.6366281096767307
10674_7,0.8881026416883524
7674_9,0.9874138836813091
5575_1,0.0005103514787854958
8120_7,0.9997159773396653
1617_1,0.030033182432279537
7090_3,0.088159744896855
3793_4,0.5187335816560482
2658_10,0.718493778087369
9942_3,0.7195511635157716
9520_9,0.7775133979932931
10638_1,0.03544780839374306
9066_10,0.9935185041522324
3408_4,0.0024982946001024828
7526_1,0.23628459160629486
10821_3,0.11159553733316498
5887_10,0.9789213834703331
12470_3,0.09424339469970716
4033_8,0.9002434096849674
1949_10,0.9745488599119784
9859_4,0.7328763999993029
11183_9,0.9980824332188507
8533_4,0.12839302445738304
10236_10,0.27583824055675027
6111_3,0.6988999262324915
5475_8,0.9909256459576488
3342_3,0.049003026346785494
8335_1,0.7038112642425728
4812_9,0.9705349337889113
2306_4,0.04645909795115852
4596_7,0.15529672792883398
10431_2,0.004156308629467767
5077_9,0.8869964956227354
1301_9,0.741307564990495
8979_9,0.7794856215217665
4226_9,0.9999805265004306
5544_3,0.015059683629027017
7954_2,0.017435828121918958
3935_4,0.8915036636318647
7076_4,0.09583287593519717
10208_10,0.9978700064564344
3737_3,0.04260689685168496
1689_8,0.7765788310818749
6585_9,0.9051583604846841
6096_3,0.381884108341467
11052_4,0.799065626937107
7783_10,0.955991412015306
5157_10,0.6942430912078427
5465_10,0.7159780901722359
11361_10,0.9501613371822659
7560_3,0.7238087582739928
9781_4,0.013767363237727833
11681_10,0.9388969153326917
6127_7,0.5523543108334098
1799_9,0.7776026644881965
10849_2,0.0135289900480407
4274_7,0.9565362454712906
15_10,0.8600042073381342
11338_1,0.004061201441623554
5750_2,0.24140363031105147
9335_8,0.90697004085786
8359_7,0.3618302209771062
9527_7,0.9879849103565218
1336_1,0.09453098933731555
9893_3,0.4702128102808649
11229_9,0.9893103043363118
5948_9,0.9110746765618877
9733_4,0.06973609305897419
6377_8,0.935926902023127
1427_10,0.9824467093834179
9023_3,0.004321790150196092
2151_2,0.005161986550073261
1744_1,0.05690450302705879
6367_10,0.9889848543056349
9143_8,0.7859103547823666
6176_8,0.9891579438385789
11388_10,0.9374700666285796
1493_10,0.8605039678249672
6615_1,0.0006723759229718837
4654_2,0.047788037605013434
599_9,0.9772896269888024
7256_10,0.9964446140985668
11993_1,0.7171134136817938
992_7,0.992503741573546
8871_2,0.003102295962901688
11483_1,0.010097261071986201
3322_1,0.09937385652878862
9827_4,0.34609295467521195
8063_3,0.07628170060292395
7397_3,0.22021110846735545
3040_4,0.055738557379983546
11682_2,0.03991787427725658
8738_10,0.9408029291363
9905_4,0.047340056531271914
6437_1,0.6546419353829174
4319_9,0.9548788307051748
5353_4,0.20602103039476302
12207_9,0.6570423141916876
6166_7,0.9846927225010951
12243_4,0.3186038204653533
1219_1,0.0021085661401413925
10292_10,0.9762053954265894
10132_10,0.905715660270446
6898_10,0.6423908444643645
8469_8,0.44724089890873353
10393_1,0.1739951336603493
7509_1,0.045430118855553765
9468_9,0.9692751092919067
9002_1,0.007553700443073011
891_9,0.4789646628721086
5156_4,0.6293741083999844
2321_1,0.011841535463346242
11859_8,0.3026404287688145
12262_7,0.8615491600213848
6198_4,0.8048426453982391
5699_1,0.14721516719458905
4252_10,0.369672289305715
10618_10,0.8117789788706569
3226_10,0.9993886916678583
7227_7,0.9694385858036637
11047_7,0.9398755124943315
9569_7,0.7676962554027916
8933_4,0.7244100821612593
4513_8,0.5029498679932451
1271_9,0.7772864445805414
6327_2,0.06610169965358818
10012_9,0.5636610786088241
10090_3,0.34358476054324927
8564_1,0.003195825557869292
10905_8,0.9994719291534873
6828_2,0.08190798710568054
1730_1,0.014189568068835711
3404_3,0.4096306522187274
12428_1,0.01236157372874263
5180_1,0.2006461411296388
10554_9,0.9261377206691425
527_2,0.806068010418445
10296_8,0.9912991971068571
543_4,0.1875593756465539
10235_3,0.330566297465659
3743_4,0.4056357358572832
8792_3,0.07070098110593194
3597_1,0.15571985314621353
12320_1,0.1675188962559422
11672_8,0.9942147729910147
7237_4,0.21833958604839848
3726_7,0.16560077249985253
6643_2,0.04478088847222216
2743_10,0.93199916978821
10184_9,0.9918304192634836
1929_1,0.1575213959160971
666_7,0.46609410878049523
4548_4,0.08376790398096765
4153_4,0.24985558627570148
7356_4,0.3962509107672099
8843_10,0.9925358813686411
7552_8,0.9961329665545521
6494_8,0.9492912915680609
3547_7,0.47734435942134906
810_1,0.21330926222262328
7672_9,0.8899384447507379
4945_3,0.024687516854927906
12427_8,0.9665253350817448
749_7,0.9678858703976482
10706_10,0.9334935827046863
10969_1,0.016662152002865655
340_9,0.921397990940204
2154_8,0.9986660821970014
3715_1,0.014849417901571458
2388_10,0.997215535308773
5905_2,0.04700009055058712
3774_10,0.9765434634485205
3070_1,0.09191982924390885
4789_10,0.9801384925012748
1509_2,0.0010025007954312536
2350_8,0.9215308529377197
11137_1,6.78428037567892e-05
10987_1,3.987342622808057e-05
5815_1,0.636269068567912
7272_10,0.9984548378765773
4651_10,0.9736459243451329
4184_1,0.003638304472091982
9636_10,0.2274801571248838
8592_10,0.8386921419113498
3068_3,0.18144031351179465
8899_4,0.07629121064231273
10018_1,0.0862083092938784
5821_10,0.9711236279554128
3232_4,0.24540862253307347
10795_10,0.13051679874377745
7461_3,0.015238065802300355
10874_7,0.3495104233793679
9672_10,0.9977993528406094
1908_10,0.7576288357567372
4014_9,0.8986180305740503
10488_3,0.0941464128282025
2501_7,0.9979464353576872
12339_3,0.6644388629058351
2698_10,0.9767370587649886
1674_1,0.4107513443164685
10366_8,0.26755853490221293
12059_10,0.9708026309224042
8285_4,0.11547356712959639
4120_8,0.8049075711468453
4238_7,0.9010834244735709
10516_1,0.01931140580363668
2478_9,0.6385012604872626
7807_2,0.014382209582862345
10704_1,0.006875376135265383
791_4,0.07729000162581003
2514_4,0.8530131305604128
3095_10,0.9631220717386481
1770_10,0.9994487279855574
11115_2,0.2932950868480288
10797_1,0.48029171965481887
11347_1,0.005147990935421138
7077_10,0.9844150235797869
403_1,0.1995518495974147
5852_7,0.14469321328973966
8451_8,0.7855768276984262
7013_1,0.005365740017602506
10346_9,0.9997286961031743
3055_7,0.9822284225186884
4687_1,0.08378796828116816
8467_10,0.9506665654908385
11363_10,0.954080395516945
277_9,0.9996206130731884
1715_2,0.2894722012069411
9249_1,0.0001034197129726168
1895_10,0.8561236240183975
5505_3,0.05336281698608241
1323_9,0.9970126670907583
4200_10,0.952364502900819
682_4,0.8352982546467962
12020_4,0.12573189208099206
5824_10,0.6390052495771498
4475_10,0.9926976183974844
891_1,0.5561553343154733
2713_8,0.9856423410957956
2084_9,0.45595464776524697
1535_3,0.12776332525556391
7862_8,0.9869673192502678
8055_9,0.8186841648664169
6604_7,0.915337337393756
7714_1,0.02609735398575101
5606_7,0.8927239291004578
7277_10,0.9954482240297886
3197_1,0.0010117246172071431
406_7,0.5825215940633817
6948_9,0.9623600295580141
4196_8,0.27626497311806686
1723_10,0.9989673882949184
11625_4,0.8514058789505101
1259_1,0.023185665753966342
5283_10,0.9620448501828387
8407_4,0.08842176169663914
5561_8,0.8729200136377161
7653_3,0.3357347484297407
8646_1,0.07688634666330722
8053_8,0.6219411106246258
1879_7,0.39869800867448363
1645_2,0.2792886059964557
12222_7,0.28492657069163
3966_1,0.14322647797557217
4754_1,0.010322327781619381
8920_9,0.4576521184625439
11920_9,0.9161029995564522
4747_2,0.029129171012825472
2108_8,0.12801571950838433
9017_7,0.792920088258269
994_7,0.764397441217045
11155_10,0.5808477106469889
6249_9,0.8882971565725911
5926_9,0.9117991979903421
12486_1,0.7437975280352969
4918_8,0.1265954269724948
1357_9,0.9155960782480225
6051_2,0.026254178474949586
4589_10,0.19680525241649424
12401_4,0.08644907192146394
4083_8,0.8849632304848037
10373_10,0.9363553761519771
7467_8,0.8697449716876714
2220_1,0.00030954649136736873
6882_7,0.5168337131043158
10551_10,0.9815987973621377
4043_10,0.9741363269767149
11078_8,0.8142425746045249
4280_9,0.9765546686099277
8594_10,0.9993751922858743
10652_9,0.9337404350992384
2206_10,0.9992385891012476
9014_2,0.01118102212273217
10215_4,0.12105426963588607
3549_2,0.00487103572198735
10445_1,0.0004580873822651779
10819_9,0.7851324072943382
10691_1,0.020349960618762063
3855_10,0.9917222749246546
7809_2,0.5887635117047703
3022_7,0.4797837957037621
694_8,0.9370430171219222
13_9,0.9909694547149426
10972_10,0.9359651663746054
9187_1,0.36406957643493804
12354_3,0.6214795429528571
4793_1,0.04362961401749917
10696_1,0.0803227647641774
12446_1,0.0005762803085413806
1488_10,0.9014643793845231
904_10,0.07479326094400052
11057_1,0.20522328743722065
2132_8,0.28203841849043915
1406_10,0.9977264935828177
11366_3,0.22957552283636884
9957_4,0.22438729550865213
12096_1,0.0006595647271332839
3827_3,0.07414650554772595
11686_2,0.0013938266275091747
4387_9,0.9998897147782362
9955_9,0.6429172271681678
12103_10,0.983062789297429
11506_10,0.9975130745353096
793_1,0.32051200393497065
8001_1,0.00019889941638564923
8823_4,0.6851471481061029
1787_7,0.8058910252696919
5484_10,0.8622846615571629
3557_9,0.9868284148565473
615_8,0.8715788776241818
410_2,0.288358331730439
5800_2,0.038766636217354655
3143_4,0.017191976057859267
11359_2,0.22857744956566953
7016_10,0.9946412703694699
3711_2,0.004674044966149184
8580_10,0.40793602663385486
5615_9,0.9651931753714292
9202_2,0.00015644966635566479
4776_2,0.2609071376580779
8436_10,0.959637376438205
2097_8,0.6697107341859027
6935_4,0.606110066965865
2656_1,9.496792890317996e-05
11446_7,0.9461447440568033
5392_4,0.12951824310090626
6451_9,0.8289991134077765
11054_8,0.808056669951309
8677_8,0.6487820035102635
8761_3,0.3972500629541291
9297_1,0.003478260772209477
12480_2,0.048380336358407584
11736_9,0.9605789241360567
4156_8,0.920846217291395
1955_10,0.9932137084307145
12350_1,0.459356220127291
5439_1,0.003497342201750789
1342_10,0.902092773043714
7271_1,0.020761693072277734
1868_4,0.20447189143991049
4497_9,0.7843860097835444
1729_10,0.7328016028139305
4593_8,0.5975156061092233
11296_7,0.48453350749132973
9573_4,0.7301224162552348
11678_2,0.011740968741251037
6790_9,0.8908284161914943
12298_2,1.6213867733479765e-05
9839_3,0.43213924001257903
1348_1,0.15367666134317384
7004_8,0.4715483255478847
10414_10,0.9872774212174971
3826_3,0.009854425723973666
9313_4,0.5076271573251222
10543_3,0.08160753933823892
6909_9,0.8013052798447023
11377_10,0.9989167438486608
2591_9,0.9856786865293637
11355_2,0.01901782361576842
9274_8,0.9766917588777183
4521_4,0.42049529046076733
12208_9,0.870474588257696
4948_2,0.0350397701712121
3732_1,0.07819550439495677
12096_10,0.9764109708590496
7135_3,0.536120215905014
10310_8,0.7475633376648853
1959_1,2.4961799021716437e-07
10383_1,0.022559920080945223
106_9,0.9544370043228112
7085_7,0.9408717563474739
11070_8,0.9968973479888831
6850_10,0.9612666185774027
12476_4,0.20205205214247376
1917_10,0.9981292456376423
1341_3,0.24898729627963287
4062_1,0.07096436792510671
5594_4,0.2726167730053102
11963_1,0.1373157868783132
2777_9,0.805887101751132
9871_7,0.5607973872729044
949_8,0.27718692523987504
7436_10,0.6626697031190427
738_10,0.29530539454998034
4893_1,0.03592915781366993
6100_10,0.8563421814315576
10219_9,0.04908022633610733
4004_2,0.03301389499977104
5945_10,0.9978127884185151
10183_9,0.9732126984908015
3465_10,0.9472574549645085
4408_1,0.00015875640084357407
5810_7,0.8982926788001685
188_3,0.3544028927732659
7835_1,0.018042442216695348
1648_9,0.741281324822803
7971_8,0.9657709111218065
11809_1,0.2419602085109101
5352_10,0.445720225597397
1476_8,0.9899754887703949
602_10,0.9793563822863262
9669_2,0.47890831481090307
93_9,0.9805181306310261
10787_10,0.8585081914627398
10958_8,0.7674537341803302
6608_1,0.008730253856450928
7058_10,0.9926953779080313
4401_10,0.8380257539939702
9315_8,0.3776755304821774
9670_3,0.8392645035865819
10537_3,0.012445228014723168
1033_2,0.09514019840023716
12085_10,0.43652045346404006
9373_7,0.838395338760134
8302_2,0.013676233696389376
10138_2,0.031937432978021284
6814_10,0.9670068163951767
9778_1,0.0027484979305347703
5149_7,0.8871163160785027
6191_3,0.8125387230348712
7466_3,0.30878351268772697
10051_2,0.00012714275004069208
5262_2,0.5262768339224485
2906_1,0.004294129675456014
8625_9,0.5340443594409037
2118_4,0.052461386746087746
11547_3,0.3168393585933777
11384_7,0.9056489864468795
123_10,0.8409346522416287
11115_7,0.47470757927392637
9348_10,0.7845964293240576
568_9,0.6482125770637936
7731_9,0.9846123584611594
6548_8,0.941887185360457
9235_4,0.39715714195431345
430_10,0.9852145831119029
10790_1,0.02021422708555968
10691_10,0.9728550990393371
2324_9,0.9966110967364369
11031_1,0.3386031653599471
5465_4,0.13326408320589345
5545_4,0.6495435448318199
5546_10,0.9279823821136879
9010_2,0.33223209669957704
7205_10,0.9926107002382248
7580_10,0.9724404420351856
2052_3,0.025929216514956825
6284_7,0.885969260947104
12001_3,0.0020230177969568436
3458_9,0.9993040080078208
9013_2,0.12658227950673925
5839_4,0.3159661455143937
10809_10,0.9763115417216306
3077_2,0.09975049638742192
11373_3,0.10139130341394198
7083_9,0.9992762448015503
10846_10,0.538067266008756
11815_10,0.9986146086821773
4730_1,0.32800610603683017
3320_7,0.6871485469446958
4782_10,0.8350724925185108
3410_3,0.06933324060210927
5142_10,0.929549037127376
3947_1,0.318505110344856
3016_8,0.09620583586709405
12114_4,0.2320988146088441
11039_8,0.8111422918509228
5902_7,0.943205661089147
5351_8,0.9396513932070679
1654_10,0.9859698549946312
5731_4,0.01809678418291041
10985_9,0.9967023146116676
8724_1,0.01375439696280203
9854_3,0.498885587944896
2054_1,2.9015040083167206e-05
11385_4,0.5973125260430826
5919_4,0.10822220452823772
9898_1,0.020765280837823714
11874_8,0.14103815096491093
4496_3,0.6480990256460905
5231_1,0.0038756457587553984
10070_3,0.6526456644041418
2345_8,0.9350497200562532
9311_10,0.8381338540188237
1036_10,0.9068426777898276
6603_4,0.08160372485878557
2138_9,0.9181711969679882
10546_10,0.8316689738548478
3217_10,0.23216577358371052
12188_10,0.9514637300567209
5986_2,0.5166912687721426
352_10,0.9942179106282665
8557_3,0.19760695680543375
10453_10,0.977889946961625
4397_4,0.14569048386762845
673_2,0.19601126924222456
10305_10,0.9971100415010474
11985_1,0.005163722269242013
3457_1,0.06697899244888503
500_1,0.02497895518083117
10637_9,0.9644472425886577
8144_10,0.9969563706376852
8485_1,0.0006567464765085075
1632_7,0.6604376217180672
2404_8,0.9845618213028063
11489_10,0.9997705413548434
7590_1,0.058243040796309854
12460_2,0.3758650008628323
11729_10,0.46905741211564667
2796_7,0.7615529109606677
8015_2,0.006847613570911187
8258_4,0.002414861152855669
2272_3,0.07355247538271721
7178_10,0.9448342494477648
8476_8,0.965275350368099
3411_4,0.2414806758404795
8319_10,0.9984981593875667
11799_10,0.9009068990596415
8585_4,0.939857754684481
4640_10,0.990835552447205
12199_1,0.005882763697487867
8380_7,0.633312361973159
8712_10,0.964388972875573
12482_9,0.9364888444061888
4813_1,0.03348911788576998
119_9,0.8415511829743424
7850_10,0.8824212349040932
5536_1,0.00987128248848262
10576_1,0.0065415213919228455
2803_1,0.055805226494624154
11788_4,0.07232207820064743
6681_3,0.5479800400703925
2503_10,0.9907217376441202
88_3,0.44739457680812905
7389_4,0.261924899434519
8793_9,0.8954086538037376
4911_7,0.8782655739791083
6495_4,0.10147895421573466
10670_1,0.13018014346087395
2203_10,0.9676001333520786
7588_10,0.8461309780422291
7095_7,0.9853934004553194
6748_8,0.7627540781528246
10348_1,0.008728171929235869
2568_8,0.5242216645209172
10292_2,0.13874208281153144
1112_3,0.12216265337018042
5322_7,0.5102436757617707
4291_4,0.030283583718811888
1212_7,0.861120633145328
7963_10,0.9001542741790641
6156_1,0.3981640273853103
713_1,0.05492467000623069
11606_8,0.9681155902863775
10975_10,0.9825305144717488
4638_10,0.9995655316974656
800_8,0.765694554143634
1389_3,0.22769946877163721
10045_1,0.0006461822691696166
3529_1,0.8269270521437843
1921_2,0.006721525423878023
4824_8,0.45160683479028985
10688_10,0.9695648994290622
84_10,0.9883655270109848
225_3,0.8742745500307367
9756_10,0.90470134186252
7601_8,0.9502654410888423
6342_3,0.3634821247303333
7711_1,0.02307582957100161
12133_7,0.8042596155650369
8026_3,0.27248215786438224
4551_10,0.9758427532239564
545_4,0.1170276932103184
343_1,0.27503300500236805
10788_4,0.9756802467435374
8711_2,0.15566447528451896
5493_10,0.9995394651726002
9358_1,0.5938484976566023
2185_3,0.017393078509831725
9720_2,0.0054092069461319624
4481_8,0.9924351708735566
6528_2,0.034829342090215216
11928_8,0.9135492186942277
6591_7,0.9608591904957375
10876_1,0.08817207215548396
11253_10,0.8180723072375367
2190_3,0.22047591045622705
4281_3,0.008485836609195753
7971_3,0.15025929898428397
11649_2,0.012592413273533746
5199_3,0.1276103997122059
12258_3,0.5324773989951314
5922_8,0.987546714699415
11136_1,0.001031223354743551
7941_10,0.6925732567659766
1412_7,0.9963445614758475
11053_3,0.4964085444621153
5586_10,0.9962558275938647
5762_9,0.18156900914900656
8328_3,0.37274996208084415
10354_4,0.11780775480579612
3563_8,0.9174609131766386
8246_2,0.10526483049715352
7740_10,0.7947241286022889
4972_1,0.8340042785759875
832_4,0.4132022403911953
11386_10,0.7977543670720139
1273_3,0.0819651243041835
5085_2,0.4798562290774833
11414_4,0.09328271394057185
885_8,0.9651949299406255
3943_10,0.5400408608653064
898_9,0.8011956440302079
8168_10,0.9871677628614897
9779_10,0.5622449996761442
830_7,0.7145574851167821
77_10,0.9778553851187434
648_8,0.9748703978303983
10629_10,0.6945303180952094
89_10,0.9565522902598486
11955_9,0.818164869473286
7883_9,0.7265018473791446
243_4,0.10216829474069711
5148_2,0.02299946773398316
1056_3,0.9531690224164269
5206_10,0.5931516783645995
8777_10,0.5043830893314881
2969_2,0.002043464096823126
6729_8,0.9844415354678319
11860_1,0.14810693059854646
6307_4,0.7588926198423205
11589_1,0.08769414178411171
8016_1,0.0024713433386501886
3461_8,0.9800696550923768
8767_1,0.00904808534378083
7692_10,0.6546539332218829
12281_8,0.8191832813069087
7763_1,0.48527110616371794
5301_9,0.9822920817941954
5112_10,0.9902090710555606
10757_10,0.9328338325701204
1066_8,0.9896827730978726
5413_10,0.9789832401926298
2733_3,0.17396797739970235
8534_10,0.7951257129049812
5915_8,0.9680344382263943
10566_3,0.10181257532482947
10900_7,0.9578854544319989
3120_10,0.3392684953988158
4394_1,0.0236061929513193
3090_1,0.0007338201649748478
4379_10,0.9989814193456246
5259_7,0.24725119487736955
10792_8,0.9647917141871376
2599_1,0.06320358722362837
1912_2,0.08182532224505379
2517_1,0.8594272077248166
2946_8,0.9919221102093276
3020_8,0.26257624097387655
1850_4,0.31498118777722856
9463_2,0.012208419394929004
1721_10,0.976038936558605
7952_7,0.918032397943214
1806_9,0.7942289437294608
11403_9,0.6274790604651038
2013_7,0.5411803475974638
5556_10,0.9822663105296916
1746_3,0.04749354541776027
11125_7,0.9213716391975072
9270_4,0.2693921739346846
7343_10,0.9872888693029316
12465_10,0.6176480438402612
8550_9,0.6901897246972409
6213_8,0.5447252721616713
10861_10,0.9674013392860611
4109_7,0.8905731103001476
8652_1,0.0003066635371870612
11546_1,0.00680429437296273
9133_7,0.6289882287331611
5964_3,0.0011714813511400262
1575_1,0.09316092694440453
1337_4,0.747651444291685
7610_1,0.0007271584816770152
49_10,0.9978918357641802
6505_2,0.017376358380363936
7177_10,0.7219797226064003
5947_7,0.9476952426123169
1723_3,0.012172658449769055
9055_7,0.7866930055586961
7972_1,0.032806475503948135
5340_8,0.3303717514913229
6938_8,0.023239592621775208
12400_8,0.927937426696188
552_9,0.3687318175148278
11844_9,0.9502821252368538
1080_1,0.08030663230028966
3078_10,0.9976983915017367
8713_9,0.8159286245684647
7300_1,0.032794862508782524
12464_1,6.470344812803425e-05
3812_10,0.2706949389588393
3313_4,0.8512888245499536
6880_4,0.08866284399058515
5478_9,0.9442981917550894
10951_7,0.7351222699238423
3327_8,0.9486417688308548
6332_10,0.9120496461760851
4385_8,0.7369806928517703
2387_10,0.9914816299985557
5756_3,0.13885130722954037
4020_7,0.7197187398018107
6190_8,0.9700245828944711
517_8,0.8493461545952038
9018_3,0.13754176447382183
9449_10,0.9977815261394933
10715_3,0.04611947734051213
8195_8,0.7189682455052999
9605_10,0.8378762591296796
4309_9,0.9547358234789924
1783_4,0.34730909668798843
1658_10,0.7773680598325066
1403_7,0.8969346671981742
4268_1,0.05609206530467805
4822_1,0.11739498604684254
717_4,0.056218189900955784
7768_10,0.9538162277174849
7803_2,0.008037802016065894
7190_8,0.7417493233599056
11035_1,0.0008842309200752879
6288_10,0.9925256111332604
10690_1,0.003621116607861408
714_10,0.9986700441021451
9210_10,0.874790778145856
12462_1,0.0004766986189484716
9325_1,0.04808760932142961
8370_8,0.9991080174817488
10583_1,0.19335286483498001
4016_10,0.9977250162555268
6465_4,0.6546107828122718
1512_9,0.9267533376177979
4769_8,0.9960002692823292
11160_7,0.5209981380731297
2175_1,4.536000208124743e-05
12261_7,0.9278315547952035
685_8,0.5829739293049967
9208_10,0.7145421995968344
6296_1,0.10807977523222739
8210_4,0.30119817684601075
11237_4,0.035216012991259746
8139_10,0.9860807501108045
6996_3,0.29635725228286086
5168_1,0.18657135022880017
5528_3,0.22921097240462046
6635_1,0.5139625703300997
1670_8,0.8739447197443475
7099_4,0.916281703671342
2239_1,0.9734215206109738
7313_4,0.15489147208454176
3304_2,0.09177296081942789
10505_1,0.004200383976241972
9681_10,0.9958624471008078
7569_4,0.7473181626116278
9926_4,0.01123391873896413
8339_8,0.9989326381231951
8553_10,0.8892738328779264
387_1,0.13810257613112464
4715_9,0.43930966255648307
11447_1,0.07512083053832357
7425_1,0.5517100447176323
10514_1,0.06795054194807157
6979_10,0.861642136485943
3104_1,0.0027378708062686693
6833_4,0.3596375893513235
5931_3,0.0728558166964297
12103_2,7.397413848005977e-05
9413_1,0.022194323489691425
2730_7,0.48221417488993795
7293_10,0.9370462996283347
8479_9,0.9883314905928297
9099_7,0.8986072767944818
2061_4,0.2298447660896712
4680_7,0.7242312490233973
4067_1,0.03120810482527557
4663_2,0.016854732518404584
3069_1,0.003401011961831369
8739_7,0.9393691234189054
8279_2,0.3025071743095755
11078_1,0.06355515683622812
7917_1,0.17951871731933428
7636_8,0.9612297661231034
5071_8,0.31758805754381114
1720_10,0.9422293483349852
885_3,0.346329995706953
734_1,0.008247220607302205
6309_9,0.8226053572718749
4346_3,0.15886770578168252
4087_10,0.9991179776206118
678_1,0.003524767875922685
8348_8,0.8185947304560459
3572_2,0.19095277525144647
10285_1,0.5147838986335634
11126_4,0.4432155381433331
8071_2,0.597334759255419
8150_10,0.9916817666363955
4652_4,0.26345146996916485
3674_8,0.9687833950456356
1046_9,0.9676111333217433
1986_8,0.933771544767012
2516_1,0.8483161940520801
11758_1,8.314463392614883e-05
4747_8,0.9816872094326324
10426_4,0.19622672976944863
4331_1,0.01974351760024707
9146_3,0.07733008105337268
312_10,0.9144299113210296
4160_9,0.9727450641125763
5277_3,0.0181896097450289
4896_7,0.7092285595242246
4327_9,0.6475334422647246
4136_3,0.381884108341467
2324_2,0.6139033411798721
10407_10,0.8853693644130132
5081_10,0.982199341680002
2892_2,0.18084224288361458
367_3,0.23273519601181444
6523_3,0.015236445297098044
9037_7,0.27615560925388155
8790_1,0.0008575794203891427
1839_8,0.8417768893985043
4149_3,0.022838645307656828
7950_3,0.0021893760499092267
1686_2,0.0632264786983528
7855_1,0.003649314338693838
2844_10,0.9254827537726553
4006_1,0.15807496611527821
1077_10,0.9088952653552282
9294_3,0.3891851808835193
8866_1,0.031798504523146164
8414_3,0.6739229500451003
11736_3,0.029709558882902692
11683_9,0.7250164076649445
6399_10,0.9635408771671767
4876_2,0.01494520579284599
8818_10,0.9916389571384837
8874_3,0.4757378133725449
2595_7,0.8581434321295739
9287_1,0.4145887582648279
11446_3,0.07933351232800726
10016_3,0.32945899451785204
10381_8,0.9836356469757797
2222_1,0.8280732223370839
10875_7,0.3968490147896536
5708_8,0.8824285943421293
2727_9,0.5004196572475436
823_1,0.05291521965321851
3616_2,0.056373821649224304
10522_1,0.011084276837206045
5340_3,0.18652556395026368
4218_9,0.9835475163070712
6551_4,0.8139927225157968
4506_7,0.49590221645739846
487_3,0.006347827554601189
3215_2,0.057357184466718794
3884_10,0.9996614330691841
8163_1,0.13367818398257575
4878_9,0.7490709736978327
10428_10,0.9327706238751715
6394_10,0.9975124452990154
5318_2,0.04323251950165335
4829_3,0.5664453591512804
9175_8,0.9898643648391688
10213_7,0.28415179128630713
1484_10,0.9980212867709908
9646_10,0.9842884549053633
755_1,0.00020469550059765512
4988_1,0.002371729188585672
10640_3,0.31617510189775916
2780_4,0.010065821772757978
5867_2,0.10402464029380683
9212_10,0.9998004052365164
8554_4,0.1752219302868563
4703_3,0.4696981738670751
8779_8,0.9633621413079336
953_10,0.2761626421624209
10349_8,0.9906757002924383
3280_10,0.886877167787733
3646_8,0.999961989580721
6054_1,0.01870667143002496
4894_3,0.35869800246622796
11235_10,0.8565966743045214
513_8,0.9964276069088526
4166_1,0.04325839870673474
742_8,0.07281610577822295
7671_10,0.9768172064510516
2835_4,0.4883132137721299
8556_10,0.9795993782555239
4764_7,0.7547693556322754
1626_3,0.0014104358146210946
6883_4,0.07211598397141641
1014_4,0.1431531127010992
9419_10,0.8899675377542124
7918_8,0.3819046832042031
8912_2,0.09065688182278439
7996_3,0.6201758901117339
5045_2,0.05711668216623044
9612_2,0.2425585734477037
1658_2,0.07300239298255941
4373_2,0.009755739354620294
11771_7,0.2004976987236762
5458_4,0.21292419860301648
10492_1,0.00022921665302000403
5551_8,0.5161099020943877
811_1,0.10432294545176077
12209_9,0.42390696679055856
1514_1,0.0014414334292894592
6684_9,0.9902525580331446
4604_7,0.9297505816897671
3350_1,0.007640941380837109
3336_7,0.9471821952600614
9645_4,0.3766853183271628
1664_9,0.8230560955924096
5109_8,0.943725662121408
9294_8,0.8284500679368839
7439_3,0.006978722699526096
9098_10,0.616357149998727
10353_2,0.024508917945890676
2356_4,0.8325696496035051
884_1,0.2011911603619865
704_2,0.001468920457336997
9429_4,0.7847093961574167
11563_1,0.00011875856110251653
10345_7,0.9802567978636133
12301_4,0.6882861292559829
1021_7,0.2938873706068006
6353_1,0.04120016219088274
2608_7,0.9849851573457064
10508_1,0.0731598983976814
263_1,0.011729202781284163
10127_10,0.7353371443305744
11517_4,0.2869576137389981
4758_4,0.5055501831130965
2210_4,0.09190296352783413
12396_1,0.002091407509853245
9405_7,0.8358997616321124
5945_2,0.12262359208724923
1931_3,0.23106565187467915
3972_9,0.8498031876902473
7949_3,0.09339592145313905
1958_10,0.9875632473512495
5834_7,0.9026522860707848
11040_1,0.0159360696625136
9453_1,0.046423961421623944
5841_10,0.9236172196549899
1144_10,0.9873727494480871
5678_2,0.6744385413899052
11361_3,0.00011780571322367234
5999_1,0.0020165644431612427
11810_4,0.9014290020533762
10502_1,0.1460738290560652
11821_10,0.9415182668483827
8270_10,0.8947419226199373
4627_4,0.8942972428242004
5588_2,0.0846059292770334
4877_1,0.022087368336636312
2289_8,0.9773862592980344
2582_10,0.8531641376432865
8749_1,0.811557336345358
1653_1,0.027168239562223924
7060_3,0.704675232871812
4299_1,0.03458901489700779
7198_10,0.8099282971072156
5597_9,0.8686987183342125
11592_10,0.9827186442266439
1516_1,0.07965406853830136
1428_10,0.8833662161131144
9349_7,0.1176321642507683
4182_10,0.943438006284512
522_10,0.698768832461271
1942_9,0.9980830133434376
2570_8,0.9661361354500706
1188_2,0.5384791745541261
7454_10,0.9998675398128064
6859_8,0.77797215732646
4278_9,0.970493734741214
3538_8,0.16843651303277662
6499_1,0.05348200669420724
7715_1,0.01025080535321689
5847_1,0.04638583395851344
2109_10,0.9920977616150602
7570_2,0.1350136899045868
3725_1,0.002330178373267423
8736_2,0.4809103598759989
2007_10,0.9949125411117441
9738_10,0.8381945793003073
2763_7,0.8240991618872763
9081_2,0.4745920833469529
6647_10,0.9793964658561313
11207_1,0.35088562536804757
5182_3,0.00866288060871261
2171_10,0.9197101306465573
9091_1,0.8716397632359811
3970_3,0.0032730851362395568
7432_9,0.7960302139275389
2169_2,0.0019631630411264082
720_1,0.025815693080186844
866_2,3.8626502008133474e-05
567_3,0.9911621772640715
11812_8,0.9487674466750038
11195_9,0.820122136564955
5877_10,0.9926305139741571
5526_9,0.8949536454182149
792_8,0.4702507888025363
8673_9,0.980282057835817
5163_1,0.028627564770102528
4722_8,0.9312740273470219
11423_8,0.9135765902720498
3239_8,0.924330019869603
2235_4,0.8200826717794157
5799_3,0.14624610073588262
8592_2,0.08941765683585301
5229_10,0.3735725585066077
9285_10,0.9808068774513183
6092_1,0.5527735862339155
8940_10,0.6974749320782262
12220_8,0.1384943083344581
4417_10,0.9987994717225476
10462_10,0.8921741123216349
3241_9,0.7988861852954705
8744_10,0.9995186506222323
1016_3,0.005260908416134585
7382_10,0.9539715544788429
8458_8,0.25418734531486414
629_4,0.5061238011663641
1971_3,0.20968505863119768
4471_4,0.5030314228933509
7890_2,0.0641133721245187
10164_4,0.6117712206188284
2176_8,0.6617315238014884
2500_2,0.3786997056237353
1155_2,0.08312336342610305
7102_8,0.6307899700575398
3618_10,0.9928670674510681
4940_3,0.012443765182646989
10263_3,0.14277523091428995
12495_10,0.25221746452010113
7170_9,0.8817289694303532
7322_3,0.9541992698596856
2938_10,0.5453065119255993
8128_8,0.8160027536101805
4900_1,0.24691843180639123
5672_7,0.40716966090621926
3387_10,0.9934282329873689
806_1,0.02473229295971618
7385_2,0.0006447238998838435
3043_4,0.0008309447381803202
6845_10,0.9821687511691883
979_3,0.4108763122902823
6853_3,0.21760998325793282
4871_4,0.14821898987245025
12172_8,0.5523890928052855
4105_2,0.045049112011440615
3171_4,0.5000029540333768
8686_10,0.8384278982000942
10187_1,0.0027741082602740254
5305_7,0.8592105914200815
1728_10,0.6681965791354132
11284_4,0.35648386374754654
443_2,0.17966597428228195
8542_9,0.9820428088891435
7634_2,0.5808777448488114
2598_1,0.5215792351976061
124_2,0.10027663229190503
10145_8,0.9909950421277739
63_1,1.8818819666006057e-05
5522_3,0.7545288003292148
1264_9,0.8048191157692669
12181_10,0.8912408085135982
6508_1,0.022321871946605402
2146_3,0.08160775684958672
5449_4,0.12091246634241855
2660_9,0.9665984605552216
6594_4,0.02630282070952022
6285_8,0.7510890776807989
12200_10,0.5717810372203188
6710_1,0.5323373664569915
10399_10,0.8109155333372183
6703_1,0.013531895477733886
5795_8,0.9013895947389824
3427_4,0.016711584984149576
11306_10,0.9750593261493309
6641_3,0.006234395053477977
9364_9,0.6969706508795864
6963_8,0.058164774676470354
6896_10,0.7386452672580462
10154_10,0.9493409763959636
4690_10,0.987417645250425
8125_8,0.9595284953848214
4978_1,0.1414929424262946
4999_3,0.0003009991362718999
8921_8,0.5207649108690191
6089_3,0.134808613010675
12279_9,0.8666687727920304
1209_7,0.9937209143429072
2083_7,0.9220156928297957
10162_10,0.9759053883431561
1266_4,0.3574497147046941
10892_8,0.948110495889504
4864_4,0.06278170040548044
10743_7,0.9916816321948827
6427_1,0.005564469327981409
8633_1,0.15604775797333134
6158_10,0.7255405120696389
4952_3,0.004597003429221576
7508_10,0.9509572167718836
637_9,0.7871264606530278
6734_2,0.9379907911566102
10685_1,0.06198907618802028
6269_4,0.20951747754386418
9073_8,0.21917915584565112
9551_2,0.0011262212649336234
5499_2,0.08978853429761105
3573_4,0.24749870215324077
12089_1,0.05853674296427237
3962_1,0.31078376028359384
2169_7,0.5734546688150834
959_8,0.8005964842287607
10514_9,0.2306147654811226
4430_7,0.8135235069021122
10802_1,0.7730991615726213
280_10,0.8458926653039008
8041_3,0.3321665820874189
9040_9,0.9580916925003591
10653_1,0.3333912265966698
10783_7,0.9244259100527406
4711_1,0.00010336851511778163
1523_4,0.5351066133298804
3903_1,0.008006305450895907
4216_8,0.8998327037499785
10108_1,0.2932248292684037
4098_4,0.0360626692785079
9433_7,0.7885951444452133
11013_10,0.9819106452961703
3968_10,0.20942219736369905
7916_3,0.04838726952741109
5859_9,0.7724850101795668
11194_7,0.8265036993905317
9376_3,0.03266851768846051
1808_4,0.145200998169184
12029_3,0.1075602806588085
5854_4,0.015875214551365174
6573_9,0.9399606590482825
6747_8,0.9658073910531165
4366_1,0.21521292968333833
5868_7,0.831656339645216
7712_3,0.10155833240376855
11617_1,0.0005658776235842847
5362_10,0.706322069531842
1950_1,0.024150666222030576
9724_1,0.025013245996847136
7537_8,0.827041979393901
6950_1,0.012222320999040096
6035_8,0.9925596152282224
11191_4,0.7956591526074065
4759_9,0.9981319798364213
1228_7,0.24660891601616958
10380_1,0.31418088936313654
271_7,0.771436927221887
7826_9,0.8003265310304851
4336_2,0.34270383284060124
4209_2,0.13110661910530796
4898_7,0.5402594259758565
2987_1,6.138304427368046e-05
9976_4,0.35688528691096905
7521_10,0.9657673624856875
5680_2,0.09022370695372066
4310_10,0.9573461305701603
4484_10,0.8517106385208528
5748_9,0.9625249693630036
6798_3,0.06345757487043276
9598_10,0.9534508006966965
4834_2,0.05221443995958235
2505_10,0.999544091576932
1984_8,0.7180199836194007
476_1,0.777047093461791
11578_1,0.024658056985377468
2223_3,0.24345451296702753
8215_3,0.5722892476559758
3108_1,0.0039012831436409396
4371_1,6.585505640098868e-05
12399_4,0.06122654815835451
4913_1,0.002434623415349883
8431_8,0.7569403765739043
3445_10,0.9907055852895252
8268_10,0.9387852441223873
4271_10,0.9280637911995069
2136_3,0.04051565980998489
2479_1,0.18239518890473025
11798_2,0.01738484502805121
2893_10,0.9767157879619531
7754_3,0.22971915077753924
7568_10,0.8778060820044619
6221_8,0.9965571667544365
1687_10,0.9756767383725088
4744_1,0.00045459104132417
3730_10,0.8979169214426833
7543_10,0.7757380048455461
4449_1,0.008498527181119622
2802_8,0.8856673971659398
2834_2,0.004899287473795754
11243_2,0.5025164979546494
6638_10,0.6248311825052042
3299_1,0.019625286051320624
1378_10,0.4628540763334067
1867_9,0.9050825566941434
3371_1,0.01113299628225319
1340_10,0.970845485650674
1810_10,0.9119054699974585
11773_10,0.032982743024421016
2111_1,0.10280366386757232
2234_4,0.8234668435148086
4958_7,0.8375523562674281
3514_1,0.08452624972760817
8488_9,0.9493264320182676
1650_4,0.11241916940252833
6538_3,0.22691796299460318
9930_9,0.9915660024885689
10594_1,0.004367160354213235
6248_8,0.8176531643845564
1384_9,0.7644748769932882
11526_3,0.13043636362630118
9847_10,0.9943882741670199
8994_1,0.00538027618392603
11595_1,0.04427733833325736
9840_7,0.8412971761269957
1027_9,0.9293866393564725
11691_2,0.005960550300307478
1154_10,0.7725221129128154
4599_4,0.022180930860999693
2126_1,0.0002886914394607907
10719_3,0.09527326529419358
11925_2,0.054886389880597033
1938_2,0.011154673150242798
7233_7,0.6758518986139399
1747_8,0.9785925402780906
4994_8,0.8914295756781307
10696_10,0.4983345213977616
7348_10,0.9988027702775547
9121_8,0.8028651128148991
902_10,0.7185639416183496
8046_1,0.0009972363402093718
3604_7,0.35225841543764064
4886_8,0.9663035674921099
2821_10,0.9990425529322746
10180_8,0.5919815405866199
11376_10,0.9663547088877321
11195_2,0.040338532662492856
5625_9,0.9977276309328128
9284_9,0.9740797600922629
6747_1,0.06263528470942883
3910_9,0.1860686430362014
11412_7,0.9310312671981704
2456_10,0.9783007911471113
6105_10,0.9979312768759312
5732_10,0.393456642551567
1960_9,0.3088115032320965
6363_7,0.6838089140736751
9596_10,0.9352469107641276
8605_3,0.04156249873173245
174_2,0.022669367223122027
8251_1,0.014644558113840422
8567_10,0.40207062351382955
7007_3,0.12164556750854327
2418_8,0.9958342394342751
12030_8,0.7860488553208608
7626_7,0.7658357665696507
6070_3,0.1417041487902184
802_1,0.00026086423580750577
10801_10,0.892429891731601
8559_1,0.03986173042240899
2495_2,0.10553736316544855
10777_9,0.9859625918650152
2958_7,0.892686506335368
3701_10,0.9814185723997392
2754_9,0.7881023659749449
1210_1,0.21024765221581188
7830_10,0.9850317351120861
4523_9,0.9286454923120554
12408_4,0.4309523015396111
5748_1,0.033585631078652804
3982_2,0.01902859306204499
9658_8,0.9965194117111892
73_10,0.9880628359691068
3952_1,0.25645326997954226
4064_8,0.9579747967290442
9835_4,0.22514434592016888
12463_1,0.010951401527477778
905_10,0.9837218620002717
5634_8,0.9977350472875184
800_3,0.06562203826601361
11576_10,0.9972161651232371
8546_4,0.11188168045644963
8456_1,0.18489012670944796
163_1,0.06377184142177207
7616_3,0.039506642030959736
17_3,0.8917735013925657
620_2,0.012317173294921666
4250_4,0.11533303504140396
4403_1,0.000331442145229687
7107_3,0.5117033529050719
9691_9,0.9461338348386831
4069_8,0.9902321368854042
3747_7,0.9822014396974511
7930_10,0.9977107309074753
1088_3,0.5319533500558135
3683_1,0.045737632876233815
11138_1,0.046831339864532286
1825_10,0.9509788744341133
9888_3,0.008350139156371185
8079_10,0.7398976213059868
1508_2,0.005914875349824054
2471_4,0.03268325770556941
5238_7,0.5648009641766326
4947_9,0.965253716467823
1791_10,0.41312917069383304
5824_4,0.011179680327044495
10408_2,0.09084857354196756
6053_8,0.8148992023450926
6811_4,0.009141447353091699
6398_4,0.23127695070441429
137_7,0.9057723114697253
3920_9,0.40316951297942666
8179_2,0.76263785245643
10602_8,0.28058997661920576
10509_8,0.9021419015399097
7346_3,0.2614446640312981
2663_1,0.12853255826425442
1342_2,0.1979057626265011
5714_4,0.0002739718755326344
9669_10,0.8028357212164619
6038_3,0.07195984309748889
11957_10,0.4240460970383771
750_2,0.022143976909368198
12386_10,0.06402090047931012
7178_1,0.04022389309881353
8070_8,0.815963259670052
8993_1,0.025308835726610746
1178_4,0.0941242528291402
10457_8,0.9951600427633334
5287_1,0.02848439223520287
3098_8,0.8245912692167932
3505_8,0.9972134602408936
10271_1,0.773427348947861
4354_3,0.02494357519949652
4817_1,0.015533805584857997
11313_1,0.3284042653159597
9023_10,0.12068235180488966
8404_1,4.47037605783637e-05
11847_1,0.005078107623641347
5374_9,0.9963669402789033
1009_8,0.9943726012667288
4197_1,0.007563440530081756
10803_9,0.7469275887995781
6609_9,0.8486627716078278
519_1,0.00652778211208004
7675_3,0.18853666185152035
10204_10,0.9033411693359994
10565_1,0.00799199833252609
1641_1,0.02006189375224503
11170_10,0.9998710540205608
451_2,0.0221682671923452
4526_7,0.7018953168785372
5639_9,0.8613227351257895
5642_1,0.06478364484582712
9159_3,0.9454168320322609
11173_10,0.949019255312647
10772_10,0.6865864138320045
11172_10,0.9669319533605237
10213_4,0.29533051492108253
11256_9,0.9568572818825727
5863_1,0.0039137657214471915
5125_1,0.8367096789614716
5624_10,0.5596738004696151
10355_10,0.5969226740810413
6623_1,0.0011734470809414497
3674_1,0.04255695479083612
540_8,0.6883724795893104
5202_10,0.7699801868991856
9644_10,0.9802838696796367
4780_1,0.19254393997724828
2002_9,0.1334896394607438
7228_10,0.9754036939636747
4036_2,0.0013758610294546338
9925_9,0.7944136098336481
1137_10,0.9911309808702206
5679_1,0.08739829810862132
9162_2,0.020514496585100305
2849_3,0.000265603136246958
3546_4,0.0015894365532728542
7164_1,0.01778644671756856
1749_10,0.5122369488731165
11988_2,0.10780532418777168
365_10,0.9997561794239336
7340_10,0.8908341580724397
1543_3,0.043632416715558044
6008_2,0.21347027896992612
2230_4,0.23142510910709274
10105_3,0.07192744240151001
5443_1,0.04923860705681129
5024_1,0.1603519697747742
5630_8,0.9690301453280482
7603_10,0.9266763823077178
12205_10,0.8207417829031406
5910_7,0.926586057881378
7006_8,0.9012294971588612
3287_10,0.8348587500247108
3136_1,0.1257176616427635
6547_4,0.5253686485798963
9329_1,0.009112701776316462
1679_10,0.9859226052827451
1659_7,0.837877242488696
2015_1,0.008604011112075169
5236_1,0.010394716189291026
2201_2,0.03372257149027548
6026_3,0.6207529976374118
12093_8,0.9187379877642067
11394_10,0.8442174387244661
9512_1,0.2577659360580528
8401_3,0.1912393178742607
5239_8,0.957381446017604
5018_10,0.9496567479692668
38_8,0.9941543987058511
2968_7,0.2767989443319433
5359_3,0.015523358625804316
10419_4,0.9358486950363998
1551_4,0.635912464629568
11346_1,0.19983771548348697
809_1,0.26553185693106546
9823_4,0.2928108880396718
10125_8,0.989541405102105
8819_10,0.9335258147513554
9038_4,0.32486350560876864
1968_1,0.07075617543170075
6642_2,0.08854079408925129
9015_10,0.9869005465891557
12198_2,0.061996136339459544
2758_9,0.8966135041560509
9206_3,0.002264185363156858
4370_7,0.3282316494325812
1985_2,0.2154828778470233
3031_7,0.9340475074570637
10172_1,0.030703042369012938
4527_1,0.004082853659738874
5458_9,0.9828293068043621
6534_1,0.017190996072673794
4347_1,0.019885992950549186
11152_10,0.749028403278167
9238_3,0.20614269963892398
6161_8,0.9913316297460656
2299_1,0.26282966400735674
1133_1,0.8723535266192866
11774_3,0.17755090458119285
1095_2,0.1613663151474571
11311_10,0.6868497344725166
1126_1,0.0015036772545431883
2385_9,0.9932004315423097
10710_10,0.9657626621771483
10106_1,0.007763719316990848
3363_1,0.10557512508468934
11480_10,0.983405906774555
5183_1,7.534825482541969e-06
7100_7,0.4772855756284694
752_10,0.9940210845926687
11958_8,0.36149521570421933
2518_1,0.003961978903545842
4744_9,0.7615240280600571
53_7,0.5858405927330611
12289_1,0.41068592148003263
9239_4,0.6895037276508951
8758_10,0.5986336042500893
9050_9,0.26155320945904
10390_7,0.9814120490914509
11780_8,0.06482903067354892
9518_1,0.040948276581187534
3442_1,0.009701734279151022
6316_9,0.9131705468306365
2826_9,0.9779215464299462
5908_10,0.9875496577650632
3720_7,0.9460955112496403
8481_1,3.2773281868667085e-05
1188_10,0.998912587247452
2784_10,0.22083542928721459
12352_3,0.4360371254278081
1771_10,0.87392080178041
5255_1,0.15310448386370895
328_4,0.3832011921080649
313_10,0.7566824730197639
10530_1,0.001229782323518654
4866_7,0.8804770965930304
8936_1,0.00882755132629963
10029_10,0.78006040056099
12383_10,0.6475273139583455
1922_1,0.30574787011314203
3012_7,0.87105828448379
11593_3,0.1966161412143135
8661_1,0.2317339981910525
10457_1,0.006797070400910741
8074_4,0.9826504433229063
11993_10,0.597707299872726
6_7,0.9223124883650705
2542_9,0.9290199682954648
11454_3,0.28728641075336336
6776_4,0.8796423790687171
9466_1,0.7933006785694203
11100_4,0.014430881556453877
6429_10,0.896016697763754
11218_3,0.48352892688059623
8310_1,0.05361352453134461
7432_4,0.08393755189898448
10115_1,0.0711130443699531
11127_7,0.9633970358573629
3306_2,0.07439503325992479
6998_7,0.35133467945081054
12166_2,0.026618082172591175
7792_10,0.47930417931311853
9250_1,0.005951417759431703
3351_7,0.5779486914206354
3350_8,0.670041411830219
2393_3,0.5553655518837921
5473_3,0.3258295828471962
73_4,0.145887911109802
1504_1,0.0011181388150654414
10317_10,0.9693023794294443
5795_1,0.09573787237583838
1511_9,0.34744979675425397
2537_2,0.09178511869362077
8010_4,0.21831477226615464
1616_3,0.5385376834121188
4332_2,0.0007720943568697785
8499_1,0.08720161455693479
1636_8,0.3567630142216056
7752_3,0.03180000220380311
5848_7,0.8296311544952725
5370_2,0.06705743428082402
10600_10,0.3986112338129869
5501_3,0.2225068153846067
9948_7,0.3104837543441259
10683_4,0.21662180259269434
10013_4,0.33599305959856374
11704_2,7.007700048571784e-06
431_9,0.6544569498335542
11855_10,0.8943544761589408
2671_7,0.740398712467145
5831_2,0.13180331305411552
7920_10,0.9306902093329763
276_1,0.3178518984009029
6245_2,0.049901327906309176
89_3,0.04563374753167586
7871_1,0.003014281651548366
1707_1,0.0832447786256281
6640_1,0.004022057667943761
723_10,0.9715146909177135
11391_1,0.16059874232294458
3534_3,3.2047563741842995e-05
10449_10,0.9212506781685689
180_10,0.999295455221059
5128_1,0.051037842177009865
471_10,0.969149384143068
2341_10,0.9499496553164268
3204_7,0.9445719090308456
1818_10,0.9756763642080635
4489_10,0.7000370399211818
12034_10,0.3445158547433701
11264_10,0.9877146215067196
8077_7,0.2968921624845604
12206_10,0.62431914786516
11549_3,0.0820090326262731
8993_10,0.6975451422462483
1937_4,0.16920053536738863
7778_3,0.011721794644139638
9714_9,0.6512986855033511
7219_4,0.02534965382128997
6518_4,0.022441667324821262
8421_10,0.9151326222709798
10563_2,0.051855414076554064
2527_9,0.5851815262538701
11147_10,0.9722949276009404
832_7,0.3734966651372799
8972_7,0.48307472976925453
2311_9,0.9880054320951374
6794_1,0.014506895935355492
1769_10,0.9990157901879639
11130_1,6.537642481196479e-05
8331_3,0.07319833016808211
5564_10,0.5205156673149578
2594_10,0.9387724111018824
11037_1,0.4358611147030223
6679_9,0.4623471855636469
419_4,0.7587007149470425
2635_10,0.09167522073841862
4436_4,0.6014497334369117
10972_1,0.15177364773322946
708_3,0.20283595243020558
9113_1,0.021153267610233683
1438_9,0.993228246736311
2048_4,0.0031553858515740853
4488_10,0.8626335400265084
7889_3,0.3456811556630051
11498_9,0.9905288263094639
8780_1,0.055404830001206544
2036_7,0.595640872465315
1861_1,0.050567352840614935
581_4,0.2972636553930592
9253_10,0.9885084131327172
977_4,0.2707500633665108
5693_7,0.8440167526285841
6515_9,0.9571682177598942
9378_1,0.0893586421282845
6695_2,0.39012270041983055
8507_1,0.08879906539389942
829_2,0.09882030059884854
11023_8,0.9975045212059329
70_1,0.055719551888691266
3669_8,0.3277948290098936
10033_8,0.9565101372399182
9158_4,0.2844977371272468
817_1,0.28325023844819125
4679_1,0.05027162700760758
8133_4,0.21355913498656184
3531_1,0.007844569837798826
10742_1,0.04925616528074806
5579_3,0.07868733854726387
9041_1,0.16299664048211737
4938_1,0.033754054021991664
4246_9,0.07608234897534623
4275_9,0.6026690769613016
6819_3,0.05520650881351451
6327_7,0.5372713588630464
6101_10,0.7882575482833303
11852_2,0.007834388416139907
10252_10,0.7834891835720551
4348_8,0.38128270786691015
5328_4,0.02346478560991607
11964_9,0.9714456465575346
8634_1,0.3012235843455226
3702_8,0.9597720253913884
1677_2,0.00811332906338456
5907_1,0.04511045884438115
8432_10,0.5417711151940099
3570_3,0.5645187348900327
9624_10,0.6791144987347245
11466_4,0.47315852422307747
9062_10,0.990026849043599
12336_1,0.0008327815992460171
3476_1,0.09429425340549927
7033_2,0.0006142577246725798
2660_3,0.46644989062313313
741_1,0.03173502388687559
11490_1,0.009138645390069807
6580_7,0.9258904777327347
1807_3,0.3481712512747496
4785_1,0.0015530204111445364
6319_10,0.12309173785770273
4437_8,0.9147418757690867
3533_10,0.9836278616433751
12119_3,0.6736292510697586
151_8,0.9558499082726488
7829_7,0.2665663382359055
5497_1,0.05875980967754437
7477_10,0.7253093656141497
5879_10,0.9897155550871156
8068_10,0.8572467007056759
7989_3,0.47782557067018827
8480_10,0.9696432600477264
10352_10,0.7734691830792306
120_2,0.01437535615239296
10135_3,0.052823252089511157
8091_1,0.0004661099220012854
8505_8,0.4925946314852105
3282_1,0.6405828075781813
11570_10,0.9942836920885428
11052_8,0.9626723924020427
5549_10,0.9967316271626625
3891_8,0.9889387623735542
3537_9,0.8947212662665264
8503_3,0.15020362242020585
3995_4,0.2836706088371816
10979_3,0.017393078509831725
11681_1,0.3363966363680112
536_7,0.6000899619552039
11739_8,0.9742878045601547
6951_10,0.8931076955442663
6210_2,0.47938992496751814
1449_4,0.15837248235786422
11860_10,0.8557023779762095
11149_8,0.9971050636771038
4021_7,0.7342191057654929
5104_3,0.4812510191409438
2989_3,0.01668932273148205
10112_10,0.994706677037927
6718_1,0.010767738670294019
7654_4,0.357427303915914
9481_10,0.989817370071169
7984_2,0.0016442647583986328
1348_8,0.7413765891202138
11079_8,0.4541422405958777
9554_10,0.6735575939599219
8617_8,0.9826349707229729
315_8,0.9305155792834745
6085_8,0.9838115933182101
1823_9,0.9999950690960899
3208_10,0.9959311979338459
924_4,0.6778206088073997
6479_10,0.9712815476558071
7017_10,0.9005360188563233
8595_4,0.311986090651163
4532_10,0.9816064223395704
5145_4,0.748920334983332
2358_7,0.8286477470685802
11151_4,0.23942403419122824
10238_7,0.9771286115201779
564_9,0.4417862259449438
4054_10,0.9716355643024198
8852_9,0.985030673238276
10137_10,0.9842906298927897
7014_3,0.05843024707487566
1533_4,1.5584520020923574e-06
8257_2,0.3850446051673889
8719_8,0.7795603213537055
5041_1,0.0007349785079700273
1469_9,0.9989890606012696
11726_3,0.10795514995375305
2002_1,0.014985427311733253
12293_3,0.038291312577559945
3672_1,0.0007833706003517408
11110_10,0.9653659595640839
3931_1,0.7256754578673064
6972_1,0.1449798898311863
10186_1,0.09222192512391604
9265_3,0.591982835214253
7412_3,0.10537658975948777
5427_2,0.04920710467963152
5006_4,0.36342951028841847
3199_1,0.006121060034629795
6256_8,0.18257931901111057
418_9,0.910137748951734
8834_9,0.9594326592193536
5093_10,0.9937905015584875
3190_2,0.021821550624319754
12360_4,0.00044548875138275535
9477_1,0.09615164180644684
6085_1,0.0059116596402336765
7773_10,0.9969899786149912
255_4,0.39995188946944416
1661_1,0.0003906033456559631
1627_10,0.9867326136528308
9204_2,0.04028006405133973
3704_8,0.27082156377614863
11898_9,0.980027052428568
1137_1,0.0004919181770054478
101_9,0.38000916942996305
1142_1,2.9812371996382864e-05
5314_8,0.9869886493121246
10932_4,0.00972488254710098
9639_2,0.10858919051539287
12125_7,0.9821121127432999
10998_1,0.0005405183391356107
5186_7,0.5207356130002413
10340_1,0.9924374729967849
7419_8,0.6459446866751337
6929_3,0.10841239830669547
7238_4,0.024409975674110327
10869_7,0.31163367113413487
4106_1,0.0017177189094544497
6589_2,0.308046368862623
9619_7,0.36376914524176573
7116_4,0.45339435052259625
8889_1,0.0004988358144500588
3901_9,0.9913427733713451
7052_7,0.47417550685353455
6439_1,0.0017981149545057747
5309_1,0.8224583686636251
4515_3,0.1715291394803238
3029_4,0.45921981230691417
10310_1,0.0003738736484772113
12350_10,0.9810316776636542
532_8,0.05155283374003978
11145_8,0.9562462332675632
75_10,0.9414446132934305
6137_3,0.004190684807663729
1637_2,0.11226870256038278
12327_10,0.9871833921169736
2177_7,0.7305372337831276
1879_1,0.15652066286756822
8745_2,0.0005858269505176124
3099_8,0.8717845822572807
7354_4,0.007488511320290607
10103_1,0.0004810778542491687
3296_10,0.9937360800138264
8494_9,0.9993977635948712
3423_4,0.4025483546078446
7609_8,0.33238268376679997
4265_10,0.9211234776129718
1872_7,0.9581521118168569
10987_10,0.8154073137235383
2849_7,0.5660254709017675
628_1,0.17113696039832657
1391_1,0.030138134859042938
7456_1,0.04725404927025219
12150_1,0.026012050336811938
7718_9,0.9971253807533416
5787_3,0.05762285042762729
12162_8,0.9562960127850376
11670_7,0.422249369605166
1784_8,0.304245646778327
7483_8,0.6809276662691546
9564_9,0.6174221544513935
10832_9,0.7414359305943948
12230_1,0.03548220458378742
2291_8,0.9991535603914865
8416_3,0.4864968102929362
9486_10,0.9939389772593239
8153_10,0.9521106191768745
5164_10,0.7556505695710707
6347_8,0.9949843911206051
7773_2,0.043379891294053195
12215_1,0.005069740420230546
10039_8,0.9499778403817001
9803_9,0.8060693970800923
1589_1,0.5925891466568761
1615_9,0.9852182958628402
119_3,0.012429347561301962
623_8,0.9926767101831235
10427_1,0.39605867450261395
11697_4,0.21242555309693886
6168_2,0.0013021492913308705
2658_3,0.013573367008362251
1841_4,0.013755748350916558
10572_1,0.3996294650949117
6964_8,0.02585995517888609
5172_1,0.1758548236080314
989_7,0.8544481722274929
159_10,0.9972604611362279
5240_1,0.0009969896570767862
11777_1,0.00857711877764543
8350_3,0.03657540753541028
2565_1,0.15270633834262826
7694_10,0.9544216334252219
7759_1,0.0007816462578516121
3003_4,0.5372425664181414
7128_2,0.0032255915757829377
8147_4,0.023028784006968214
6595_9,0.9552653789577626
8949_3,0.5418201772443497
9848_4,0.006354495863799226
7496_8,0.8567006550664406
11857_10,0.9023261575064937
3237_1,0.044506602617287554
5404_1,0.05971190038073411
10699_8,0.6780898006705309
6138_4,0.09733189815997685
909_4,0.5495209174952048
11833_10,0.9912015870188824
11817_10,0.9999155989539957
171_2,0.1936015150407414
2517_7,0.4096235173932766
10307_7,0.7427111564304799
370_2,0.049318332819876666
5995_8,0.891253181041774
4612_1,0.1294176280023275
6561_8,0.5929738232529498
7454_1,0.0027940271639707243
2951_2,0.028403723390727626
8860_1,0.015648408619477427
411_3,0.2453412966565961
664_3,0.0007561715988935429
4345_10,0.609614323061928
4452_1,0.6977767183958947
2833_2,0.0009445763703146097
10374_3,0.06649862083107237
9322_1,0.1210059004482047
9923_3,0.008236781682300819
8687_3,0.0898376144773276
7567_9,0.7807333872682509
137_3,0.006699583429219735
7872_1,0.0025205822454429216
6968_4,0.028745816660249692
1540_10,0.9813498471160852
9157_10,0.8465530285754759
4102_10,0.9933131711031427
6645_1,0.8199066951604222
7630_10,0.3497505960105476
3958_9,0.8800546984751821
11437_9,0.9435920963080331
6982_1,0.09252888146347364
4870_2,0.8039614602684905
3545_7,0.979346951169492
204_1,0.0011696525401553308
6844_10,0.6720128065907742
4736_1,0.09372254025783427
9120_9,0.9872941694908123
1608_1,0.021532499454532797
1251_10,0.9986970909055743
12315_10,0.9810786378835064
11754_10,0.9980741813268739
2399_3,0.6423042359208371
11499_8,0.9231337480614893
3870_10,0.895032486280902
5503_10,0.9942985843852545
4045_10,0.5444782351692241
3063_1,0.2779746009872757
10914_7,0.32061821405288254
8509_10,0.4962730543853858
5872_1,0.011520351946437298
5729_4,0.02145805653714296
10865_2,0.030860512572069943
10218_4,0.37191219995010594
2096_4,0.34401754343157753
11344_1,0.0959249640000933
10623_2,0.01815560559720127
11241_10,0.7476159838984594
7254_2,0.6222253255074788
7892_1,0.0035378079066187332
3472_8,0.6221976764148484
11637_4,0.6550224451336961
11853_9,0.9530664633412463
1096_7,0.9268679195444961
8508_3,0.6990579303910114
9400_10,0.991190809525311
1128_10,0.4289217695723134
5989_10,0.9697070754392165
8021_1,0.0045936244796595275
7860_10,0.9793503640659705
1131_10,0.8051248175142816
5589_1,0.010157224452324353
5662_8,0.9954657754245032
2161_7,0.89940736318985
323_10,0.9175641615879907
2431_1,0.49140480609131093
10147_7,0.9955677914944732
2956_7,0.6870095489639869
12005_3,0.38556764508774055
477_2,0.7032072628861895
202_9,0.9931327207697866
5710_10,0.999114009035623
2262_7,0.9606495987724027
7103_8,0.8566339958688529
10237_3,0.15196379294260567
12151_1,0.3456471283990938
7485_2,0.09378564379930796
2438_10,0.9894587948648073
4069_2,0.011749331911669422
5593_2,0.04647408298753698
11163_1,0.021905438492926043
6754_10,0.9995143668307911
9147_2,0.034111982046611325
9614_10,0.9146005656786078
4427_7,0.8525078042101144
1382_1,0.018468967045147323
11132_7,0.8677470620649598
6371_3,0.42410660120304755
11221_4,0.056293666760515226
10071_2,0.5662748635701991
4936_2,0.04762236490079097
1797_3,0.9013380647720072
6692_4,0.4340095103940435
5816_1,0.17134667557671204
6163_2,0.013992902605200648
2042_8,0.9778653286947931
856_3,0.09455960991284718
1233_10,0.9997685618856755
9537_10,0.9961543677435982
9504_9,0.8244523334970376
788_10,0.9476877878437233
3399_8,0.9771713548810756
7142_4,0.09809418564967463
10371_4,0.5066575132763148
760_7,0.819897852073831
3614_10,0.9279885943461648
3314_1,0.17220358752519813
3447_10,0.853127331328095
12240_10,0.10386223202117387
10083_10,0.9697863676309864
9936_10,0.9435678946600928
7651_10,0.8931344054560835
1470_1,0.0011486894818750165
2703_7,0.7924181411344123
5637_10,0.991654573132321
6102_1,0.09802044112507852
8991_8,0.7987321941708969
9606_10,0.8970684035677368
10568_4,0.0024072545387921404
7126_10,0.8874881766718566
4203_10,0.9769636342828412
4486_2,0.02401874889464554
3408_9,0.9769467012968537
2867_8,0.9866607538474592
7338_8,0.9316253687917848
8065_4,0.02626247479408873
2510_3,0.0022671641663821658
2110_7,0.6572538022886866
4097_4,0.21471318969720193
7484_8,0.07993691450117399
5789_10,0.9640021355068902
8070_2,0.0005992869550092114
867_2,0.05156121729702492
1364_3,0.8073047456006935
10654_2,0.001361231949068355
12417_4,0.47357552324662394
10470_10,0.9936270404058405
6544_10,0.10739862926758516
8904_8,0.4033093772854406
10282_2,0.05077732985022931
497_9,0.7567994179903978
2659_10,0.5891030138938853
9609_7,0.9492485406186967
3010_3,0.2823768630782499
9134_1,0.011445822046043318
8990_1,0.03159257842288031
6960_4,0.40325041365955994
9566_9,0.21918125623425874
7923_4,0.004052505824094279
4542_10,0.8102980608879248
7185_3,0.00458306239019292
1918_10,0.9969905811789697
2316_8,0.2722905033762313
5846_10,0.48558825393587096
1023_10,0.9673154319754923
7141_7,0.25306943445206215
3724_10,0.9998258217549981
3617_2,0.007854500187127031
7095_1,0.0060128255940115755
12201_10,0.9968298311301121
10309_2,0.016466556445012815
5584_8,0.9714734063411438
2063_10,0.914325361341761
10874_1,0.021314690862678252
4084_2,0.06532914599706532
2765_1,0.018456097104840485
11390_3,0.375888606222275
4676_1,0.43149224373876116
2130_7,0.06961539498849824
12032_7,0.05931253381445451
9671_3,0.007098759315610639
816_7,0.8552404549247791
11320_8,0.6382677018389956
1458_8,0.9886412459473204
1938_7,0.7895947329729766
2861_8,0.5010545392808573
5768_9,0.998385496628741
5049_9,0.8632939690462847
8083_1,0.21213438038125368
4825_1,0.0017981149545057747
1740_9,0.9530608992914625
3034_10,0.6165295716134505
9977_7,0.08732589708515848
8459_10,0.6784224540904784
1103_10,0.45523573216912083
3783_10,0.9645741202424293
754_2,0.24923009557593526
5580_10,0.9452889933629737
3472_2,0.3149352555028404
2640_3,0.34649577047585456
5400_2,0.20903479759219548
5881_10,0.9942189015862198
10970_4,0.9520206085059287
8842_1,0.053564650510688004
5336_8,0.5313954929806477
1398_1,0.285624748131016
12310_10,0.9495753174607648
6012_8,0.7731959118005142
1508_7,0.24763349647204805
2981_8,0.9785405530670014
576_8,0.9820730546011115
9683_7,0.2963811067907612
10336_1,0.0689051377776804
3345_3,0.2996754541288794
7683_7,0.7678425554753586
6366_9,0.7876417599221296
6741_9,0.9978527906748073
11396_2,0.47966804873949753
4964_10,0.6050609444118418
12285_10,0.9497847394673166
11018_9,0.1701602739417063
3902_9,0.834883219994111
4147_8,0.6164939640056477
1748_10,0.806550841801754
10084_3,0.120369010704541
3265_7,0.8584737994691185
6160_1,0.2931526230892903
2984_10,0.9899428489221809
1305_1,0.0008218165900084604
9075_4,0.9499628692239501
11710_7,0.9706163185222271
2443_10,0.9964632766582447
938_10,0.7012760713473793
1392_7,0.44182962283918864
10406_8,0.5011479835909974
4302_7,0.9898728299626691
2836_8,0.8809066740577634
2365_3,0.21097668974295192
98_1,0.6144020749832447
8325_10,0.9996488503469949
300_9,0.9408342528464374
7667_1,0.6108049412724663
4313_10,0.7523011837212692
12450_3,0.17785487832362973
8582_1,0.6123700804058133
11325_9,0.6042334368914453
8482_1,0.12844085753229031
7304_8,0.9841151516909952
9439_1,0.00029081877629887873
2656_10,0.8894987032888563
4306_3,0.1386250924158978
10079_1,0.00010816385855962711
11172_1,0.0234523347648178
6095_9,0.9984533794824327
5698_1,0.10359278776553302
35_1,0.8751177940932124
6043_3,0.08711904929546246
2261_1,0.003794326370409411
4784_10,0.8978304420010301
10936_7,0.4829757106746729
5316_10,0.9335806487126117
8361_8,0.6971329930850739
10373_2,0.625403549017585
500_10,0.6123860772893752
371_4,0.03437801719288964
3434_4,0.02199085717822037
3654_2,0.005521480205536251
11280_2,0.3153016565792123
6542_9,0.9825937133072825
10313_10,0.9994680064138091
7267_1,0.05524935763936185
11897_3,0.5277977736512289
7321_2,0.037502626981262964
1516_7,0.5395910808628495
1640_1,0.04290977947118926
9456_10,0.22970368910135064
2769_10,0.8938369330291991
6280_7,0.9859791177687154
12399_10,0.9953802065809031
6206_7,0.8814310762687352
8836_4,0.20893540832594867
5254_9,0.8605109735699047
10903_1,0.004655499018538209
3966_10,0.4285696092083403
4048_10,0.9991212111536891
1528_9,0.993762679658562
6219_10,0.8828591509899484
8280_4,0.4597967031028862
7974_10,0.7907094070982361
6956_8,0.9376581115134098
5975_10,0.9988600242689798
6759_10,0.6657088587468761
963_2,0.23846362758393058
12158_10,0.6524025036954225
148_1,0.30230425243212106
8831_1,0.3993805848903493
11556_9,0.44922926386506246
9038_10,0.6821150230161827
4421_10,0.9983559118590029
5236_8,0.8249010351508113
3753_10,0.660467776255764
9334_3,0.5715278825741139
2444_4,0.0010925453058367165
2890_3,0.11321802355062338
9132_9,0.7894488688392641
11413_10,0.9172767185608575
3424_4,0.25183810214598384
1258_3,0.10044731819036153
5277_10,0.8463879289760068
706_10,0.9998964126420224
3527_10,0.9801573217172694
4081_9,0.8689685518086475
3895_2,0.6155553023594523
11528_2,0.0018132983807760197
7285_9,0.9831356545684632
12339_7,0.5812022378735731
729_1,0.10803696414637161
6291_1,0.2174574022315882
12296_9,0.44922926386506246
5913_10,0.9999802587013494
7770_10,0.9938105917897838
9546_2,0.04746261283039
2383_4,0.79561093655769
6802_7,0.9860865128712321
5445_2,0.05376654648977141
687_3,0.02307313972880871
9982_8,0.9661409697808686
11830_10,0.6145100711845185
4271_1,0.03622794255995955
7279_10,0.8783434252921787
1599_7,0.08640887407298334
10880_10,0.9954921355159082
2838_10,0.6284120451552139
4234_9,0.9769913706750859
7674_2,0.08649123308957338
6156_8,0.9999982556107667
11657_4,0.06073587414007311
11738_2,0.05999639977848414
11962_8,0.846014346058267
10966_8,0.3049889465126541
6421_1,0.0012769292129891682
1476_3,0.2109107745751209
7022_8,0.9996216768201189
11500_8,0.6932526373047381
6263_2,1.8252223731580768e-05
8989_9,0.7948966936726247
2395_9,0.9401930389063521
9311_1,0.12132696178018212
6386_4,0.038222569517382024
91_4,0.588273470507558
3759_3,0.044716845809967105
11766_2,0.7722717414325048
11290_7,0.6797283036335912
5627_3,0.0006299584831192281
3278_1,0.03851512876869605
9682_9,0.7388592151318781
11894_1,0.2558306904539871
10387_9,0.9958119447104451
884_8,0.996653361650037
8408_2,0.07140215076116749
5772_2,0.4070256999210775
11422_1,0.13040163894324489
9709_1,0.2211948838455549
701_8,0.8756118311048678
2721_8,0.8914182383297786
4875_3,0.40922239106623454
6356_1,0.003112528454935244
7446_3,0.27859525947720853
2440_4,0.45771134301479227
9732_1,0.03993044644728146
9109_10,0.9257666951747576
7578_2,0.9905776109098405
11017_8,0.21971520101022152
12498_1,0.0027461875630593593
4942_2,0.3720733977835588
4939_10,0.952599840551642
8451_4,0.5143911208266009
6274_1,0.08277317275435023
11635_4,0.046858364545317534
8931_1,0.059551294142413155
109_4,0.3953992987365457
11744_7,0.9112480998911997
5351_4,0.4993545610570111
1120_9,0.9916847826187285
10494_2,0.007468346598126976
5317_10,0.8791621977943501
6139_2,0.27414711560182803
12322_8,0.9394353267783327
11239_3,0.3370895271925356
4815_7,0.6040572373152151
11979_10,0.05739464030866885
254_10,0.9694429352185077
10286_3,0.08997008644992517
6457_10,0.9939248493831248
4662_8,0.9637020455369729
6298_4,0.01595637493296953
2704_4,0.9470461150264522
11313_10,0.8054079181371366
187_10,0.9977936916636826
1166_1,0.010299203552306811
12126_3,0.011179393946594526
1813_9,0.8114080272726213
6282_10,0.9950083934995062
10525_7,0.962534394542529
8887_1,0.06520965223605461
11605_7,0.2565005517723874
6533_1,0.000824895991816633
1210_8,0.9730693328759388
11904_8,0.7494000643928798
10659_10,0.9140021471895391
7004_4,0.008014360614679847
10260_10,0.9018299076144017
11997_7,0.8092830055478003
7850_4,0.8087644192006095
2085_3,0.06635028125780427
11839_1,0.01404598993137669
419_9,0.9988238247914207
4157_10,0.8516895382892455
8253_8,0.8685673552329983
11268_2,0.002681742917784616
12119_10,0.7062709312655002
10259_10,0.20995941094654497
978_1,0.11471246344372261
6848_4,0.4403013342479902
9368_4,0.019475254746082166
7863_9,0.8333908975878024
4157_3,0.14548208041293775
4184_10,0.791113996911761
2888_1,0.0014314662386877186
8073_4,0.0570730360234605
1755_1,0.2599247282221915
7688_2,0.6377688802730905
5966_7,0.9430669080426434
10673_9,0.9720128864641367
4110_7,0.48904441068803806
699_9,0.9005102897135756
9240_2,0.09773866596559595
3651_10,0.9921875382749779
3933_7,0.878231520230579
2960_7,0.9681972007106111
10664_1,0.0016664285752204036
358_9,0.8907493188281741
11200_10,0.9419936323871774
4471_8,0.999807042319902
11661_2,0.29161378415157846
12304_1,0.08816924236431314
2442_4,0.9564176287491343
7134_9,0.9858716345081838
4214_2,0.2586856295717636
4869_8,0.5639988353551454
6372_1,0.5322833520267072
10236_4,0.45538758141712316
12189_1,0.7500886590026347
9715_8,0.9529217989738842
5751_10,0.8279997119327352
166_7,0.4417520715209015
11889_2,0.4235323570862959
5098_1,0.5161523365219813
8126_7,0.984195653778624
9302_7,0.7788385174843185
10430_10,0.9998185767139475
445_9,0.9985636872318437
4550_10,0.8934884755113022
10995_10,0.9440186250886267
7154_1,0.016420886716327923
3983_3,0.009716676170644053
1446_9,0.8386720760453643
865_10,0.7729547845938124
3012_1,0.13286463030763895
3562_3,0.08939978046483096
2551_1,0.001965154379818199
6440_1,0.11938658744400048
10241_10,0.9875884000337877
1542_7,0.4163809425601843
1405_2,0.01031758304209528
11835_10,0.9766733051715019
4023_3,0.05231306368879391
1287_1,0.0005900152998838372
11059_2,0.2694939963119976
2583_8,0.6095100158975704
1550_2,0.16852411193023326
11382_3,0.07369581774785194
5567_10,0.928607686388293
11033_1,0.0037369095301275136
5543_1,0.005030285967565205
8631_10,0.6332034024063015
10871_1,0.0015072956489489738
6955_9,0.9964117538558855
6254_4,0.34672630957727935
2179_4,0.09844123500179079
7559_8,0.9409112153852398
12431_8,0.866255278622429
279_10,0.885797318283505
2127_8,0.9495164141097401
3803_10,0.8268593371256366
12200_1,0.0015938661228751699
3480_9,0.5329941032431948
5156_8,0.5227426846885864
1718_2,0.005753509149809378
12145_9,0.9741759399326793
1560_4,0.2849096330955856
11646_1,0.0005468201311006283
10378_4,0.0484368983726864
8281_3,0.0005206978550501925
10393_9,0.09147016785601605
1402_4,0.4602177420875881
3958_4,0.021506916757195967
3676_1,0.0009475638882067218
3709_1,0.002966284231093524
10668_7,0.8074238775753808
11972_1,0.009597877314388388
4842_1,0.003353629840711858
1889_8,0.7799177535787737
3990_1,0.057912624771963864
6467_7,0.9364898676678927
5928_4,0.3018767530735643
4639_10,0.7763575277494997
4748_8,0.9844623376926452
5417_10,0.9995617192491423
2351_4,0.11249296656407547
4365_1,0.011037437701730546
3591_2,0.011241737553446372
5914_10,0.9793417081552176
8099_2,0.034209880570503524
5510_1,4.083115121973077e-06
314_10,0.9955050043839727
8544_10,0.9202681311457792
3799_1,0.11840895474548838
5650_2,0.03587419804350205
1646_7,0.1532929573758457
11586_9,0.8823362348439723
2389_9,0.9932925901632379
908_3,0.16784249711044805
654_9,0.9692319572940878
6323_9,0.944836491458471
3014_7,0.7084767004007443
11312_9,0.9480654470855205
5457_3,0.7535267002520694
6071_3,0.49878798294257926
12459_1,0.00017886256845193503
8639_4,0.10318134944263403
3600_8,0.7923461728569668
9052_3,0.2663200813635118
528_1,0.009576975441772545
7692_1,0.2539025158832013
6885_3,0.08433072955513948
11395_4,0.9805882260828638
11763_1,0.822314024590175
3631_1,0.18267495641699555
4296_3,0.19296059203476607
4810_3,0.22610709231683904
6660_2,0.00427029189759057
850_7,0.9400786078639783
6731_10,0.7524723637999864
12129_1,0.003893007449675337
11525_7,0.8327952677527818
5782_10,0.7744753797255384
4613_2,0.14458371083959376
4460_8,0.50532084143042
2992_10,0.8751416274574
570_9,0.449694283443267
5908_4,0.9198045161678782
4677_4,0.06709597473178473
5791_10,0.9791311801745275
5718_10,0.996650662255371
12453_10,0.3244649433802163
8364_8,0.7863345211689451
7761_10,0.9338569584047516
3459_1,0.035066101131914953
9169_1,0.02626591413058965
12022_2,0.2270555238179158
10869_1,0.03096920289601674
4997_1,9.008415003778532e-05
2430_8,0.7396561469032988
5011_4,0.24992635573319055
3011_1,0.054831764619514306
8425_3,0.4608758800370306
6517_8,0.980783153109061
9300_9,0.9988779577842296
840_8,0.7610426589251437
2662_10,0.9394610130410109
2724_1,0.09125706179044685
5654_10,0.24052688286259066
5574_10,0.8312583718548902
5606_3,0.007308040159848334
7717_8,0.5507146206060389
11202_10,0.10080441361697971
6889_10,0.9984470411422116
3712_10,0.9963888406284083
3042_3,0.07239827800505534
7858_8,0.7879237615870323
4902_8,0.983986496602926
11885_1,0.038175387794839706
7582_1,0.18627256420909183
8450_7,0.6992531112528712
9368_9,0.7123557887819959
7616_8,0.99914203448148
4443_3,0.3010308562571173
2344_1,0.0019328573691675679
11861_9,0.5149483476641242
7738_8,0.9960444562213563
327_10,0.9979779096783764
8175_4,0.0051531762145735705
10189_10,0.9980218401253756
8691_1,0.043174143376572584
12236_2,0.0009701329929796503
7341_3,0.7838888322453545
3261_1,4.3497776472549863e-07
8809_4,0.008821610726090287
3735_3,0.07472206156979673
9339_8,0.6406024064970373
8242_4,0.6531550938411469
6787_4,0.14324002810763042
4379_4,0.036728115513425655
5967_4,0.5838829191284259
5568_8,0.23238119927357465
4579_4,0.03213857406742204
7066_1,0.03575201106810497
12323_1,0.04662105020555059
2673_9,0.002049224899189063
2639_7,0.7469953778999374
8323_10,0.8751408246492487
246_10,0.9690445119602517
653_1,0.42243090000454736
2407_1,0.04506523899218887
2795_1,0.0022569852322564376
11793_4,0.05544348091007029
2848_4,0.006365561032681648
6040_4,0.055350624130051373
9388_2,0.1509123707768202
909_10,0.9617228450434792
2567_2,0.23448740190284603
4473_8,0.7491858639018443
4451_3,0.08301960710796949
10296_1,0.006884183483236732
5111_7,0.3640456302495434
8281_9,0.9938720708879579
4957_8,0.8557626973995464
8249_1,0.6266786221673026
1572_3,0.8584811113682885
5718_2,0.25954052822545937
5959_3,0.24283043835462803
3013_9,0.7113620325508109
3544_1,0.005154465858934055
11250_10,0.9859787947579718
5162_9,0.8646415034485947
8872_9,0.7561207694028137
11122_8,0.99516485612876
991_4,0.6233944966426945
6322_9,0.7385319816000112
7065_8,0.7720059518142346
9704_7,0.05962117464884886
4317_9,0.9453415221076282
11622_10,0.999597445700048
10725_7,0.9372116415334129
6549_1,0.0005413001668974076
9062_3,0.412721049005981
10253_7,0.8095352967088719
4035_9,0.9247546023347762
5437_1,0.2060624071102609
1779_1,0.0012160701262969695
8740_2,0.0016891004490532766
10175_7,0.8503212774588411
5331_4,0.18869640928061834
9506_3,0.15033754548081021
11199_4,0.05621281192995645
9948_2,0.11797457004010685
252_9,0.8435576831299301
1094_3,0.40967743531917883
9145_3,0.4153375923321046
506_8,0.4366814259715653
7126_1,0.03522803464951154
3317_1,0.3644652254529713
11439_4,0.07311226107322161
6583_1,0.3218161935857179
2805_8,0.9758362457191038
1841_10,0.9673757726932105
2698_3,0.02064060846617878
6956_4,0.32773787539102317
7664_8,0.9679801679159481
97_1,0.18530028868028686
4588_9,0.279349852834718
5220_1,0.008335811880744769
45_2,0.38281439301265785
5812_4,0.22922927881771327
6625_8,0.9331600334573087
2816_9,0.8273934983220085
11463_1,0.009661868714106004
158_9,0.9878974601914874
6633_1,0.05457292805801759
1184_10,0.6731496635018286
3967_1,0.21229865194535805
6653_7,0.8042769381715983
6093_1,0.006862556823219854
2932_7,0.7474346821829452
1522_1,0.013604076702826779
2529_1,0.22900062732615722
1475_1,0.2917018037392305
2027_8,0.9195714761116408
1854_1,0.02642207553328361
6269_10,0.7409861422177867
2184_7,0.6609473209960963
4923_3,0.16675833761967335
10827_9,0.9936403054201365
10885_10,0.996831722768875
3281_1,0.04711576417084743
1468_7,0.975162836302821
104_1,0.02132992331261287
3898_3,0.30983049314711214
10973_7,0.9057726335718873
8900_7,0.9770404727320815
10735_1,0.28835148355688306
4992_1,0.0007774128717836828
368_8,0.9999374685754425
6709_4,0.010828426641249634
10453_1,0.2515381914752307
139_4,0.47916255776537175
12079_1,0.012022147493126283
7001_4,0.05984131652461066
10533_3,0.1905425959967072
2307_8,0.999962987662305
7241_9,0.8074281054207452
7717_3,0.01373088230409824
6223_2,0.3211926598245292
9500_2,7.687896090767429e-05
669_10,0.3088788809178963
1596_3,0.09465018741793016
3576_7,0.7604724725212629
8263_8,0.9623244816694622
6832_4,0.21344917018140783
5158_9,0.941793460330065
5899_10,0.9123509918040524
5794_4,0.9742098687752497
8854_10,0.8426131210576726
11036_7,0.6338764724487004
8803_3,0.13966394584195513
5733_4,0.03296015156720941
5268_10,0.9783742649966171
12297_2,0.0005280825769236401
6862_1,0.49702801302621236
5515_3,0.06869533887253867
3382_10,0.9959433967993591
6738_2,0.011216326743030164
3832_1,0.04776965317581098
10210_7,0.9430649769939512
12080_3,0.25362427820461075
7748_2,0.0007091777496673929
4788_1,0.9266560226019864
182_10,0.7269492735014234
4478_4,0.05637503050576751
6544_1,0.013586596082242351
2705_7,0.4454141909104043
10334_1,0.009141303227483744
10374_10,0.9612802393163868
2031_1,0.0016636213438947366
4671_7,0.9998938873693636
6231_9,0.07222373251149122
9077_3,0.1624835918386149
6381_1,0.08009115599547305
216_2,0.009144580828576053
9956_4,0.33999548828476217
10882_9,0.9789202177756094
6192_10,0.8619009040648424
10442_8,0.9267795680429406
3199_10,0.533411638105499
7649_3,0.12809254596249106
1793_9,0.7778063197321315
7987_1,0.394563485673177
1678_1,0.06487732328438202
8176_4,0.18380848636069122
4674_2,0.041045792581394194
5751_3,0.5241985289292109
6904_9,0.8429882256720046
8869_1,0.023619218447952155
6844_2,0.0018719537431095392
8744_2,0.008610145320742167
5430_3,0.5444163894349133
1556_9,0.7728989527038412
10830_9,0.9753160485019114
5642_8,0.5685833973150248
3337_1,0.04338799700208293
5339_1,0.014982247443114445
9198_1,0.003066184560038848
5759_10,0.6850254301394957
10632_9,0.9095465495649131
2067_9,0.7354813624992232
3442_10,0.8870118379603639
3341_4,0.4534328903399486
9055_4,0.6153415135535946
5793_8,0.9030846568088958
896_8,0.6152652678385313
1804_2,0.12365907135772404
1134_8,0.595025191720766
5532_8,0.9421862820710348
2453_9,0.9746157670531141
8113_2,0.1757732996871397
12046_10,0.9993657699488245
11873_8,0.9564117013862055
4525_8,0.9673336675302581
10377_2,0.8122316783644343
2008_1,0.10022714631052936
10288_1,0.3641859338549458
1083_7,0.5755902389313728
2415_2,0.7148649812690453
6688_9,0.9971851867325197
4448_9,0.8574151186684867
9407_10,0.9159561349824703
3976_4,0.27635629696479896
3930_8,0.6531616751076433
3950_10,0.9125489712239244
5645_3,0.11809135240834612
6064_9,0.9916461886321275
8064_1,0.009952731716910957
3643_1,0.002894759394231161
10321_1,0.02224576086673093
5858_1,0.034354479464837634
8535_9,0.5367466468015276
3643_7,0.6228824525904727
10041_1,0.07003196693513021
11014_10,0.6126830043337658
11776_4,0.022280648672691368
8227_7,0.9894175477485555
11445_8,0.7237009403735669
8756_10,0.8879518591632598
9328_10,0.829198600342155
11734_10,0.9674188684225622
10118_1,0.037943435028602264
9690_2,0.22907166206174456
7713_8,0.9447660051511437
545_7,0.5430351436329236
10603_8,0.8483521566394444
5925_9,0.8296263107637931
3105_1,0.0016504952354408464
10134_4,0.5108068455285603
6354_2,0.41328238426238073
9866_2,0.08274819484370312
7553_10,0.9622451840739593
11324_2,0.31065686962169
10532_1,0.01677879400410785
439_1,0.0030064084240807305
11265_10,0.9696169146986835
6568_8,0.912111520347571
9218_3,0.7393423084232413
1939_2,0.03875887705598106
4215_7,0.7075891908312667
9968_10,0.9490821657948075
12022_10,0.5010984918281783
897_8,0.21881443412298127
7129_8,0.6109767186930853
7414_4,0.011938039093695046
8118_9,0.9577166835690234
6179_4,0.022787872789980002
10124_8,0.9878990737137905
7379_7,0.8621040272444458
1075_9,0.9791506223200133
2594_3,0.1820947027631095
11482_4,0.14002917168431536
7675_10,0.8481370394571182
3127_8,0.984501872829275
7440_10,0.9993413772526801
10215_10,0.7693204426384056
5098_10,0.9936520027148247
10534_2,0.0016208365363312507
12364_7,0.627941617090417
5191_1,0.21823266294467145
4179_9,0.6500919605148476
1433_3,0.18512701218720895
12177_8,0.9834066602331378
9519_8,0.9937910604450179
5781_7,0.6781755129022619
10031_8,0.8329726771604845
2631_4,0.06109656401659238
195_4,0.3160948025937622
11432_7,0.9214102865134912
3952_10,0.9947123566133359
5805_2,0.14333669322721693
5555_10,0.9982541358990478
7161_4,0.3039538152265763
1399_1,0.29461241625321577
8332_3,0.3721530912354597
2132_2,0.06654370252489712
12031_1,0.05958536611593973
8480_1,0.03787407391627301
11103_4,0.42301680116787616
12124_3,0.2429727431613522
12072_9,0.9313347986006278
9371_9,0.48060051037051854
2144_4,0.2880312556079871
5668_10,0.9999858539304349
11790_10,0.9709211353818475
6933_7,0.2795222490511623
4932_10,0.9939361705941424
216_10,0.9355023071706158
5862_7,0.8935151881851857
11669_3,0.45946276620739246
7488_4,0.01848340799510796
6402_10,0.9760059168285249
3244_9,0.7237319975497578
5108_7,0.8691525117363917
10854_1,0.027682690999838406
3404_10,0.983730585581517
4282_7,0.28904980603971847
483_10,0.4776870902084634
2110_4,0.010095220561948968
6199_8,0.5531866382714667
7942_10,0.9122708666601472
314_2,0.009004008030312084
6395_3,0.029688255670360566
274_1,0.0038073472567043236
3421_2,0.11973387636875917
4100_1,0.003397075157168878
9232_1,0.0014811256599449826
7152_10,0.9998036150956694
10721_7,0.9932256360109425
3565_3,0.18398715748443228
4223_1,0.10866423655107948
3543_10,0.6139993992612466
1256_7,0.8075804290630805
6567_2,0.0065354126663172305
10658_9,0.7779560246042532
1381_1,0.21531637659050396
2591_1,0.004300009413153064
4775_2,0.6644354505891547
1743_8,0.9220089120902281
3004_1,0.35069784191144215
11712_7,0.6639370150834759
2966_2,0.027523898628815074
3139_1,0.019156627808028705
989_4,0.11107235840592777
2141_1,0.03855338159457349
8224_1,0.21878234805040775
10222_8,0.7268800011080122
6540_1,0.07115420207053873
7427_10,0.999664713965352
5519_1,0.768168756095424
945_2,0.03599701517819401
3996_3,0.05993166964183862
10202_9,0.9977013510636876
1328_9,0.8659160161681173
11425_2,0.04011259955851411
1252_4,0.20879013030351082
10086_1,0.7043545219683889
3946_3,0.08403674645793013
11834_8,0.9259092875974403
10710_1,0.44527338075140427
1858_8,0.5286684205381043
1532_10,0.9882775818711586
7082_10,0.6628968629601341
9813_10,0.9938718071064215
38_1,0.008276848659208205
271_4,0.13567752946753878
7184_1,0.011225480144772901
11866_10,0.6656799187840519
5983_1,0.008954279480839765
5026_10,0.9807524031389095
9030_1,0.0001634492846134715
11133_1,0.02927382617559304
10130_2,0.13372575270168288
8357_2,0.12454149952586949
9824_1,0.33274415654754835
7264_4,0.4795197984660811
12449_2,0.007422904086111975
1735_1,0.03875956953719004
618_7,0.9897480831699297
6421_7,0.7524269210394378
6294_4,0.10016104015943297
2174_2,0.02888774534484904
5985_2,0.08229203172676743
7121_10,0.8065012677029408
7912_7,0.9724598948323141
5015_1,0.7352600495909667
6476_2,0.3088028123044303
9954_8,0.5313286994321422
10122_10,0.9424601506250837
9334_9,0.9613958188032005
11751_3,0.06743061911948384
11607_7,0.9292318686381155
11310_10,0.9993053344765823
300_1,0.049498484956643
6520_4,0.00551985541975322
6735_10,0.9997811935804185
10008_8,0.6121199134182191
7817_7,0.5026159701110854
3634_10,0.9745803527970501
5927_2,0.07062073354052573
3414_3,0.00033248417460479576
12266_1,0.32707727246082263
11276_7,0.6239416709334967
5478_3,0.13932112366037058
6992_1,0.015006528374072663
8039_8,0.6377844826057217
11491_4,0.4376076921475704
7823_7,0.9650202054768199
8662_9,0.728791590255255
9921_2,0.535023018755185
2058_9,0.8366093792359393
3321_9,0.7863821060981345
8634_7,0.6456978138548879
2161_4,0.5739715505970427
3441_9,0.9494432733349488
10096_1,0.0015154999200348825
774_4,0.0028919501355197945
12086_9,0.9374525829877235
1968_8,0.809149966563645
3269_1,0.002910304558755134
2988_10,0.8631469352432054
853_1,0.0062185078794292185
5303_10,0.9747187049102599
11628_10,0.9883445805290022
7772_2,0.0042497431012924365
2712_1,0.0016618377898753398
7362_4,0.10779629166432583
3681_2,0.011973040913899956
2066_1,0.0026379674618727408
7089_3,0.7959056645528328
7393_10,0.22416429412122596
7284_1,0.0756847451668494
12199_7,0.531935548336217
3512_1,0.3970523632957706
4349_2,0.543037377953136
11825_1,0.32707113365720936
8351_3,0.09208385637815406
467_3,0.20214114815907974
2523_10,0.9855485947417888
12078_8,0.9959412892721731
1418_10,0.8658593344735416
6552_10,0.9278557296263554
10070_10,0.9993990121032759
10031_2,0.05398173186899797
7179_2,0.009150337641203763
4533_1,0.021610555358735805
11788_10,0.9998328783428018
833_3,0.36103403426344655
9777_1,0.23185504900304643
6930_7,0.025773296707289263
2310_10,0.9999514024555576
2924_8,0.9186443090600566
7252_10,0.9918789637610526
10216_10,0.9881942142482094
104_10,0.9983783464604141
4283_4,0.0887286465169543
6351_4,0.15931127966263092
1272_4,0.8384297419150164
11226_9,0.7115113410881765
3342_10,0.9980074489580286
3326_9,0.6338226381686646
3541_8,0.9997086174750914
8142_10,0.9205758202858427
6491_10,0.9338045894820832
2125_10,0.9920615148558891
7008_10,0.9261227657427163
5347_9,0.9918142724930631
8420_9,0.5467179924440996
10767_3,0.4678000762533004
12094_1,0.015500013692982467
11904_1,0.00045547943393837526
2635_1,4.686281770524112e-06
4074_10,0.623301283895504
2470_1,0.07783275391741747
5888_3,0.34145289481843943
9164_4,0.5707148120276045
11312_1,0.0002851687977443608
2588_3,0.004548331692744158
9177_1,0.019555997690027794
10361_9,0.9448344452606926
9216_10,0.2794842258979023
5754_3,0.34758402736369676
12314_10,0.9993564201979032
9044_3,0.27058694388893834
5677_2,0.6275640858400081
6664_4,0.07319331323084623
2308_3,0.17747886026170187
7377_3,0.48624195971940987
9149_8,0.8022910597865138
5244_3,0.004924525158204488
10656_3,0.33440465708544054
10885_1,0.004996888259131149
4296_9,0.8426801953316783
1770_2,0.1591205433022346
4940_10,0.6606035746331433
3984_10,0.9876614545607757
2976_10,0.9326159917125522
2767_1,0.009454803452386733
11848_2,0.010942926891373944
3096_10,0.8189217527775694
9792_3,0.8150648049571515
9785_10,0.18647128776120334
10264_8,0.6181444527315683
12277_7,0.8638936772564528
8110_8,0.5763368844140984
10396_8,0.8926571191882886
3233_2,0.2884092667222803
1903_1,0.2210831489662818
4743_10,0.5523107811539796
1417_9,0.9393166988812477
2662_1,0.008472212012889068
11231_4,0.37496403433520464
9747_10,0.4144433736114467
27_4,0.11086708680199331
3310_2,0.8102054253367466
3212_10,0.8412390209586101
5608_3,0.0002953522375164446
1241_4,0.6909357410383256
5543_7,0.5266899025958187
7945_9,0.934520999343551
3705_7,0.7513448552161527
1598_10,0.4405793972802484
4273_10,0.9642716276453055
5985_9,0.8638078583543524
531_2,0.21361334772163845
6744_7,0.588598147709599
10270_1,0.0013596150901322504
11199_9,0.9693055005810561
9755_4,0.552836713290849
12080_10,0.998812977003236
5600_10,0.9952759589111817
12216_10,0.3917544369222756
10783_4,0.8706142318809824
3307_1,0.017540518558208613
10954_7,0.7733000139178721
9959_4,0.018932347611047784
10223_10,0.9724826042648116
12130_1,0.9963170415489808
11939_7,0.36731343765105745
12318_10,0.9682721617649669
6204_10,0.8856656162845471
2927_9,0.522610967804275
2779_10,0.9784318542408811
3661_1,0.032794838899451194
9068_3,0.02180420871034715
1970_2,0.23078990177548128
7539_10,0.9614090413950807
9241_3,0.0414124652901512
9350_3,0.07398276419840531
7885_8,0.987357507380177
1078_9,0.7511627412148179
6062_2,0.06864592536130308
1215_10,0.8627721241808681
1561_3,0.661257695764231
2159_1,0.4387155144569514
8637_10,0.9981573791909535
8375_4,0.25529836211958334
2864_1,0.1753600619067937
186_9,0.8009816845136072
1669_9,0.8586341859372901
6936_9,0.41824398531987345
7541_3,0.21456218577564015
1515_7,0.16559349265308945
5039_7,0.38357539847848066
9269_1,0.012270960293007494
4965_10,0.9965084607219845
10028_3,0.13883810018192205
3547_4,0.8267271469404471
6070_10,0.9999787785872915
11334_7,0.9998759332622661
4980_7,0.984344406513004
5063_2,0.22601329942022363
11637_8,0.6072513762315193
310_1,0.09496245055506915
9847_1,0.00834927744318116
4433_9,0.977524013468924
4535_1,0.577652638702684
11209_10,0.3663009049811234
242_3,0.054000423437473286
6150_7,0.4739874056498508
7499_2,0.007788740706586822
10073_7,0.15550251598321208
7352_3,0.004302049027142418
6616_2,0.22995436474073233
2148_1,0.15304568054563034
322_1,0.0008914336251383217
638_1,0.022903615458911362
3236_10,0.5285772589508153
11913_7,0.15504647261960325
7188_4,0.03068916353773106
3999_2,0.009418973452899809
1397_1,0.1269451120147317
11768_8,0.9505960925756519
10301_2,0.2781212697684852
7486_10,0.8339905385518848
7915_2,0.14864127732854845
103_10,0.9610378959505803
2249_1,0.19474782080548794
11559_9,0.9229480699589828
11374_4,0.1390308578759532
7639_3,0.009625405808259485
11922_3,0.07498741675027491
6068_10,0.9909148751517193
7681_3,0.3669206909817844
3097_1,0.010130418355765692
10233_3,0.1792672357238458
9111_1,0.021941818361387533
7240_2,0.025138280861853622
10394_9,0.8363666391272108
792_2,0.3665025304639778
440_1,0.011837499402073482
11141_1,0.000823199134964207
7488_7,0.5823338435549292
2731_4,0.0077435400720433775
11632_10,0.08596997576913824
7577_3,0.14351468485431476
12047_8,0.7580838966456253
7055_8,0.9444806213598393
394_9,0.9260239110885686
777_2,0.07805502351656059
6460_8,0.7484185128484899
10412_2,0.0003621604216545944
9910_8,0.26270167655521354
826_8,0.759801365318764
7381_1,0.08029782245716596
1700_8,0.7106825424457348
1131_2,0.6349359367834062
6796_10,0.5987781833789438
7084_8,0.6833339458938025
5735_1,0.006158631811813447
6290_7,0.8953593840761462
10506_8,0.9463467696668554
2276_8,0.6034322361699345
6221_1,0.9215687701825526
1404_4,0.0306962929814217
1440_1,0.05059127848399473
8199_9,0.967776103228453
1145_2,0.5198785780708558
5546_4,0.3031379415492944
816_3,0.941589865916588
10535_10,0.9810660881619001
2_3,0.1130800646780551
6735_1,0.00851853184681313
2684_4,0.0024314135009092836
1765_10,0.7983644127748128
4346_7,0.954108542220058
1157_9,0.0889579730365283
4216_1,0.003794326370409411
3937_8,0.990089408019337
11140_10,0.7575452400971621
1635_1,0.026097702084883895
4457_10,0.9315256908835989
7250_8,0.9858655668546555
3801_7,0.2842117613061401
7892_10,0.6635832476528725
11022_8,0.9524693240067629
5856_7,0.6691174499354865
345_7,0.7069109229644974
10809_3,0.08058821276940129
9474_4,0.005713842446195478
5775_10,0.9315601303258185
2845_3,0.005091228400206237
1383_10,0.3783021079643973
9171_7,0.9191109626335588
10866_9,0.6776412365853866
12161_8,0.614759028335282
9118_1,0.28406630677944283
9122_8,0.9498082290264278
5142_1,0.004458078386649003
2798_9,0.9052669676970521
2260_8,0.9856668716154182
11677_10,0.7006325351442634
2788_1,0.025061031383910175
8896_8,0.9408670050304234
7685_10,0.6543630645236493
760_1,0.0003542609592397935
7811_4,0.1359760493117162
1964_8,0.956549367307249
5059_10,0.7072434617706552
4568_1,1.971869050240725e-05
7475_1,0.08345265104146676
11400_3,0.2321529306174893
6082_3,0.0013454762782068887
7961_4,0.5043532437838317
7502_8,0.8953674531423955
11351_10,0.8690103081386022
9851_8,0.8272462757020999
1172_1,0.02272463656424716
1815_10,0.8611445082885696
6218_8,0.4648086120417084
9628_9,0.8101668619830398
2312_3,0.16099214147646748
5014_10,0.8326046997194668
7845_8,0.9281045076999639
4468_9,0.9388141857097407
2247_10,0.7618384597311288
4408_10,0.975340127216764
2957_2,0.5222818702632399
4716_1,0.014531972852944084
9909_1,0.0756858590014827
8611_1,0.1655558906263773
5055_10,0.6973693971997652
5828_10,0.7089386140885687
1147_1,0.13795452868250077
11716_10,0.4043340959124604
5289_8,0.9715227429656519
5566_10,0.7930528007923948
3389_2,0.034907410493472055
6169_4,0.008493389308704897
12019_10,0.9672716909827238
4136_7,0.9665858742863052
2421_3,0.05685535025619734
607_10,0.8872218621320823
4084_8,0.9123997314852751
7333_1,0.010701808123384775
8208_7,0.4739506896673418
2971_10,0.9690376351059666
7508_1,0.014269637560663139
988_8,0.9926281610410094
1124_8,0.9818383470465663
3658_10,0.9839740442240333
5155_7,0.872459303926479
11362_2,0.5466188470834223
8776_10,0.9014633923828537
7294_10,0.8860756322222475
10853_8,0.9569919706625254
871_10,0.9903970931509942
11513_1,0.03362886620170736
5605_10,0.9204587071852132
1235_8,0.7269759820900381
623_2,0.5291103114445443
1271_2,0.6527741024412862
7590_7,0.9454420215027265
5075_4,0.068907765970531
6175_4,0.1428722929985729
10629_1,0.12824590864204616
1474_7,0.5073048713282441
9077_9,0.22906061943929087
11630_7,0.4225198921329928
11060_2,0.0010084539237202408
664_9,0.9586282076639876
4778_10,0.9955128200372859
3535_1,0.001237062312078856
1130_1,0.0014613223918348872
10718_1,0.004332719653100974
3334_1,0.013556753952759099
7133_2,0.06838341018320751
12073_1,0.1420563272770181
7877_10,0.8519743802918007
12286_10,0.5248896553177239
8675_4,0.5856300044078641
8968_7,0.8027222816565702
8118_1,0.003181015427517127
12109_10,0.9900755314958326
6476_8,0.9268585111076014
12248_2,0.0017627068847690848
9444_1,0.018891589858295643
9932_10,0.7276281800490779
6863_9,0.985830794745986
7810_1,0.43372282034787857
5463_1,0.00010189635561135536
8385_10,0.8017817204820078
5560_3,0.01784115258339101
12391_2,0.3312867924434218
3644_9,0.7597569405357455
1225_1,0.03673062756217786
375_1,0.007534906356837739
11515_7,0.37212254841087566
3812_1,0.020167169124580973
10747_1,0.1437475507110154
8059_8,0.3927695668114596
633_1,8.702348263941659e-05
9189_10,0.8743833185099091
11404_8,0.09677833778528033
11871_8,0.7820214256852001
2883_8,0.9974846085274036
9048_4,0.20585856034537092
1066_1,0.31040362633423296
630_3,0.2221928044587396
61_9,0.9342553591682916
9264_10,0.9990555035617599
5132_9,0.9976783036088307
5796_9,0.9565940168114643
11232_2,4.95456218921749e-05
327_1,0.05110504473579242
9787_8,0.9999629047903593
7780_2,0.0007543568964585883
2533_2,0.006120653568483643
7349_10,0.9754269405745185
2593_1,0.9506819265253357
4672_8,0.9853443824321759
11191_10,0.5986864070819912
1301_1,0.009658450191549782
10632_4,0.07499954853853308
10750_1,0.18581418367724073
2621_2,0.24989617266304048
12045_4,0.7272099257590999
4276_10,0.9985854187884198
9960_2,0.14133631648201497
3307_8,0.6919605214651371
3007_10,0.8533755415483569
7204_9,0.3977646660302576
3988_7,0.9909041357459586
4129_8,0.8905539521553814
2071_1,0.0011597069563359552
7310_3,0.5630695648719021
855_9,0.8894523569159299
5380_1,0.014137589973675665
5067_2,0.016773247812666352
6320_2,0.2756103693035031
1019_3,0.0436766138344738
8216_2,0.05906256741186467
3814_7,0.06462786090495605
7888_4,0.7106136996444617
3419_2,0.10783784147721595
3039_8,0.9607740632012781
12039_4,0.7137223422792067
1191_7,0.9933591121369992
2361_1,0.06408563511938357
8291_10,0.996956541034705
4954_3,0.27423117782453
12430_1,0.19262201939548254
7634_7,0.3726954431463434
11902_10,0.9881641288139582
1603_10,0.3051318263535657
9395_8,0.3267444971936275
9384_2,0.5153907083423104
11687_1,0.0004765601633658875
4148_3,0.6159845520048642
171_7,0.9460573877434613
11814_4,0.009483245290453092
8124_3,0.08452708638771123
11387_1,0.0032844879103080394
3249_9,0.9720078639710463
3591_10,0.9911819223820116
10171_8,0.9441233002889906
1100_9,0.9786060572235049
7144_4,0.9756625974785228
8060_9,0.9506417398319305
11063_10,0.9946128598553426
3481_2,0.01151918984425651
7413_4,0.06682712832007115
11121_2,0.02816019565976152
4700_2,0.17315564851084267
1566_4,0.22994402958667307
11731_3,0.4214532678613957
7346_10,0.996066876106653
7890_10,0.24302997339514856
11704_10,0.9281752606619244
4635_10,0.047049187799037315
2369_8,0.9072502147294517
9655_10,0.9998764694357837
2115_2,0.08703692180776101
6408_7,0.6125395576288876
10470_1,0.0443394805875901
11512_8,0.9237568368429929
11523_7,0.6393691874776948
10379_3,0.014709122577360354
9164_9,0.8105746139954196
3150_1,0.19212099843152625
2880_3,0.19455167366171
1608_7,0.9490126058777377
2406_9,0.9554557635820822
260_10,0.9960211481476622
10658_3,0.0036641983688947494
10609_1,0.1335154669655581
6861_7,0.41808349799955574
10058_2,0.43456062371479226
11618_10,0.47313401335119926
3727_4,0.023845656805367012
1924_10,0.8675743450666178
7471_1,0.014851032732619573
1856_7,0.7676651886347933
10132_3,0.042432909143815756
4010_2,0.0009971284441186727
11752_2,0.04495817452282812
11122_2,0.018436684555126332
11065_1,0.204957220716838
1211_1,0.026121990570067716
8973_7,0.3503239264337943
1888_9,0.9315670555726029
8521_8,0.6015563853213793
6671_4,0.20315278584497803
4241_3,0.16255726185118496
10925_4,0.05486394442404485
4030_2,0.0002482999475504169
9410_1,0.0041691121636277684
10004_2,0.00638265667447817
599_1,0.0010104809385082343
8656_1,0.004672544765201712
10087_7,0.6986205665372993
5118_10,0.9048680646903325
9780_4,0.013361135643657129
586_2,0.07670504315679161
6464_4,0.01501869065747049
7482_1,0.006795575470627308
11075_8,0.9304908888782133
11984_1,0.7218770270164632
6808_9,0.9247306835968744
6178_10,0.9234202254837957
12196_7,0.3726699542224145
7771_10,0.9977566928996824
10801_1,0.03982952941262176
1243_2,0.2481590990475462
4028_2,0.009553053228474436
700_4,0.6666931834954517
758_10,0.9743974918344632
5393_8,0.9495745102445996
3552_4,0.07436767325695308
3440_10,0.9519077254045597
12357_7,0.572059809392594
10850_2,0.5197829283735149
5083_10,0.1592990044449311
790_10,0.6484031313816596
302_3,0.004598658910435575
11160_3,0.1466703814459734
1170_1,0.17143022315677495
6341_3,1.224774428219944e-05
289_1,0.19923126813310654
3075_7,0.10696961177089186
12016_7,0.4750192786984807
5998_3,0.36052744445902873
5295_1,0.0008460736784712075
9712_2,0.16913584647214694
9689_10,0.7672573653374972
9441_1,4.981278414279706e-05
7426_10,0.9986075262096832
612_9,0.732647775786119
4331_8,0.4755220201492698
1016_7,0.12595426215354186
4463_7,0.7192481776885706
9520_1,0.049432738518281436
1557_10,0.2077809596548163
6277_1,0.021129545257470787
2279_3,0.06612721616886391
11591_10,0.9177833157099449
3503_1,0.023512047072804035
9814_1,0.18620049685941345
11342_4,0.2574728453505102
5133_1,0.013424378637623469
11189_10,0.979306626953942
2343_8,0.9351934089733198
2234_7,0.990058897865192
926_4,0.07563518382310509
9829_2,0.13154595770294647
3338_7,0.8370767281956865
4272_9,0.9780915918715276
4826_1,0.11938658744400048
10529_3,0.617694677168133
12398_1,0.002925067892636829
6965_10,0.7638718577269059
10737_9,0.9774122800105312
9356_1,0.013205054584395465
2087_3,0.013095229395479456
5802_4,0.5884399041595667
6514_8,0.9326235643788218
11607_4,0.3048262633036761
9117_4,0.9493689764368636
2011_10,0.8413697408780536
11952_4,0.20148791926376425
8753_4,0.9188321865413894
5338_8,0.9645857615348788
10799_3,0.06517479161227814
6388_3,0.29842809907944834
4667_1,0.07288181461305647
11302_9,0.9870857711690403
6587_4,0.2765314527946348
6822_8,0.9533244785592649
9725_10,0.9999480369641814
7237_10,0.3073256964971824
7710_1,0.020139290133168064
6090_1,0.0043858233498894495
9864_4,0.78229795744702
9759_1,0.0005489305098780146
8926_10,0.3215350977180462
2454_1,0.03908528769687339
4364_1,0.07526209713443775
10672_1,0.20382791441241796
7703_4,0.08867690944514221
7289_1,0.010414886387918846
6370_2,0.7228948238742764
8898_7,0.47211784398678763
245_8,0.924928492798892
7786_2,0.26884174911007525
12092_8,0.5675046256141308
12495_3,0.13585738095435076
2762_2,0.006807972832655639
11009_1,0.04585409437970598
7735_1,0.7829915524250163
5377_8,0.6582792784295709
6074_3,0.012147297360453595
2133_1,0.005716094975464322
2291_1,0.01662408251996135
767_1,0.7896808362370739
2677_3,0.02197800041807406
5801_2,0.03346317518675395
11416_7,0.9454441562092637
7083_3,0.13770082899389954
7268_1,0.005947928191933259
8613_1,0.7514832901133429
446_10,0.6229557331987312
6513_7,0.4163582603312526
11229_4,0.31647417724523674
11155_4,0.22297533486733379
10298_9,0.978572616231636
1521_8,0.6819585063627737
5682_1,0.9623508490965048
11575_3,0.0001607960066573587
10144_1,0.024354455450498812
5819_10,0.9961560436860792
7287_4,0.024166068714084624
11507_10,0.992918224352465
10458_7,0.9414148374915906
5935_1,0.10133603276893834
4126_1,0.0389727170420014
3777_10,0.7339954653678508
1720_3,0.03371183459378533
11112_2,0.022014018113405833
6222_9,0.9905800937084749
8019_1,0.050703834095949724
10067_4,0.20695062179274562
5991_9,0.8508654549894238
10203_10,0.9978762150008277
2485_1,0.003791998097829358
5910_2,0.2149414937068206
3940_9,0.9975582910950948
9140_10,0.513614218880415
9558_10,0.9913421927741914
4582_7,0.7273134023375406
3323_1,0.017315342738653285
5038_4,0.4754151575864374
12405_10,0.9266938159105106
11620_4,0.2767474021326455
8774_7,0.7775702679775159
10164_9,0.5641273706336585
4112_3,0.03967347323693243
629_7,0.0072891550860329935
2732_7,0.7741450833420788
4356_3,0.3091912656826089
514_9,0.9903394429790568
168_1,0.004305936323924674
7157_1,0.024617556726387664
11193_7,0.12555713651550862
12163_1,0.06605831598744984
259_2,0.002485919106178886
9977_1,0.0026152582531406895
5169_10,0.9980416599691858
7439_10,0.9983614498955709
10261_1,0.021562143235669746
6623_7,0.7615733515710194
2834_9,0.5653804298200475
2930_10,0.7466616982578714
3232_10,0.6134428854726457
533_10,0.9742273140985068
6006_4,0.020748563183528104
9029_4,0.10804124359533852
7738_4,0.1545258666249054
52_4,0.5396950461556943
374_4,0.761026016154034
4502_1,0.35501278211058374
10309_8,0.8720259452892921
7541_8,0.7293852345609945
1874_1,0.6800647630520198
6884_1,0.024372291850571392
7285_1,0.00584391837822837
3385_2,0.1269737249144173
7078_2,0.45522090465583537
10788_10,0.8236061175243726
6361_7,0.9250481937626868
5761_10,0.9726787531002002
8946_1,0.0461767779553622
393_1,0.11716308568145012
458_4,0.49907149807967355
7435_10,0.9978909362484724
10816_2,0.010885209587891713
1606_10,0.9922240374944628
1742_3,0.0876149223861961
7167_8,0.2377860821261783
1249_9,0.7574101700964906
473_9,0.7362830029493824
3475_9,0.8096671605757363
2316_3,0.19522401947717813
3739_2,0.34054349002647805
4746_9,0.63060681453065
9924_8,0.46058570901539025
2202_8,0.999892744238463
11531_1,0.04937534463844069
11138_7,0.9991608998380265
3402_1,0.004185249308120171
4547_10,0.9556596118318237
2786_2,0.45841251990247384
1570_8,0.16703091067466072
3095_3,1.092160178994561e-05
4745_1,0.08873173591618251
165_4,0.044798180056836716
1578_4,0.07406614342622249
495_10,0.45700136117678636
12414_1,0.17724658300994017
1383_1,0.3197423315417753
10438_3,0.22762811632530455
812_3,0.04885390230029147
9588_9,0.9223885328670745
7785_10,0.9548374744271713
11169_4,0.04898623776093997
7476_10,0.6453135725486282
8196_1,0.0002633939307346659
6526_7,0.6849991372426911
1695_3,0.15093482951726386
11077_10,0.8952468018950501
7642_7,0.602555479311271
7618_3,0.7557181625582732
353_10,0.9984536503331839
210_9,0.3281951249244064
9455_10,0.789887318482105
520_2,8.01140018588737e-05
7615_10,0.9832116406929393
7475_9,0.38911325416104553
6894_7,0.9248532277338227
8622_2,0.015791756841949518
11149_3,0.01156861064434165
6154_3,0.2797229336558583
2514_7,0.6778618237921252
4359_1,0.7593517211260404
8797_4,0.03666590454588581
10023_8,0.4605771417850901
1212_4,0.6798206179985036
9985_1,0.1301620694677912
4182_1,0.006278591377491961
10662_10,0.975374272057619
3907_7,0.9701334400360272
11342_10,0.9795993625047749
1483_3,0.42649687247605783
10510_7,0.9684329529956721
8522_2,0.0010890484551478092
6049_4,0.17640653335587952
2687_9,0.9059392779695227
9766_7,0.48800861301592885
6792_1,0.006774164385618616
5990_10,0.9918806628109872
11699_2,0.6326010247009911
3446_4,0.01136703068038974
10448_7,0.5214897339848295
5629_1,0.15362512561614178
2831_1,0.04771037259028359
4351_10,0.987914699700814
2547_1,0.07080358364457019
2778_2,0.05262410211669313
7307_10,0.8999623284452882
11148_3,3.802140201586139e-05
907_3,0.5851290138944881
2184_1,0.01817701425024805
2030_8,0.9286618442883182
11051_4,0.10776296397156798
9150_4,0.5247902945564856
12418_7,0.910300255222437
10724_10,0.9241818733534553
8876_8,0.9983340395531394
1620_7,0.5460047092600767
12423_9,0.9806054462072921
3642_1,0.4830568278060076
10214_10,0.5791423641558459
4575_3,0.4781557902775641
2692_7,0.9429416389475669
3919_1,0.012304910368511971
11971_8,0.15957753658221807
11676_10,0.9200161261958341
8047_1,0.01988188127752363
4009_8,0.846898315815648
7929_9,0.21641803178570265
2432_10,0.9873753321667964
8933_8,0.997058902698079
1375_1,0.5631110918344715
1861_7,0.916024997752817
10897_10,0.9779370095796546
2828_10,0.3443577754094567
4568_10,0.9997664499446393
1535_7,0.9605395162006323
7282_8,0.6820061950274154
12365_10,0.8860894137296335
6682_3,0.449742411930842
1393_8,0.2664404831401843
7270_1,0.006570965173252786
1680_10,0.8800686608507438
8207_8,0.9996881423951548
8612_2,0.5715818135180643
5640_9,0.47657637226595057
96_10,0.9957446269300669
12093_2,0.7800810700826873
2068_9,0.9718206903196921
9799_10,0.8644647458022227
8730_1,0.00024988454123021036
1000_3,0.256112043700612
742_2,0.7665310582400712
10432_10,0.9665388630558741
9425_2,0.05450055952955746
11636_3,0.1470618561025611
6564_2,0.07711157078994227
5706_9,0.9661467874728896
8594_3,0.003048726664564709
9488_9,0.8373352505309658
12283_8,0.8904555025883194
6579_3,0.4895048051508041
6738_10,0.996402758004429
9007_2,0.0020304352415438155
2723_8,0.9800949830000614
5115_3,0.09529868627020784
9469_10,0.6242422264596128
1444_1,0.0022463751483317524
5688_1,0.002140809893178612
12390_4,0.4813000331540912
1681_1,0.07334006050400178
9048_7,0.7346635119965401
10207_3,0.21224251469211328
3817_9,0.8625217693929887
2200_10,0.9772997675097859
4250_8,0.2654802416644625
12213_10,0.9989812301136327
11602_4,0.8688548227635227
4507_4,0.05086813564946637
3817_1,0.055296417768888
9394_1,0.5373069780481189
9129_1,0.36030785241507235
3675_7,0.9803219149111069
1670_4,0.20646729295994984
1151_1,0.24767020886667146
8818_4,0.022791291312826978
4810_7,0.6506109173268172
4979_1,0.09367239479279255
80_4,0.7979878271794373
5506_9,0.6788266717363423
7451_10,0.8569794784626824
4539_10,0.8481432636323691
6914_10,0.9117519718559903
2807_10,0.8209881584953698
10229_10,0.9425208014160098
10908_8,0.764934285651373
7709_9,0.9911021272836495
10872_9,0.9923512050449682
8487_1,0.08002046788085672
1140_9,0.8509097409922173
558_10,0.7931299340133545
9935_8,0.3168826993752307
1084_8,0.932579499982906
6185_9,0.9588932329002502
9278_7,0.9394062792039012
3756_7,0.9419048854734133
4308_1,0.00013907937137291364
121_8,0.7349174174846299
11072_8,0.8405652176876802
9420_7,0.46947739053951615
3955_1,0.07146657054770698
9591_10,0.0003954450308959883
11176_1,0.5486560407647355
11882_2,0.2438090132987192
12458_10,0.7701772073291906
303_10,0.9872167587706581
3779_8,0.8242441129544321
1805_4,0.2733320899848956
12054_2,0.005616210467601391
1990_4,0.01789824787555294
7331_1,0.14890665081708837
6243_8,0.8960461148463481
7201_1,3.533723162840169e-05
6230_7,0.7213044685557238
11252_3,0.0011969067335457987
8379_8,0.8951274806917278
11890_1,0.7155524052190169
6977_1,0.04305033377449837
5481_1,0.26172798206825193
6013_7,0.46683333799126997
11638_4,0.26923960822630444
3302_1,0.11488654140748876
4837_4,0.8221850403793198
737_1,0.06170437803133386
6128_3,0.7434932372568774
3749_4,0.09399772949708074
580_3,0.14255761810416007
11031_10,0.9445604002945754
6644_1,0.021356223060777026
8517_1,0.049990705284088895
4883_3,0.026151722210428587
4273_4,0.004335007856579264
404_1,0.0191168765504024
12108_10,0.9224995702982645
10005_8,0.8412844599648923
7140_4,0.2731870310497673
258_8,0.6610620744898562
6746_7,0.7919380292013034
7189_2,0.7289641944640182
11626_4,0.06503049262731578
10785_10,0.8322017434483749
11007_1,0.12953058769562217
8987_7,0.5949616705408792
275_1,0.003374537929430527
2554_10,0.9529040537868273
2682_1,0.004811436496930689
3797_1,0.007702160581739385
7383_1,0.8399188963766866
9816_9,0.9640476538553272
11057_8,0.9171346306059821
11901_3,0.55579114084383
11501_3,0.2268634150073301
11999_2,0.04642472393720333
740_3,0.015390230211608543
3109_8,0.9670176612535133
2773_8,0.9884531744722364
5725_4,0.007875588976425348
4423_3,0.022211828196032964
4035_2,6.517735976710905e-07
6550_7,0.7439867093040224
711_4,0.6263705049009352
10773_4,0.07854046876634707
11202_1,0.005009286276331586
1054_2,0.00013363269989767802
2207_10,0.7856618687957533
9809_4,0.32309177150993135
11349_10,0.8381746592108996
5195_4,0.9082274578700935
6881_4,0.03711460494110422
7537_3,0.1928531028084774
99_3,0.504168587366176
6589_9,0.9996639869522701
11781_10,0.5703692584142611
4337_3,0.0035950671428060773
4928_10,0.9461367756319834
6310_1,0.7784744226658086
11867_8,0.7994914878266253
9462_2,0.2948215455533723
12224_9,0.6457165273384026
1195_3,0.004105896466459746
11324_10,0.9989809993412174
11272_4,0.5090956455627729
2461_7,0.9914263839068317
4034_7,0.9560412246540189
2340_10,0.9997900938928072
9827_9,0.7423458108605897
4660_4,0.5437965031409077
2448_1,0.0022369977435998047
7485_7,0.38308977134073935
7003_10,0.8123885297483039
6204_1,0.020244230760633034
1920_10,0.9672296590908677
6824_1,0.13955444140281237
6668_10,0.9449668262312263
7359_1,0.16419112306319816
2753_4,0.4601294678533905
7320_10,0.8768368962975377
3661_10,0.9984199546701744
1059_1,0.3102130595012946
5067_10,0.955144830059117
5724_3,0.013128101375576835
11265_2,0.018186371938599195
11331_1,0.0027091584923863215
5398_10,0.8695957738673342
9328_2,0.010634845786723593
100_4,0.20793707215206936
6118_10,0.896343755938793
320_3,0.045721947275353954
4395_10,0.9863737852058723
7256_4,0.16834437007003977
3949_10,0.939725283180779
7097_1,0.8711092394640814
6971_2,0.21633323850149033
9855_2,0.041570823244631225
457_8,0.9738718673462923
9929_7,0.9786062204857918
9574_10,0.8271702177435797
12261_4,0.015796773898203043
5228_9,0.9946796983189254
11684_2,0.022191884591938334
7913_9,0.9687080740350356
9595_3,0.2855295899167345
10501_10,0.6833454996204534
10610_7,0.838109794057716
8573_7,0.12946513377512425
1823_2,0.281309909357478
12070_4,0.8955819619056643
6995_8,0.4656160142977917
4929_1,0.005004747672354503
2555_4,0.06232976491159092
6583_7,0.7200206057121201
2490_1,0.0012975010821704438
8203_7,0.7573392051370371
7861_3,0.006678372358494059
2548_2,0.8153661670665648
12291_7,0.7948385460662741
756_1,0.21470126262087433
9275_7,0.9340182749169247
9234_9,0.7688218780122641
10598_10,0.9554675214449111
8252_8,0.8518994038906887
3585_2,0.0002936097041606117
11561_1,0.011484528231737422
690_10,0.5036206255562902
7203_10,0.9935038730331909
11141_10,0.9840858542882026
5583_10,0.9839330110027601
7341_10,0.9935893855317581
10623_8,0.9448639451428885
868_4,0.05728741758601824
778_9,0.9741223389590713
4653_10,0.7855311085996404
7450_4,0.9950453100039713
8836_8,0.6799148189839368
226_9,0.7863221982637142
464_10,0.9972201403235756
2850_9,0.9407012475694971
10242_8,0.7982140162035323
2403_10,0.998876355974892
3397_10,0.9819190244007362
1003_4,0.6021739597267085
10940_10,0.44570502120492933
3349_10,0.9997010138561939
5909_1,0.1432502132595395
12021_8,0.872992581374586
5019_1,0.2006400346916448
1809_7,0.8736840693411517
4435_10,0.950591768291763
10029_1,0.0020563026031676255
8234_2,0.42672110883525516
3760_1,0.08033110616404314
10952_10,0.9989060877495366
1487_9,0.9942345593286981
46_10,0.9901499760487815
4917_4,0.013839713305793488
2000_9,0.9016914984015186
10974_2,0.1838235493602016
11275_8,0.7729612910304916
1816_10,0.9917668858375248
4848_3,0.8360769473781003
11730_3,0.34843865728079365
1903_10,0.9465145660350548
12331_9,0.858175536676276
10360_9,0.773538320542276
9243_10,0.46807880768783383
10115_8,0.9929743978263549
11417_3,0.035481732848948185
6259_4,0.1356343340612766
316_10,0.75823094567529
1100_4,0.07398831574659795
7919_2,0.019742231606315025
1871_2,1.0956557177457737e-06
12488_8,0.9815973726413902
10239_9,0.3099715851479004
7832_2,0.0005521151412210792
8808_1,0.0011595640791337313
7241_2,0.0034823087377349716
4412_2,0.4015317503633227
807_10,0.9450936210839592
9728_8,0.7334566941886845
5665_2,0.28870542730093796
491_2,0.05007613164338257
7938_1,0.019324685412256657
3513_8,0.9954859713175161
8942_1,0.008919314740392542
11520_7,0.9978435135307655
11478_3,0.9483604367634294
5627_10,0.4477093912334119
3462_2,0.9209271226879469
5161_10,0.9624486281319724
6545_2,0.012769031129988243
6513_4,0.6808698947008632
3032_1,0.0011471585734402023
7403_2,0.12853956845312764
11878_3,0.036875193868272094
11348_8,0.9090903699545423
4979_7,0.8992414769418134
7131_1,0.0001154864915388264
3972_3,0.2431645314428381
2925_2,0.5113829210445373
5346_3,0.002376934915722666
10709_3,0.04601951815721915
10999_2,0.08700709704185422
5974_10,0.9798468711984171
9008_10,0.8839250464046462
1324_10,0.9918171609080516
10454_8,0.028440773903722977
8336_8,0.4293316330162962
5869_10,0.7775220723550429
9922_3,0.0038183791773812085
2081_2,0.23918595627745728
5811_7,0.9952225240493865
1619_10,0.2587738468188611
5461_7,0.9047280049026427
9152_2,0.10357913218131426
9071_8,0.9700008153789491
4688_10,0.980030347621014
8956_10,0.9963019300585222
1883_4,0.0006750012663770708
5707_1,0.0013381828269203773
7529_3,0.3480215928559207
83_1,0.05179091376991806
10440_1,0.000694905659499906
3673_1,0.008259171216700213
6983_4,0.14559603296878182
2546_4,0.40209293086437364
6698_3,0.6244385521480049
10689_3,0.08478963489216734
9986_10,0.7799841505672422
5614_10,0.7670501773893978
10094_4,0.06797716456675128
12468_10,0.9801394993341355
3828_10,0.9021289328002757
10524_2,0.003484023175823206
2016_2,0.02599014946868676
7583_4,0.6874148569595798
4795_8,0.8049831430465562
7564_3,0.0820337543769265
1366_3,0.2091059154564312
508_4,0.3838068268967371
9509_3,0.3218493500037027
1587_3,0.010942441070918053
12376_4,0.3894130753141872
2525_8,0.9156660452824797
2877_2,0.3284127686576557
9485_9,0.9913327643296449
12023_8,0.9248258843276969
11544_10,0.9564550499953844
198_3,0.08299058230912523
4390_1,0.013105921106891173
993_8,0.3860102078948905
7965_9,0.8774253360457628
8865_1,0.007339475459409835
6638_1,0.0717295654842533
141_8,0.9528494636282324
136_2,0.03309669462209791
3004_10,0.8991293033891404
3457_9,0.8053365204262822
11488_1,0.09597341446296545
644_2,0.014562074519772946
8387_9,0.9738341990168674
5026_3,0.5468270506958096
8936_7,0.4941354236470953
453_4,0.9969272018089115
8547_3,0.10337800481613883
10542_4,0.10623926404160694
5231_9,0.5812182771849735
9592_10,0.9714586759585918
8591_7,0.988951439363446
6686_10,0.7712495303246795
7246_10,0.9145844048812148
2194_4,0.08079875423725091
11533_9,0.9319137268702856
6109_10,0.9874866723705371
9092_3,0.14135568178669433
11223_8,0.6838613892138382
10829_9,0.9532543301354577
9857_3,0.20612016013073778
2223_10,0.8384040218717609
8052_10,0.7865902288221852
11604_3,0.7741148247763241
4448_1,0.49190177369069144
5394_8,0.7354365948171379
10168_9,0.9364725549846058
11943_4,0.12803132840744452
7311_8,0.8608844720232465
1362_9,0.62673140550387
9165_8,0.9887716376698887
12294_10,0.8520141956361346
6086_9,0.971170334226042
608_8,0.9818720857034875
4592_10,0.8453020192890233
708_10,0.8741752044154159
6548_4,0.7439699936408803
7552_4,0.5351066133298804
9263_8,0.885142904944117
5393_1,0.11226940295275699
220_10,0.903652475783654
10640_7,0.9990092215767009
4086_10,0.8570193872547952
11026_3,0.18773268601797938
12466_10,0.9943917184150487
905_3,0.5851290138944881
92_8,0.8996243451287039
11362_10,0.9507698233895361
5030_8,0.9120810892988246
2909_7,0.5080828661175869
8402_7,0.7358780453728508
4046_10,0.7406675089080538
4065_9,0.7302590531626085
6460_4,0.5441041961815489
11108_1,0.1456696626151198
1139_1,0.0307800137172833
2457_3,0.07102992766589583
2675_7,0.4731103597184803
9360_1,0.005431387414918296
5750_8,0.9501969550101061
7125_2,0.143786527162408
6637_8,0.8060310848223706
3290_7,0.9727785718547347
3979_8,0.3930692541487691
2100_1,0.011356011078186646
10836_1,0.07038537737909041
10904_3,0.04662413074356806
5226_7,0.9426226977691597
22_8,0.8721147902344518
2726_10,0.8381198381096787
11405_8,0.9815259236835373
11204_2,0.06047506688971033
6201_9,0.9384920001683408
1653_10,0.9536899002561723
9500_7,0.819877855222445
12104_7,0.9636766186467645
1499_3,0.00794688687823037
1415_1,0.007622293339154196
11285_2,0.9005349799217685
4481_1,0.28816858302341697
10249_8,0.9121401526161528
2391_9,0.9977394175903015
2186_3,0.05865851643121391
56_10,0.9968145162033262
127_10,0.9986327397566912
5509_9,0.4260579168479944
9855_9,0.004167444070106294
7522_10,0.9671345196022448
11751_9,0.9119028983470971
3330_3,0.1949545435468936
4055_8,0.9996658261135248
3694_3,0.5122667986423698
6911_4,0.01704974735875594
9677_10,0.8783160046613416
9706_1,0.014948413469348375
426_4,0.02602968636735359
2995_2,0.06061975983144604
7914_8,0.9835809796802697
11344_9,0.9677238650796306
680_8,0.9411504153187032
2094_3,0.3695316968441247
2009_9,0.998484461732416
7309_7,0.9737421149696067
138_1,0.011347704169859467
2689_9,0.9906622190382945
6050_2,0.000640883883020001
8987_2,0.1826682161791063
2053_8,0.9995385981212268
12245_4,0.29698504791492314
12020_10,0.0752697511087371
10364_10,0.7933006203878655
11581_1,0.00588509568311606
12079_10,0.6721017181033992
6537_1,0.03290100943810662
2739_10,0.9800643967947835
8719_1,0.36713853072634844
9436_1,0.004809220972536522
5029_3,0.05625407968591466
8321_10,0.793082241168647
7135_9,0.7933413778483782
9512_10,0.7548559971585059
6397_7,0.4976501518487155
9457_9,0.7412460463725707
7740_2,0.0018972167507410895
10591_2,0.07029667580908477
9856_4,0.04346030434998886
2456_1,0.5554648434914502
10543_7,0.26109604765766514
544_4,0.9702390516846006
3679_10,0.9778749258869508
9042_1,0.006574038305523331
5368_8,0.8369021733456975
8276_3,0.06900782713054318
1984_2,0.016222871029839686
4205_7,0.7917011172618174
5765_7,0.8603376944301137
5202_1,0.03656967082810645
4127_4,0.4168376195769617
12316_9,0.9653314257046105
657_1,0.01515749974265633
12205_2,0.2395368558261193
3426_10,0.9983761817196258
5616_10,0.9494749441280219
11644_3,0.26227585426963873
795_10,0.880998056463795
12416_2,0.044423273612535716
115_3,0.0032895157923496445
55_10,0.7571086731774258
11187_10,0.39962547449546154
9072_4,0.5374067021107867
875_4,0.6195873951033702
4196_1,0.011671150987795654
293_10,0.21949755532795193
5564_1,0.038676485458893406
6811_8,0.24783032363098437
9135_3,0.17389587206083856
9964_8,0.7266329367259581
981_9,0.16858757265788712
8506_10,0.38335492186411113
4459_9,0.817070483447021
7609_1,3.1846683329571414e-05
6246_10,0.9578139690012156
5989_4,0.029217508810982142
11839_10,0.8754767602709892
9186_2,0.7857997713486574
3411_10,0.8126295429208539
8677_1,0.4640526238440463
9125_4,0.7808172520558658
2166_8,0.6141149583219825
11827_4,0.5042748286147535
2574_2,0.5419674434365744
4789_4,0.7535997721618456
1093_4,0.004450297297199452
8195_1,0.03471290086068834
11011_10,0.8873212880914395
3944_9,0.8013491783545011
10606_10,0.32978468369801023
5029_7,0.1645091066282399
9496_8,0.2830768064460297
9256_8,0.9683450804735103
5640_3,0.015778046695406736
8164_8,0.9569724391327523
10413_3,0.10771844037877834
4838_2,0.005170161118903242
12265_9,0.9589841549757364
6222_1,0.008709926974350078
883_8,0.9772137811480044
395_8,0.7098211127791239
1182_7,0.9272678307353454
8701_7,0.7527273550464599
8863_4,0.0022064747941536425
10943_3,0.008414622083079408
10692_10,0.5430571345104891
11872_7,0.9796264111691995
4729_9,0.7077469039842458
920_10,0.8713315113373067
9352_4,0.143621041491031
10095_9,0.9407247484619807
8986_2,0.15237080703202216
7061_2,0.13410389895409539
2746_1,0.015394501179277802
10359_8,0.736536910552419
6826_7,0.1166852216281356
7075_3,0.5186237465979074
8237_10,0.9376304380227094
9103_10,0.9077807405376872
6538_9,0.1663893350117802
3085_4,0.20651733570785571
10759_9,0.5818553733703777
12249_2,0.04633901259052293
6774_4,0.17058834359658032
3564_2,0.6142018412519978
144_2,0.0012140684959898148
12112_3,0.009482460456244818
8166_10,0.9421549645337423
10817_8,0.9114428872973872
7462_10,0.8175183620070888
7626_2,0.0013594646327531829
8221_2,0.39288413956987617
2528_10,0.4676087924004142
6765_3,0.20140677613332206
1267_8,0.982423594673246
8257_10,0.8737748030125858
11501_8,0.944525660977168
11196_10,0.9981668452898032
10006_7,0.88734174289321
2104_2,0.0012392580903663544
9067_8,0.7355431710649851
4760_4,0.5782217437076561
4372_7,0.42079521250905616
3441_2,0.020274397214087095
10439_3,0.8515440386236628
6604_1,0.056239028166378886
10689_10,0.9718823251053694
11289_4,0.10025451157466435
2051_7,0.5744319544128081
42_10,0.9915398660941419
1567_7,0.17323957494476203
4890_9,0.8888230078270817
2583_1,0.010380458362008887
5376_2,0.08385442569334017
2539_10,0.9054724311462097
390_4,0.4157886404159412
11509_1,1.2003527727753268e-05
7481_8,0.701973856857934
10840_2,0.016059535789416466
9433_1,0.5469691449678438
7774_10,0.9947004395062158
2654_7,0.17057971682008555
9582_7,0.48733597896172676
1780_3,0.14769282260831604
4032_8,0.39623869158979175
3130_9,0.9780688619911188
1920_3,0.01395302268589193
5056_7,0.8454271471383163
4537_10,0.596537964439934
2505_1,0.3526931793089372
3942_2,0.036159803251449824
483_2,0.02785096494310371
2771_3,0.007688431359846325
4872_8,0.9882013566761687
7897_1,0.003843661169496453
12039_8,0.8833354623729747
11008_4,0.6049854606168318
4090_7,0.7177874658660856
3051_4,0.5971591375837242
5700_1,0.015060775546672497
3498_10,0.867366051003029
5676_7,0.19988670397313124
5565_1,0.004861522571611168
9347_10,0.7788103378519569
4178_1,0.06026965897596579
6303_4,0.40160265947121365
1579_7,0.35979139582363046
5783_9,0.5099935071840415
4001_8,0.9727696635937977
11698_2,0.06053508069691166
7029_3,0.018426230230765485
268_3,0.0007503453191246741
7098_1,0.9934541159927187
6608_9,0.9999616903450376
1123_1,0.17220560514945868
7523_10,0.7449556752934337
10647_3,0.07752164501611351
12232_8,0.9460417260768378
8103_4,0.11059946828582985
7336_7,0.8026673785902474
7049_8,0.9096537180299821
9694_3,0.11421065792472092
5894_3,0.06514735751390834
10981_4,0.7174500418641676
10104_10,0.9790864192478734
5752_7,0.8926685498572002
2622_2,0.10838326380693948
11529_2,0.07158514106654704
5040_1,0.00940925877046172
1870_8,0.9803216944368589
7368_3,0.08947291486624125
843_1,0.02432879003903636
4972_8,0.9132111416717894
4615_9,0.9021082310376756
8191_10,0.9395824035514225
6940_10,0.09974338132629594
4924_4,0.48638978404298483
10392_2,0.0032068815352890054
3339_7,0.9629153232216757
3594_10,0.9873312110305101
10354_7,0.21525991612823034
6594_10,0.9693422082264507
11311_1,0.007931029508637687
4409_10,0.8467053415486041
1669_4,0.49643384718034556
7819_1,0.0029342520432611954
6704_1,0.002848349564787898
667_10,0.278536876095183
6444_1,0.059218833434133804
1223_3,0.007894455977183289
10089_9,0.9414489409815543
6699_1,0.0010632119639951288
814_7,0.6391305561017455
2363_10,0.4052820526773338
1697_2,0.4795326917089748
6345_4,0.0003039163365031579
10109_1,0.14499210882756075
4563_7,0.8298881094961421
1924_1,0.10772179606155492
11416_2,0.05001313328515821
539_7,0.8097477391182915
5937_9,0.9969633346671085
1912_8,0.3491982436118428
4135_3,0.031330547316107335
4141_7,0.8421271475838216
7217_2,0.1251723338746575
5538_3,0.07737498635901069
2657_10,0.7976521535837336
6279_4,0.08752426904857125
7706_1,0.030978915572254247
10409_10,0.6392148220048848
6780_1,0.01513378815701168
6251_10,0.9994167425980309
12227_1,0.3959821649954277
1146_10,0.9995638070724782
10977_9,0.9831501735204853
3857_1,0.0504792047379191
7622_8,0.33371930593294213
2548_7,0.8637392685627993
8602_9,0.9387371687600045
8885_8,0.8994586053628513
472_4,0.7371990995686701
11700_9,0.6813581082358531
10268_3,0.014008953954917743
7569_10,0.9999480551912221
475_1,0.455824353039082
4719_1,0.0022533683528128397
8851_3,0.08730714009988709
6320_10,0.7910596535993413
4290_7,0.2240032835419489
7936_10,0.9793989897930513
4616_1,0.11343752000074628
3616_7,0.9380138902733239
4849_3,0.565870501135301
3689_7,0.7713784815816654
11224_7,0.8669608257800757
8893_7,0.3994889858890481
11126_7,0.984944997017336
4816_8,0.9132225644062117
5895_3,0.10782367799073975
9373_1,0.011690736120972347
2445_3,0.4865348841747502
556_1,0.010989412801580268
11855_1,0.08647137201037539
11346_8,0.8907221548871544
8621_8,0.6892305520447489
10259_3,0.025712538743513473
2354_3,0.2581630489518036
8477_10,0.9548546134550893
11408_7,0.45366789158732096
8490_1,0.2075373415428372
175_8,0.7143010894777387
3376_1,0.07075617543170075
3888_7,0.9638314017639726
11655_2,0.4115579621062325
9630_10,0.6191665901411326
8121_1,0.6034459708994256
10758_4,0.2023422836165753
1979_10,0.9929755230506044
9702_8,0.6290118477392642
1064_1,0.1760826676673708
850_4,0.1379186730225075
1624_1,0.3680197451422193
5885_10,0.9641344063449562
8246_8,0.9084747065253432
4073_7,0.9849174331874743
5116_2,0.5666154746968407
5379_2,0.03261505185481374
75_1,0.16486183918651534
5895_10,0.7611262321338388
10651_9,0.8972649351545093
1776_7,0.9478782218850376
8500_1,0.0013000483020848286
11026_9,0.9273892264041111
12195_1,0.264327506384455
1832_7,0.9998895273647178
11424_8,0.7496059361352662
1744_8,0.9905352489110417
9699_1,0.00037523131677518406
11840_10,0.4378261238929101
8955_1,0.13251557663042282
1571_4,0.8612205514755928
6434_9,0.9667294274583687
7214_10,0.923527775238577
153_4,0.14650467194537306
3914_1,0.00935100396638775
5005_8,0.8249350207634844
8283_4,0.3532103202628798
8846_1,0.010005643692805382
3708_1,0.6681194946028581
5123_10,0.9912749987257502
2868_7,0.5837754568189046
6395_10,0.9933721692912763
5788_4,0.2536770221101988
2380_8,0.3418648304767795
462_7,0.8957280525363874
11697_7,0.9899607947234024
3577_3,0.11625744255859195
5569_4,0.28503269549593946
348_1,0.01743879515527804
9194_10,0.9705163310093514
1001_4,0.2757625387537351
6869_4,0.17332968669145346
7182_1,0.4520650811174646
2089_4,0.011230892890280333
3496_1,0.3031254001546134
938_1,0.34100342523805977
10325_9,0.7864207032183658
786_10,0.9618573707345083
4562_9,0.8052464166817764
2566_9,0.9850346423399222
10732_3,0.2950357460973053
7621_1,0.08534446355024349
11747_10,0.9994723904589148
11271_4,0.8335917336744985
9057_10,0.9911935488654045
12374_3,0.02011545967592785
9130_9,0.7979226777978022
9735_3,0.23121037043863837
4305_7,0.9954608322813023
10477_9,0.9754096135438748
5498_9,0.9997343725423167
4452_8,0.9465816380149703
7993_1,0.005457689880719909
3245_9,0.9928332514055097
11289_10,0.3286187827486338
2678_10,0.9840879016419505
6836_1,0.026230895781885276
10936_3,0.002356174710133325
6870_4,0.06558946100025873
10109_10,0.944714018846094
9907_7,0.11356319300220985
4801_2,0.03638751523261019
3684_10,0.995349958357142
12305_9,0.9965830889434023
530_10,0.9660631753573888
10977_2,0.3231714644140849
9819_10,0.5510849487259014
5057_1,0.02645826104962527
8703_10,0.9338395744749044
8997_2,0.005689824178515273
5766_7,0.681961162948518
9436_8,0.863610603529373
39_9,0.9708728434928042
6052_4,0.004819742856265018
9748_9,0.9690807524851893
8395_1,0.03415241406633662
688_7,0.16068946979448664
4688_3,0.5890867241629321
6287_3,0.027762401307921347
1945_8,0.5833359740252027
11830_2,0.1129904522806398
4042_2,0.0001395748322295118
10160_3,0.006613259400030326
2069_4,0.3228125023612358
11039_1,0.09187898798066234
6675_3,0.6849262582045337
9189_2,0.1979047324698812
3683_10,0.9673483119657326
5536_10,0.9400594585393817
11089_1,0.012739557078045102
9064_7,0.6213442095827212
2079_1,0.009206670677537493
648_3,0.09895364744395757
12300_10,0.9060717334275363
5755_8,0.9526589571668297
3460_1,0.005587266857124729
151_2,0.02271934961518425
6990_4,0.08168331730684075
11356_10,0.9759396513812543
3062_2,0.0037471566822438697
4310_1,0.047635204309702174
9393_9,0.4397863714858169
5886_1,0.003669176955813801
7359_10,0.993453341044206
3210_1,0.029322217624362556
4689_10,0.5685118380749646
11111_10,0.9999912214273731
1413_3,0.0796883958598729
2502_8,0.9947995390175367
10737_2,0.4948777770013027
6525_10,0.45558069990021105
4416_4,0.004375582456971744
1705_4,0.08670863969739817
1485_10,0.9382226161245639
4406_9,0.8094348016833115
3365_8,0.9782935580176121
6825_9,0.2141147631961152
9214_1,0.628593125674073
8171_1,0.8370773287161509
12138_7,0.3991572258720338
2421_8,0.960012817215037
7727_4,0.0017508194631802036
8236_8,0.9283253135490227
4802_8,0.9854926232449692
5429_2,0.48439080405230933
6584_1,0.2829661832727517
5429_8,0.9561167795225669
2124_8,0.9968502665670763
11670_3,0.09812663098067209
7527_1,0.08836330928248581
11193_3,0.2631174210411505
3647_10,0.8320558402501628
2084_3,0.023844328540070726
8481_10,0.9939505097909224
2458_8,0.9756056719427262
8705_1,0.5396203791068179
4919_4,0.2181935151016098
1621_1,0.01992420113583352
6059_1,0.001820968613530873
4132_1,0.5527735862339155
10953_9,0.817394869279973
6692_8,0.9636735321849623
3604_3,0.18872407412401015
6432_1,0.0500709009587254
10932_8,0.9804866425102374
7248_3,0.7278221775168526
3837_4,0.07194596163017804
8770_8,0.9944411175957838
12067_7,0.7867762478396053
7351_1,0.20144330182720713
11556_1,0.37267744908781403
8220_1,0.37873637163749607
8008_4,0.07846997614526856
6500_1,0.12936209475956764
8303_4,0.03128091880308573
6765_10,0.9561588933799635
4701_3,0.8286740642624525
8956_1,0.13765837553502586
11443_8,0.8910052588239997
7119_7,0.8268662275474964
11761_2,0.25553128376837553
9921_9,0.1873296669153522
2275_9,0.9917346942717904
8849_2,0.051963277646218844
2791_3,0.23415326314972462
9105_10,0.6215588067140977
1991_7,0.8087714254807232
41_9,0.9999629590826463
9259_1,0.20212123075556135
3785_3,0.9322536402618197
12335_3,0.008445201608053668
7020_1,0.04314467268385907
9490_4,0.14784941087877979
11296_1,0.049053674835664626
7641_2,0.2777203541986587
8163_7,0.9002953245539755
7342_10,0.5354222981579277
766_8,0.999474561287192
5399_1,0.025892277166859084
1565_7,0.8474205300461849
12_9,0.9854817023892685
11574_10,0.9671401843437468
8194_8,0.6468094330069798
6110_10,0.1882175439201633
8108_1,0.025231236457127017
3852_4,0.21030244959436187
11474_2,9.268926869864515e-05
11554_10,0.8520141956361346
1798_3,0.905654640839996
11814_10,0.9097829071052963
5072_9,0.4482795353366527
4389_10,0.9380428824394771
8148_10,0.9020260865432933
5840_2,0.020267800484669318
1972_7,0.4951546312705434
10169_3,0.11059844667148408
8651_1,0.0011336930824425962
6399_3,0.010358044154273197
8965_1,0.1445284593651178
8853_1,0.016205831398034665
2841_9,0.8706664632588715
6658_1,0.2603261574247414
11515_1,0.4179583474396496
4474_1,0.15812765814696772
8221_10,0.9745048502055212
12204_10,0.8187620045425028
10671_1,0.002754700838344188
7335_3,0.4983659340115893
4050_3,0.2891402327065471
9465_8,0.9250419598914891
11620_8,0.9446685987281633
11998_8,0.9983148907477496
11188_2,0.3682028923964381
6656_1,0.00015053048589177087
3416_4,0.3449883929617594
11558_9,0.7581800390796698
2752_4,0.23924224898560295
10330_9,0.9327654792107353
9323_7,0.9907815014656496
12232_4,0.06647426326595676
5699_7,0.7577370441095265
1020_2,0.5753316020403723
1161_1,0.05008105007449205
10187_10,0.9874216139916921
4585_10,0.3314791853456275
7570_10,0.7113298512559162
9752_1,0.0713146327417582
4956_1,0.009689019893136822
1355_2,0.05863403516680039
10456_1,0.005386039937550613
8757_10,0.5776967670076673
2286_3,0.011316097498335436
1297_7,0.799915483857685
5326_8,0.9979272499468741
11535_10,0.9962906138858354
4783_10,0.5329127541280272
4292_2,0.015323925076416323
2856_1,0.0015168842140663363
450_10,0.8734141645759402
9611_1,0.4860452170248769
2403_1,0.4640947259243003
2037_7,0.873929015325315
9580_1,0.33842468720208346
1694_7,0.9879517953504274
11385_10,0.9094634890843271
493_1,0.10756575125893832
9013_10,0.9972635700785575
11235_3,0.6207153736083503
10793_3,0.22974179253367555
2197_10,0.9785722650322143
1887_2,0.008657089243913431
6617_7,0.7951295578085735
12028_1,0.059205232435064356
5413_1,0.09879603451767745
1134_1,0.1905354488199975
1290_2,0.25721053753977163
12241_8,0.5897837757240371
965_3,0.2379601326875871
2044_10,0.9972355364128854
7782_10,0.4830088052754844
6087_4,0.4168376195769617
3600_2,0.2178957947625259
1588_3,0.044870289944212854
10421_8,0.5951730116736409
3390_10,0.8742176165092974
6531_1,0.4351539201543695
9792_10,0.9613401576910523
3755_9,0.9015123709311248
11471_7,0.5418811851232151
10427_10,0.9360268984624045
4011_3,0.54869690148418
8784_7,0.10263634147768776
10714_9,0.996219998025754
6031_9,0.8181415413156721
8130_10,0.9985986139571158
4772_9,0.3079429703250312
6599_7,0.24826182013833178
11335_2,0.09731324932218441
6412_1,0.01831733648056294
998_7,0.9895526512541029
9542_10,0.9530854820186869
1490_3,0.06323654950744459
4142_10,0.895082338737421
8371_10,0.9996556834186835
5457_8,0.9959859397185524
5001_8,0.9766622124342915
150_9,0.9450282470593077
8487_10,0.9202817528453894
10024_3,0.04612185287249743
3687_8,0.8802585546126718
6171_10,0.9794812081581588
5462_8,0.980704543296715
1372_4,0.2272320454048386
7361_8,0.4332269404339162
1030_9,0.958443004446992
3341_8,0.2959134555444886
7677_2,0.00794000516451526
6584_7,0.8941493838198148
2372_10,0.6865818214760504
5898_9,0.9667688420100706
7370_7,0.4428253673235206
3018_9,0.9993740397000501
4899_9,0.7614364608340679
2385_4,0.5999568731977928
8433_9,0.9977491497762015
1989_8,0.5546346324865509
10401_7,0.9527855815124173
5668_1,0.051116567987450866
11516_3,0.06691325490965572
12419_1,0.08117347546045198
5402_7,0.13762578697037117
10537_9,0.9409819205740017
117_10,0.9995047023155523
6756_4,0.10035181763919568
4051_3,0.07212245075300833
9687_10,0.8054700326806414
11011_2,1.824121058100267e-06
8460_8,0.9061525564849074
5155_3,0.06865116708595453
2473_2,0.11882738795908836
4074_1,0.0050943291564353056
4730_10,0.9765263942701591
5310_2,0.019197072154070797
6630_10,0.9623777119827946
4363_1,1.0587812637936911e-05
1022_3,0.5038679704720075
8247_10,0.893103974575826
7437_10,0.9943940546106516
3846_7,0.8746011589146905
7298_1,0.0021412363926627976
11955_4,0.18939771208508627
9448_10,0.38766883637948457
142_1,1.422146850239758e-05
2260_3,0.0005618208456675638
9012_4,0.18897530141962565
5321_9,0.5964937209969021
527_10,0.9916622780505931
2898_3,0.020322285893700342
12302_9,0.976089084395434
1463_4,0.17185988703076882
5278_1,0.0026056504529023404
6450_1,0.1603329754792638
9704_1,0.2582987315457646
2673_2,0.0004971870142511115
10175_2,0.009891898062799071
8006_2,0.9214870346266968
9492_4,0.5298393113509053
4595_3,0.5996240648882528
9499_2,0.01645248226222312
7869_1,0.004123996875704202
4047_10,0.98751201150392
4962_7,0.7637385032730691
4052_2,0.02540619911924424
1423_10,0.6708440957401167
7376_2,0.07834261372157074
1067_9,0.980173031793278
3289_1,0.22336423768061722
5780_9,0.5535004009097556
2965_2,0.2750489926253001
4127_10,0.9597725193610098
10156_3,0.030139145536053298
11164_1,0.01474324165442876
1422_10,0.6708440957401167
9470_4,0.3778426686198057
7733_3,0.16919703572779704
3814_3,0.10129182859624604
9900_1,0.03288194752431939
5363_3,0.024032950832492246
2878_7,0.5609161713596709
11647_2,0.03494477465968345
1729_1,0.033972162707661534
2263_1,0.813821906465216
11707_2,0.05043869967512569
10722_7,0.9602684134547088
6321_9,0.9005717376573596
7339_10,0.9692625078703417
8003_9,0.8225156026229384
11009_10,0.5723910102497946
9458_1,0.18656716309133284
10359_1,0.0015747546007659613
5530_3,0.22459303168030093
3377_9,0.9849666836189387
2256_9,0.5417133010175204
9036_1,0.011700702735159316
7621_7,0.17738819871453357
9992_4,0.22845233719808264
1004_10,0.9321150873622518
6339_3,0.1707113945302754
5554_10,0.5520063421185732
10128_10,0.9979067964568716
4540_10,0.9945598283406761
1410_7,0.7685138139669191
7072_1,0.200560541360434
4324_4,0.09485691658784039
9611_7,0.19345516246258296
7571_10,0.9991891385920812
11337_1,0.02147545780585635
1169_1,0.050548091072046115
10881_4,0.19137557138415928
8782_4,0.04425908063579993
5357_10,0.971408077567824
9318_7,0.9514259611332273
9071_3,0.9695348566812726
485_4,0.3938800918831713
3164_2,0.39250308273607004
1343_10,0.9941568955680528
571_10,0.9866678344762484
6749_10,0.9666319987849087
1945_4,0.02997405739781725
8132_3,0.02467267793719295
12380_4,0.0019743321296331515
11183_4,0.829257037871337
10526_10,0.8818271788837201
7234_10,0.8989013009635038
3054_7,0.7818476132070789
5217_1,0.0007866464790538189
7106_8,0.47425425180165187
11043_10,0.9999010330752629
8447_2,0.11542988411234192
9744_10,0.7690933049706082
10638_9,0.898733626386309
8778_10,0.9559425490689747
3666_9,0.9909568371170228
4223_10,0.952441180518536
1642_2,0.4757254653609899
10541_8,0.07132671548180496
8067_1,0.06580184523643064
11116_10,0.9728090331917049
8701_1,0.07183254318271315
6422_8,0.9797241078141121
9168_1,0.024799111795094204
4130_1,0.0043858233498894495
8492_1,0.02160732285366227
6430_3,0.02886721009356842
9306_8,0.6196908200244751
10487_7,0.3694573403023925
6687_1,0.12474069680006565
11869_1,0.0037491724598378317
9224_10,0.7408110914394478
1625_9,0.9413593628137958
8651_7,0.9120509525979593
3702_4,0.14976205264409564
4470_7,0.867294477593555
31_4,0.0420100138847137
11316_10,0.9890915628553445
5961_8,0.9253758706773264
4428_2,0.029301253397023535
2540_4,0.4760290098199956
4855_2,0.9746041389175697
9997_2,0.0029727367321176063
12214_2,0.010271851706683932
12383_2,0.0330035062892242
12344_4,0.6380980567730525
8147_10,0.9945734476461345
2019_10,0.971399710582633
8161_3,0.04600314993759462
7312_10,0.5124765198318543
9310_8,0.22882653813787257
11966_1,0.004425927092312602
8962_1,0.01851539562531261
5661_4,0.20034028178796712
5765_4,0.037975802902313345
10934_8,0.9453893697188555
5801_9,0.6346301816540614
190_2,0.9334649217937416
880_8,0.7796974981870406
10677_10,0.7929706063369051
10520_10,0.9626910020819613
6697_7,0.19917730001667697
11582_1,0.01141356062489029
1986_1,0.05743552489298304
6021_4,0.35560257617811086
7220_8,0.4384975758981291
5870_1,0.009074902190928144
1459_7,0.7687866767374654
1733_8,0.9477949033744633
7060_9,0.8837720834294361
5249_9,0.9655311247935466
8845_9,0.996836301594328
10133_8,0.8781793078752268
3041_9,0.8200011464454138
11504_1,0.27323590927322383
6261_8,0.9886310667597014
2942_10,0.9984347370781667
5522_10,0.6975399996881373
4260_8,0.166326760687315
1600_2,0.011960275446405256
1698_10,0.8153464674848916
5823_10,0.6140326973508088
2413_9,0.9248131358587397
7316_9,0.3979464623464209
5963_2,0.00605921772999265
9960_10,0.9730735699911005
6014_9,0.9766516038140405
2357_4,0.060936571068918845
9788_10,0.03092909467414292
8100_2,0.007091170942943615
4099_9,0.3092489763363819
10894_2,0.0149255182520579
7940_1,0.07856832623273298
3605_4,0.6170193410922323
11270_3,0.1038204463739567
2306_8,0.9871284680047856
3825_10,0.8879805511583395
161_7,0.08415000305577171
12121_9,0.45559833128293287
7916_10,0.9562165958058132
10598_4,0.03638131103325452
3484_10,0.9584855705181262
8967_1,0.24208500758100693
4005_2,0.032734128200407026
10355_4,0.8691339019617249
5215_10,0.441601732100243
943_3,0.019408787905115767
11786_10,0.9583505972840766
5938_2,0.023506708951735608
998_2,0.047345084783429296
4333_4,0.023222410426122116
6606_9,0.4522410007906589
5251_2,0.0542646149578855
4152_4,0.609047268650323
3148_2,0.6622101411247968
3344_7,0.7827095400625177
9832_3,0.49396251440594574
2689_3,0.46843517162768306
3400_10,0.9983616720354508
4000_4,0.26419138058211045
3934_3,0.03880175633783109
9014_9,0.2275829452784084
2339_9,0.9336703979669022
8833_1,0.19441279420096783
10197_8,0.984971825023834
8811_1,0.19105925680939265
1805_7,0.9378806125143078
2238_7,0.8970460159427279
2487_9,0.24120115810548612
1737_1,0.0009222821370958085
4085_2,0.07573633598830651
5665_10,0.8623821477485725
9721_4,0.15873214797721824
10577_9,0.7047655160537449
8892_7,0.6879854222759221
4503_10,0.9998336456421287
9348_3,0.004874214734320124
10382_10,0.9705240765800063
8339_3,0.0031207465311035715
5199_10,0.9836415380887749
1897_1,0.023603002060126402
3578_9,0.9995627300812192
9192_7,0.8304183084520073
12154_2,0.030036570846778105
5089_2,0.0013226694308542206
8988_7,0.07253017345090788
10170_8,0.68074315607143
6690_8,0.9155651262431903
2549_2,0.0040196683429900215
6546_3,0.025769931275068395
5283_2,0.030862114241587395
8131_9,0.9099624305399802
4745_8,0.9846940402254869
7251_1,0.10326417545709679
1829_8,0.9963219267689146
11922_9,0.9802816697275831
10322_1,0.01793205254911354
3163_4,0.17274465946814388
11849_9,0.9890745447865145
11809_10,0.6942230984808583
1275_3,0.4539157522881084
11694_4,0.17080083030810544
12112_8,0.41532400804314407
11212_4,0.7596115798704887
5124_10,0.9640239686430109
5362_2,0.0031292398993539423
2680_9,0.998339685330512
11181_4,0.8894066284490186
4345_1,0.03977097356689733
8916_7,0.7687503603572916
10042_8,0.9158246726659193
10324_8,0.6708183195678314
4425_3,0.8846025723795939
9133_3,0.9292536748540824
11028_10,0.9957672612798635
1941_7,0.06861882509194599
10142_3,0.4388971899808551
4572_1,0.010539909636501076
10512_1,0.0001130838371485617
7180_7,0.47167939418170635
3948_1,0.07883196281011981
1238_4,0.14780891314652536
5269_9,0.5454390109426922
12346_8,0.68391395874058
11481_4,0.5689398612442392
1943_3,0.0003315126613458763
4742_1,0.0185222964727987
2433_1,0.05435172977793924
4422_3,0.3802734803302524
342_1,0.10204430994718301
736_8,0.300114073189626
3036_10,0.25994867345145445
9336_7,0.6711661207478308
9205_1,0.00017307984310854495
9923_8,0.7265511906698611
8875_2,0.04502711975732493
2023_7,0.8863901753311499
4102_1,0.38179698216273983
11345_1,0.00013399603765345384
6736_9,0.9997116041912762
7839_8,0.9713920607044172
8572_10,0.9652809772714197
7211_1,0.03396261050206797
6666_2,0.0165439266245469
1978_7,0.8905645646568201
3156_1,0.00451285339582118
3333_7,0.9300794023218394
3720_4,0.5997397869899539
1450_3,0.8813398445861578
8563_10,0.30380454150615266
9087_9,0.9864242811014803
6843_10,0.8554669151778008
3485_7,0.326628682199783
4259_10,0.9994905994085285
10186_10,0.94182579281463
3312_3,0.1702296429620913
7624_4,0.04216751527453173
7930_3,0.015601835033219385
8407_10,0.636526169582981
1771_4,0.4791362119721908
11919_4,0.016027218109012076
425_2,0.0331595117064768
11795_2,0.02413499643733776
6767_1,0.04126729922801087
2996_9,0.9145955834266015
990_1,0.08679714310336135
3757_3,0.4958182471858172
2981_2,0.2320177745301206
10277_2,0.049887797891628435
662_9,0.35429939578444575
5311_3,0.5944242498154414
3796_10,0.8089437435472624
3846_1,1.977068212305041e-08
5651_2,0.008983498775095473
6649_3,0.25348362092497223
10779_2,0.0016568624446567544
4548_10,0.5233845487338322
7275_10,0.9714923982308608
1605_9,0.9376688821446202
3580_4,0.045514134864743996
5712_2,0.002188181786833295
5287_10,0.8956165392793831
3230_9,0.6793611247217686
7936_1,0.047209933891416554
9983_3,0.0011659813984600655
9959_7,0.8949841222701015
5739_4,0.23561640869663517
4308_10,0.8276485783139623
4854_8,0.45061818243010693
8620_7,0.7615062191890463
7923_9,0.6127575799246743
11686_10,0.8785946253693794
8253_1,0.48589100071094865
11030_4,0.6325945266925591
3995_9,0.8795108407275268
10763_9,0.894278931712396
6780_8,0.9958264593804527
10895_1,0.07810580393500566
11778_1,0.18559233946983075
8512_10,0.1927105391069286
1061_1,0.0012730333220568805
10584_3,0.00691497069045412
212_4,0.06874318615835945
1908_2,0.002340407152496576
10958_1,0.013012077454274065
980_7,0.8624819869631023
2686_10,0.7048687308580592
2088_1,0.06520540086227271
6075_1,0.20943797300315645
9782_10,0.984048697855564
9180_3,0.27980150003891796
2478_3,0.011479388989346688
1634_2,0.0006395963038721097
6810_8,0.6059651092754521
2562_10,0.5443795709644492
3841_7,0.467632789360232
5387_1,0.004966692305543631
9047_7,0.9630224883152907
4962_4,0.19846874005800844
8597_8,0.9690707808706616
1515_1,0.009437033903866764
1974_1,0.44369816447057875
9935_3,0.5614765358973847
2404_4,0.2729538648469974
8638_1,0.0020270376842449725
8720_1,0.2736305119868108
11411_2,0.041819305694743666
7676_3,0.5596313235209549
11756_9,0.8851704373562175
4195_1,0.009679085143401033
11787_10,0.5149336977759058
11838_1,0.2543308413533501
11748_1,0.09224452993432279
7309_3,0.6389575315946938
502_4,0.8506780997825751
1239_10,0.6704171152152764
8925_4,0.010350924788330466
4242_1,0.20594514542271372
2112_2,0.00048051714889246446
6359_8,0.9999634266049025
8034_9,0.9999099164613533
807_3,0.2959466536248937
7852_4,0.1558098414340756
8014_10,0.829366449879328
4823_8,0.5521835862373807
8448_10,0.6601301844232788
3564_8,0.5423066873341166
858_4,0.8742924173632297
8529_7,0.4139371900939168
6515_3,0.03975196469870703
2646_10,0.40751415401850233
4278_1,0.1406068921612219
5641_7,0.8400782070105552
5382_4,0.0018808517029040136
3300_8,0.9695971679920276
4849_9,0.772442071020814
12013_1,0.006891270390778123
107_4,0.16031214108407182
10046_10,0.8534265570307848
9141_10,0.9577860745308726
10297_10,0.9772366684383565
634_10,0.928598905048739
438_2,0.10094797064770251
11794_8,0.7397709821128821
3937_4,0.29449534219133267
3602_4,0.1028245025390085
11851_1,0.010704704982330962
8690_7,0.8994513775804283
2697_2,0.07293915180491288
805_10,0.9720373556089933
7572_1,0.008282223388337331
10553_1,0.17398238128606386
5246_2,0.002603537917351176
2064_8,0.4797081030499207
11856_1,0.278364812217067
9026_7,0.7906737743340454
4449_7,0.8565566366220971
8579_10,0.9620710502327412
8503_7,0.7851916177774806
5734_1,0.32582452280080887
11507_1,0.004284304621918466
7956_10,0.6857628718014512
11245_2,0.0006463083715289414
6142_2,0.44542164277958296
10657_1,0.006367075670608964
7992_1,0.3089202171004455
11347_9,0.5953288601055244
5278_8,0.9758372451131163
6362_10,0.39918948666216225
10214_2,0.04197703981329202
9184_7,0.954339655909608
2666_10,0.8312557719990088
7527_7,0.44209088672063646
2001_1,0.027452827445901586
12000_4,0.10964304139075787
10302_3,0.4436364092850955
7160_10,0.9555492549191424
2757_10,0.9975440842374249
3792_3,0.025255823585453956
6199_1,0.004383262152386893
10467_3,0.08751451388376198
531_10,0.9797841051314766
8193_9,0.9760753216038818
248_7,0.9907829533105507
187_1,0.016498877899051974
5193_8,0.8491873282288998
5138_8,0.9714531307710262
8467_1,0.24858142619808463
11029_8,0.8891217378634575
667_4,0.09113189656978184
3714_1,0.09714510939121089
8102_4,0.7008944312888495
9195_4,0.03290808071257856
1432_3,0.03647416835113178
9095_10,0.736883120029272
11510_2,0.2090169924609651
5644_1,0.43110225933179325
2556_8,0.8225622228791634
11887_2,0.18250786743341435
5374_1,0.10946419101284083
5356_3,0.3935876935062789
10209_1,0.4220696724544
2001_8,0.26412346558937055
6088_1,0.4070489205519215
6140_4,0.6840793694471883
11494_4,0.028190292785405892
11631_7,0.7651931731284717
4818_1,0.5664342991954231
10914_1,0.0020585425748968376
4472_8,0.9426590340961568
8735_9,0.9825796101384476
11190_1,0.20964353118842996
462_4,0.0084832319548959
6566_4,0.1350934556225969
4598_4,0.5934188760672428
11566_1,0.013193185118171613
2560_3,0.2793019269276084
11969_4,0.007055761753893677
8765_1,0.005544291461676146
9957_10,0.5494547065946157
5210_10,0.615402493569967
5007_10,0.8684301514598805
10290_10,0.9148569866486913
10319_1,0.046231077222684686
1848_2,1.736730809590354e-07
1319_3,0.071981609117265
11248_10,0.9936130477954447
379_1,0.008735056544311582
3469_10,0.9448812253182534
437_2,0.000443798869051577
3648_1,0.33861204321803884
8834_1,0.04987678798168031
3316_1,0.07088363483825884
9563_2,0.09484803155053481
4500_9,0.9778890136077052
6226_3,0.3918546471693455
5653_3,0.10071386918549104
5415_2,0.004002727138142892
6725_4,4.423544045711312e-06
9462_10,0.9867642670534759
3471_3,0.7710080032660842
7259_2,0.023874088189089718
8181_3,0.13676508038572685
10749_1,0.6702729096869546
12283_1,0.002264149245635951
402_1,0.00047940717083869974
8024_10,0.898357527917353
11114_1,0.011534935688587
461_1,1.927095012415664e-05
10025_2,0.054633831982266595
3358_4,0.7849385545174409
2022_1,0.007441688617302174
12493_7,0.8737520762001264
4131_9,0.9985551529432775
9852_4,0.008873045320721256
7122_1,0.0011897696382198297
1994_10,0.907489599166467
10723_9,0.9331896838298033
3900_8,0.9979716814180011
7741_10,0.9924504337426961
4287_9,0.7221191923799174
10195_10,0.8944140693596536
10941_3,0.06068327711118823
1615_1,0.1286794011031465
12337_3,0.1864291551469382
2259_2,0.2586856295717636
6179_10,0.9835981744326939
138_8,0.9273712512735167
6482_3,0.8439625205514123
10362_4,0.00010121769421061748
1341_10,0.9890932019588443
8299_8,0.491206245051954
7839_2,0.004133385227094181
6659_7,0.875847466542386
7143_10,0.9999783978952205
12445_1,0.00011088783532669285
3796_3,0.43759943130962253
4180_10,0.7538579760424363
7775_10,0.9825080830349326
8946_9,0.9417458648634964
1936_7,0.9471484106515434
8387_1,0.006848835579849132
10092_8,0.6345011274446836
5729_10,0.8868943429688801
1399_7,0.9120070557286464
4011_8,0.9995396534499089
7868_8,0.9952374799626253
3546_8,0.6230884081624265
8643_9,0.8212595235656748
6033_1,0.09558793902479217
428_10,0.827203359890702
3385_10,0.9999275397049487
3073_2,0.0001748961863011809
4169_8,0.9560221972350839
8191_3,0.09425773516295631
211_3,0.0059594930470599754
297_2,0.05511189204601697
4286_8,0.9745889294703007
535_10,0.999666979173584
4851_4,0.8717651222554081
9707_1,0.015125840544649908
9740_10,0.6984715646851567
5410_1,0.0002564322505974343
1436_1,0.01158117702175141
3766_10,0.8842353870435254
2483_9,0.9142784525916048
1937_10,0.9571460170531165
2939_3,0.16859192708426993
3372_1,0.0008415809645644142
7825_10,0.4302976849649652
7780_10,0.9994453861657286
7656_10,0.9934598208115979
4850_7,0.9990572618202179
5083_4,0.17915876152672297
10429_1,0.06595383098675855
8009_2,0.0005338867917999439
10879_4,0.10123898150380084
7328_1,0.007687682949380598
10055_1,0.1991231651257283
11715_7,0.9673758398805024
1547_1,0.020527249336153706
7665_9,0.7455896229136436
6061_10,0.6846529679210922
10800_1,0.05119449992162456
10234_3,0.07050213215917704
11334_2,0.09084294008520409
3106_1,0.04826140753291795
12173_3,0.04980256579104033
2076_10,0.9970266613870271
4414_7,0.0998738331922129
7679_9,0.7068713051528155
2010_1,0.0004049538425318086
9460_9,0.983417644258385
11261_4,0.4745380403532271
7500_10,0.5534938852778857
9503_4,0.025559857148089154
5937_4,0.18626454332069164
87_10,0.6422638134521959
2968_1,0.0008977435041622821
6728_9,0.8330455889582856
9954_4,0.00125626331518646
5875_8,0.8959035436325142
12429_10,0.10538495550749002
11247_10,0.8776332499604623
8879_4,0.718312793504254
2999_1,0.006683713388233371
11448_8,0.7223169850709507
3629_1,0.0013917809094768025
1302_1,0.7646448823136728
10851_1,0.15068971781976273
9533_4,0.0006513482277099205
4078_2,0.5198929961550441
7813_3,0.23175075359734792
11284_10,0.8761934670723907
3509_8,0.9982483970295559
11198_3,0.17403975388006251
9197_9,0.9760963406763564
3603_3,0.9888687108436234
6472_7,0.990071110155511
2410_2,0.01363647260816189
10240_10,0.2973390943724441
6507_4,0.05490960539355927
1511_2,0.48243400161411365
5475_2,0.11311862330216461
5728_1,0.0011893341838273715
5294_1,0.018621965297768845
12024_10,0.9808737601546045
2355_1,0.4687986505700452
4088_9,0.9880705087614662
2580_10,0.8286158862611189
9423_1,0.0811849472830526
6836_7,0.9549623206516104
11806_1,0.0006928904801178605
8412_1,0.023562071028287588
770_10,0.8356817946893929
1029_10,0.644028274450659
11288_4,0.0076959078194317
690_3,0.3449918625170344
1925_9,0.8177786619865094
2116_10,0.854692290545498
8597_2,0.3159345473604049
8734_4,0.258709869257133
5549_3,0.01366777787546179
5447_7,0.6549846908505222
2519_4,0.1061930350478388
11323_7,0.6309635588924165
9338_1,5.56311060227408e-05
3299_10,0.9894115025928142
10585_8,0.38604316145062995
3945_7,0.8273810126045049
813_1,0.07524558035947736
1300_9,0.6966866248372287
5849_7,0.9151403231195216
5535_8,0.38590366910535917
3612_2,0.0009030289432960996
11064_2,0.0008738367235557082
376_10,0.8193545055132557
8504_2,0.0004800949028213374
8198_1,0.360686533689921
6485_1,0.0006392166897546846
9011_3,0.04310493441844214
6766_1,0.476652265844748
7282_3,0.7047251722534016
1450_10,0.792483772890499
10644_8,0.6775077887514835
5424_2,0.7856207540796276
86_3,0.16653128921269145
1221_1,0.016500808488743947
2309_3,0.04459397383174945
5190_4,0.2878028958591879
11498_1,0.3229435176143456
11959_10,0.9528155994263382
10465_10,0.9766079151586401
3922_4,0.4034209654001107
9710_9,0.6315974847399032
2014_1,0.019927494315252012
3791_9,0.5697192142420574
3548_4,0.24695878229907278
6001_3,0.03214729278298174
11920_4,0.47346541365013894
10152_9,0.9985297350826973
10305_1,0.5925214196312933
10626_1,0.11577067615157169
3057_3,0.7304205991293359
5387_8,0.034919350031374786
8138_2,0.019609674907284765
11134_1,0.0478354988185876
8341_2,0.0014980654430091246
6687_9,0.9680937391838979
671_3,0.7793273261412271
1156_2,0.0013653639256227736
11841_9,0.9603218129153185
7193_9,0.9994670606567344
2257_10,0.9975195456806518
5261_3,0.21182767183091278
10475_2,0.05857177958570073
11175_2,0.6156303487915028
8122_9,0.827561434667649
6266_7,0.9796160888207472
4340_9,0.38155685555760427
331_4,0.07839083809408377
854_7,0.42948925763376544
6800_10,0.9940477557280744
982_8,0.9965375512265465
5916_7,0.9826523607223854
5871_2,0.012132295784720554
4106_9,0.9841118637920264
8506_1,0.07005765933360637
4610_9,0.9704275544969825
5086_4,0.2556203612600848
453_9,0.5380086560857232
4611_3,0.2070741099037729
3764_4,0.014665123304963031
7644_4,0.08876911802264467
4037_2,0.0005316552767135922
1595_10,0.6415117930624021
7792_3,0.030334555572344022
10068_3,0.0182873815906266
7199_10,0.7209428282741845
2050_3,0.0007172736908067597
2460_7,0.9917365499751696
9299_1,0.02070032256134315
6297_4,0.5775419979641636
7797_10,0.9570695121685132
11272_8,0.993490806340778
7808_9,0.6390211274772116
5806_3,0.23803174850164494
4573_10,0.253387982105473
3935_7,0.849211563236941
3502_1,0.0019414015906849143
5744_10,0.003611881156193382
10548_10,0.9973056613208865
3746_7,0.7857885899064568
3851_10,0.9978679568691439
2648_2,0.056793208820941174
11397_3,0.10652812638216358
1024_4,0.3351424910805778
4034_2,0.0010622049355302615
7010_10,0.9505815617370247
10429_9,0.9634210116023555
8086_1,0.001594424546441855
6463_4,0.59266949048602
3540_3,0.8256194048029984
7608_8,0.8743891465989575
5123_4,0.845086236748593
8139_4,0.26936848267024527
2535_10,0.9329790415795982
4187_1,0.04976059398806469
1711_4,0.12519247839584213
6197_4,0.432429888777616
4953_7,0.5065665433507085
578_9,0.7998293951454134
4244_10,0.8543228544643806
3893_8,0.9970478145035089
4903_7,0.7915552021206769
9850_8,0.9821290492276294
11450_3,0.14931961380032394
4926_8,0.9357218078272815
804_1,0.13186499405395777
5933_7,0.9149808551797275
4407_1,0.01713110337343765
7951_7,0.9347577826840879
9759_10,0.9140312715620801
3936_8,0.9787863466909871
6998_1,0.24087227686067467
8967_7,0.7825131155239958
5061_4,0.8603578788848937
7787_3,0.3644297075064905
8320_10,0.9757604018803678
967_7,0.008483923321609636
11996_7,0.25542645038827516
4233_8,0.1525453568266327
2494_8,0.7143859875549182
6804_8,0.8601205117156753
1452_3,0.31411109000757825
10327_7,0.9691696767290877
1510_1,0.05429901523401573
7223_4,0.30883692715605465
2280_10,0.9744324497341104
4092_9,0.9917635426056739
11305_1,0.00339926473793901
10599_1,0.033447825826572096
9545_4,0.8891317571755176
6423_8,0.7692342654064611
12314_1,0.362891523810001
8470_1,0.03815622922789187
8957_8,0.9460803020459101
1725_9,0.9835442285234118
11127_1,0.015474385727016121
6570_8,0.47492358499245046
10477_1,0.06798178352629224
5503_4,0.28505389223345956
12251_8,0.8149701902519016
3474_10,0.999081149696169
7269_1,0.027506996074049706
997_3,0.07868636679275992
10781_10,0.85872249944768
6598_10,0.9700841211154644
9225_1,0.013541311803627028
20_9,0.9687002267332085
9671_9,0.925567889971453
8627_3,0.07566797246009016
12404_4,0.4679840195820668
1110_7,0.9995991878129294
6979_1,0.23207259857323093
9082_1,0.4367708914923189
3626_7,0.8330346751652604
4856_4,0.7098647658375612
11510_9,0.9127812955450403
7024_10,0.9941200706880958
1501_9,0.8175264455769363
4185_9,0.6312822521777967
8671_9,0.9894323520975341
2225_10,0.8165082814551762
199_4,0.964866800338193
6027_9,0.9107351470708069
359_4,0.3019718169839811
4065_3,0.13105210277864318
12333_7,0.3513630318162195
1963_10,0.9330391870753308
9106_1,0.021484978194652518
10478_1,0.05129906363347169
10859_9,0.71269715868525
357_1,0.010268882836847267
6982_10,0.8176314586284199
460_8,0.9058142957095925
9266_2,0.17910757499474897
351_10,0.9948661632546775
9562_10,0.717633580890747
9784_3,0.06906576306460226
5949_7,0.9961567153021071
6489_1,0.21264871319909182
1607_9,0.754310132496329
4482_10,0.9684613336586009
8816_8,0.11229563773188292
2427_1,0.4867358139500756
4838_9,0.9997011792970171
10961_9,0.8712371227475116
6708_10,0.9752193575012441
1045_9,0.916831941691216
3607_3,0.12519181135023127
4325_9,0.8956876628667916
4779_1,0.12010409043435905
4624_9,0.8160873616480789
4564_10,0.9248682323010396
7132_9,0.6076275098916132
506_2,0.036199652709844016
5939_1,0.0027717206757689296
3219_10,0.9905955943235604
8620_4,0.05119494465220055
2049_1,0.0026756225510579765
3367_9,0.8371043436149606
7408_9,0.8471537988596035
8850_2,0.012248084315273916
870_4,0.3315461993655486
8056_8,0.6175992578924464
11367_10,0.7315847895036623
6160_10,0.9288399788068066
6712_8,0.2944558601189489
5267_8,0.7870174192141971
1191_1,0.14916726757525203
1513_3,0.0007656772566989143
4741_10,0.4325457539043627
9807_2,6.617003195178009e-06
6926_10,0.9943890595018142
6382_10,0.9981810047891141
6636_8,0.9370115799745001
6592_10,0.9868898581969359
11308_10,0.8611533543346318
10853_3,0.1484347715567847
1774_7,0.7735290869414163
8259_10,0.6873622819014591
8649_8,0.9139756426830901
10739_2,0.09919148184816423
9843_7,0.8607025935040722
5984_10,0.9925053654279812
8658_1,0.551757719003249
10386_1,0.03491974347716793
3271_4,0.6592764301103651
6167_1,0.0013753150168531198
529_1,0.057634104507785604
5696_2,0.027112448521030858
1601_10,0.8222626567132888
10744_8,0.8792316972635917
6121_9,0.5500757365918543
2598_10,0.9984596121912988
9209_10,0.9875205265264089
3831_1,0.0007033195056239598
7171_9,0.9455734263949344
1850_10,0.9426194805112582
8728_7,0.9485576637975635
7698_7,0.9387770268728339
5954_10,0.9909478346688635
7104_7,0.31076480237317955
5617_2,0.262168589053481
3896_1,0.20986864196319444
4355_1,0.2443376570141351
4212_7,0.7308891095193988
622_1,0.004554164551071789
3368_8,0.8554101729750163
2870_1,0.03593050930517149
12107_9,0.9809059283133751
8016_8,0.9981394499170299
8752_4,0.05059191507252357
10653_10,0.9553582859579821
7245_10,0.9879459688358643
9742_9,0.9609203307109646
7637_4,0.5571113992042331
11903_10,0.8988124663068353
9818_3,0.27427359461985956
373_2,0.14879728752718022
110_10,0.7994269708155616
2450_10,0.9998089422375196
9009_3,0.010382541159369579
9132_2,0.15777387185739408
11076_1,0.05895388479477195
4285_4,0.2798776328463827
109_8,0.03462131922241014
2585_8,0.2476443305965008
7781_1,0.033456162374618056
1359_10,0.7498501615750782
9773_3,0.28129744201321305
10328_10,0.9926145935131547
12063_1,0.49102232849381927
12061_1,0.0071006915059029126
555_7,0.558500289704584
2288_4,0.006029079891997752
1259_10,0.01547302876084877
12098_1,0.028331977647089425
6493_9,0.7009817139086553
324_3,0.11714412400062918
7834_8,0.12187083356913182
8918_7,0.05165943619208157
10736_9,0.9857112329473878
5272_3,0.16729831913214954
4302_1,0.2825257428267331
646_1,0.1785014669442935
10868_9,0.8254125762715293
9654_8,0.5680508667486961
10790_10,0.9176895061928524
10589_3,0.2057592527381582
6364_10,0.6329566192947627
8477_1,0.0016210820351191648
6938_2,0.3458066930201965
9420_3,0.09950045375158245
1527_10,0.9973247541516513
5769_1,0.280334885875951
1655_9,0.9954440236471729
3917_10,0.9764027725710959
8666_4,0.15768337893371454
11820_2,0.3078777931131717
11633_8,0.6447075254072548
6136_4,0.017091896017855636
10293_1,0.02916772840251451
1084_1,0.008721814292821716
12287_9,0.9768714741395798
11297_1,0.025546287539546835
6913_1,0.05453359971586256
11371_10,0.9853520983456742
9937_4,0.06268093078458552
11341_10,0.93631444109314
5233_9,0.9005575495457039
4358_10,0.9970120569464674
10735_10,0.957204004371878
5234_1,0.007374233664255741
7523_1,0.011960982116227424
5758_3,0.08665126635703259
11916_10,0.9987970927977349
10276_8,0.5274584241624584
5950_4,0.0087165934478469
10329_10,0.8076672899392991
8419_1,0.02765914981554261
3343_4,0.03983928079649734
3640_3,0.08706242534376404
10160_7,0.7065653800804905
1181_10,0.9769026959459407
9181_1,0.33715437763876854
5778_7,0.544169284121918
3659_9,0.8993536261258164
4695_10,0.9146745664651037
25_10,0.9131741193987013
6127_2,0.007430355815996649
1343_2,0.21215240138972394
1110_4,0.10223304348598063
12166_10,0.8511397935637813
1853_8,0.9607781470599698
6651_1,0.11659821784621635
4927_1,0.0012904557895630187
10933_3,0.2314661060223362
6911_9,0.9970297689077375
467_9,0.38945936396550673
2267_4,0.2499781611677066
9005_3,0.4407171049857782
10493_1,0.022920147774470254
8159_7,0.9627795040700419
10039_1,0.09427544627859252
5147_1,1.1395677489020145e-07
12176_10,0.07640355790583109
9299_9,0.47741389341983737
2824_10,0.7492671814088869
7695_1,0.09770159123493602
8870_9,0.9709614186474801
4063_8,0.5956332961511215
396_2,0.0333972583751632
9016_3,0.025957576849922764
10148_10,0.9547135496841238
2028_8,0.9138691178055041
3738_7,0.9473140144902026
11365_1,0.7090163133060341
9987_9,0.9779298673658174
4050_10,0.9981489611024291
8028_9,0.3030361005978016
10161_7,0.9681262210365852
5997_3,0.3788903737289347
7771_1,0.5103582462880505
765_9,0.9704428158485473
6558_1,0.07961744596034574
9148_9,0.9995123532229515
10100_10,0.9442634222978241
11870_3,0.44622817906128787
143_4,0.056299896834027856
5865_10,0.7900481053621464
2364_10,0.72969127872538
4695_2,0.04047480941877936
3150_10,0.9850755632326779
4181_10,0.9086740023295418
8121_8,0.8761185677057963
3263_10,0.9265529316795245
9178_8,0.9984936311141491
11323_2,0.6161093933147502
8922_10,0.9907466035699913
7884_3,0.5224545088942151
6474_1,0.3097435276965786
9697_8,0.9032917345891294
9184_1,0.0806929855466564
9483_9,0.9983837622651965
5353_10,0.8235330312813062
5978_2,0.006188335881867182
7162_4,0.636242167771109
12175_3,0.0865613849757947
8229_8,0.9393107527246094
8618_2,0.0020656711771895623
854_1,0.04676920260782409
1379_10,0.4921768908650544
10833_9,0.8949422977648548
2244_4,0.29582554545607237
8145_3,0.056395374797598444
9069_3,0.178205406228283
691_7,0.7667446328848851
421_1,0.16779086345742728
951_1,0.6018940079662946
4966_4,0.08449827310163144
9116_10,0.8785534452247474
7903_10,0.9787789001640668
3684_3,0.4703344801647697
9435_1,0.10854220680186524
4998_1,0.012650984075033055
9698_1,0.04773142831050969
209_10,0.8628009460485903
10314_9,0.7981073656442826
6677_8,0.7362063946575637
3044_7,0.7780809120250147
1322_1,0.02653395846891258
3185_1,0.0437636872902163
6619_1,0.004729222088885466
3765_7,0.4183713715689618
3348_9,0.5285813519771936
11833_4,0.8820649944242047
2250_1,0.015340998412642337
7760_10,0.7349014385617876
8619_8,0.8958697282205674
5790_9,0.7719817324879777
9197_1,0.056879935680279305
4350_2,0.00030976719105494684
11545_10,0.9992605957645782
12448_10,0.29239498776664086
7160_2,0.17480917236655844
5966_4,0.1365697717588912
5284_10,0.8170576655584176
5276_8,0.030371895221972593
7498_1,0.14050254988856836
10729_9,0.9332648943947647
1827_3,0.008393837242094741
3111_1,0.006968428150453928
8298_8,0.5418569729316087
12447_7,0.8149661252589984
8035_3,0.07033910691710095
1203_7,0.9096573185527653
7620_1,0.21552774778232375
2375_4,0.14270688213441282
4026_2,0.0018740740914568916
1925_1,0.010426151743467482
3658_1,0.004215718318962075
114_10,0.6652583519804345
3386_2,0.618764271195451
377_9,0.8532652037001613
8855_10,0.857030014451923
10476_10,0.9906987976412039
9073_4,0.6001237207840764
3255_2,0.024953003691882664
2918_9,0.8967417203463762
5221_7,0.8515884171467064
7546_1,0.029580207536210462
8080_7,0.6117331193544445
7434_10,0.8402951036314633
1772_1,0.039502236155315534
2690_9,0.7522276029963287
7133_9,0.5314677078290709
9947_9,0.27092300446526657
11865_1,0.0942692806916455
6346_10,0.8507542776360947
2945_3,0.05215756626241566
3625_8,0.8985408505134842
694_4,0.35850448138815527
6795_10,0.7744543930681758
9353_4,0.983569678448451
12345_10,0.5117068505543902
5316_2,0.11578869353925442
12204_2,0.002193355960029168
2186_10,0.9929374659038765
5568_1,0.05936885055355557
11080_1,0.1327969035894984
228_1,0.2915509634715081
7795_1,0.041401169129801206
4886_3,0.6468013322256542
11547_9,0.9966491124356551
7494_2,0.14322832545723127
5466_2,0.19469947392730536
3655_8,0.9773395834817061
4790_1,0.016996360671561402
12370_10,0.973996955498296
546_3,0.21540960242746116
11818_8,0.9733995918258119
9426_7,0.7767629794340148
1524_3,0.5546438631298076
6486_3,0.06013773639836415
5288_3,0.015472977295225282
6797_3,0.20140811460779326
8130_4,0.5863537348866009
4064_1,0.12163208812555847
4832_1,0.0014448643607646947
7232_1,0.16410596993217821
7279_3,0.5939559100360325
8356_3,0.36819622338223124
3556_4,0.355104879583661
4097_7,0.9841025189008872
7801_1,0.47645412281517796
8393_1,0.08216542806210944
5847_7,0.9916779445637106
4470_4,0.024633288271458387
6922_3,0.010630723424796465
1094_7,0.7865380135667681
10740_10,0.9412377882495534
4933_8,0.9678167974546645
7794_10,0.9996164124747596
7218_1,0.2145335308969302
12470_7,0.6648132185840564
2980_7,0.9914525083361206
10896_4,0.28537800769039323
8652_8,0.30012690898062133
3638_4,0.11737061526839072
9497_3,0.8330310588456292
9266_8,0.9992625896138364
7392_9,0.19477022993761406
10_7,0.8316694799976883
2466_7,0.6107757192982556
1612_2,0.15640068754423386
10262_7,0.5437189684692048
2193_4,0.5895553632591892
179_10,0.9991699878796889
6025_4,0.6483766468541962
7633_7,0.9113513710351414
9716_1,0.0037204545958610365
9487_10,0.6461229735777009
9800_9,0.9917426389926223
6424_8,0.5068744801794454
835_4,0.08522561487317137
11351_4,0.6272175852062182
5508_2,0.1872101712966521
12395_1,0.19063287921818273
11986_7,0.8876846097887203
9947_3,0.9758149036138428
11529_8,0.7892183877775781
93_1,0.45193694949368396
9914_8,0.7470523726127569
7953_9,0.6941438001968678
9418_2,0.033504920285125646
9089_8,0.6412321904800308
10337_10,0.9785993922424941
4440_1,0.20399743510125942
890_1,0.018123624965539716
6965_3,0.02746474562275108
6540_7,0.914465658984785
7693_10,0.9035947377820435
6470_2,0.33555746120628527
9262_3,0.11441588960846336
1901_10,0.267608968024796
5107_10,0.993282583810035
6013_3,0.5026148038900703
9295_3,0.11702086606699559
3450_9,0.8142695255562276
820_9,0.5929091430886027
3207_10,0.976918295780214
2620_9,0.7709257425184404
9175_1,0.10574861054478714
3058_3,0.0003419693875838719
4648_2,0.11626437474318414
2012_9,0.936029728130589
8131_1,0.012654986681102327
4808_4,0.021778202131147503
9182_7,0.9926090064250032
6829_3,0.014359398288613445
10736_3,0.1939084705633655
12347_10,0.954233465785934
9973_9,0.9916357108529122
5320_4,0.6082558488841389
4462_2,0.08481200458339296
2573_10,0.8796106632047949
5580_1,0.0047456035038465376
11771_1,0.005677410880896632
10782_2,0.838687321459131
7719_3,0.004074589109786634
1897_10,0.7894117496012861
8797_8,0.7533791034893638
5464_10,0.9829885940595137
6480_1,0.02512199412800882
10346_4,0.008891347394364764
9386_7,0.5681505592484132
1027_4,0.4530222025907998
11905_10,0.9692936653218419
7804_10,0.8072491636378656
1491_1,0.49848039690646173
6521_1,0.0003866865956863495
11835_1,0.014037735442152094
9661_3,0.007730856199566226
9476_7,0.63783245972995
1398_8,0.2424774270013323
7373_2,0.13857091600455865
10278_7,0.9959086138643624
1422_4,0.17176254167689584
2823_1,0.01217361865448779
2691_3,0.3216038994192851
5825_4,0.14256164232244384
4113_1,0.23246910747335295
10081_10,0.22760585823550503
6700_1,0.030964754839255048
4482_3,0.11333858011268483
652_8,0.9512127260777595
5364_3,0.2487673584600691
2853_7,0.514155680755791
4328_10,0.6653608861812941
2636_7,0.8734139203140749
10850_10,0.9941250708320075
12059_1,0.005250648024081306
4135_8,0.9130728959559292
6311_2,0.018234336271989164
12379_3,0.011148257940996492
7288_4,0.036554799134358475
1463_9,0.9443489571483458
2112_7,0.9471818374511113
3942_8,0.5170299154677394
7693_1,0.4004225713442597
2451_10,0.968934490533905
11441_10,0.9796199297692478
11331_8,0.7528700353278182
7233_2,0.01572168170319594
649_2,0.4314304196533079
6388_10,0.9040911401593648
3861_10,0.7363492752240063
4188_10,0.9629482632823549
10556_10,0.9962475511889626
5855_4,0.2613583466626997
7153_2,0.049834100719968535
9710_2,0.2581711122217561
7607_10,0.9982102325059831
4534_7,0.3298425687334895
11074_1,0.02337517718836309
9650_7,0.6004680973216118
10921_4,0.501084685142522
6121_1,0.5382174325102957
10458_1,0.06664170166841975
9602_1,1.0868264392911998e-05
9693_3,0.9230207812480877
9188_3,0.8256869179945613
6333_9,0.5100025197812527
8905_10,0.9629830620929725
1335_7,0.813380188193235
11513_10,0.7709623158026622
6925_10,0.7834112289640279
10928_10,0.9502004365320108
12454_1,0.22184391481909266
6286_10,0.5214324738002488
5163_10,0.6592222916047686
10200_7,0.6460362229906802
3501_10,0.9819728793343201
6574_3,0.28527847444397825
5169_1,0.5472446323217023
2640_8,0.9405948545846404
7117_10,0.7916814633866625
3569_3,0.491902897573009
9810_10,0.06298661681312427
2080_2,0.33522382624735325
3437_2,0.04507378656106791
7503_8,0.9939750507320395
3753_3,0.195188067955693
10868_1,0.02220993826282123
12385_10,0.527686067016471
11870_8,0.8273850572137296
6694_9,0.8772301823405797
11824_10,0.9852884365365256
1750_4,0.6980139246947302
572_10,0.8671035749053678
970_4,0.5259976725739121
12211_10,0.4774453293932388
6972_7,0.9424780833814337
1554_1,0.28227820995749414
8868_7,0.3172469526510099
501_1,0.019220380223430984
2023_1,0.021656947134099984
4272_3,0.14204850570009445
2536_10,0.7371101955887747
2819_7,0.11916363743413323
1810_1,0.16143533925271739
11364_3,0.3021551792715217
6086_1,0.0389727170420014
1901_3,0.0041838189801683915
2847_3,0.10241492776470813
6224_1,0.04947035596403637
4305_1,0.011774671183359722
3685_3,0.022608913709880066
6292_2,0.2411879507650417
10626_8,0.8742215496360318
10721_4,0.4733521764360496
8086_9,0.9999846119515508
7886_8,0.9587576705415711
6601_2,0.5006922321655677
3806_8,0.6846861680741609
2611_1,0.004952452179010097
1696_10,0.7473570102948088
3823_10,0.27704903258895597
6917_4,0.006160436544533331
9469_4,0.5648429641662768
9498_9,0.9441374976319434
11046_1,0.09565933959881485
6519_9,0.9967981947391993
10676_8,0.7179322582852152
3139_9,0.7379189476777493
1098_9,0.9849153758588683
2588_8,0.5873638446188214
9924_1,0.03245326684921872
2131_3,0.04303959455240716
236_3,0.9130207309195028
5390_2,0.26583994116662124
11292_10,0.5709220841064245
4149_8,0.7747145393082114
610_1,0.023761956203501335
10184_1,0.01577822364356066
9123_3,0.37833676933623017
3220_3,0.05922676877105374
9124_2,0.04081158136878275
9103_1,0.012351630808431435
2896_10,0.9591168257245564
8478_1,0.006073004139161583
11845_2,0.15590434513706444
3646_1,0.5239467675860396
12254_7,0.87898954914068
857_7,0.9822033960946563
592_3,0.23182430291920325
1276_9,0.8677560459870182
5096_10,0.998470820959355
10725_1,0.40913390216506784
8426_4,0.8053718197519696
10244_2,0.0831142920012501
4786_9,0.3953275864644
8358_7,0.23631950943554253
5266_7,0.8781231326603086
3581_10,0.3263079216951696
12349_1,0.22731915411270254
3429_4,0.36611546142620427
9807_9,0.8392413062613241
6631_2,5.8666496315731626e-05
4981_1,0.007278325182104871
273_1,0.12098538777394173
733_7,0.24879375762452915
4982_3,0.027686436868553845
2347_10,0.7874032706505
6263_10,0.8544767947805227
3699_9,0.4160377666380041
2270_8,0.9412430042173182
8095_10,0.9996623947231437
3347_8,0.8606825812796638
4161_4,0.5053491736955646
3331_3,0.013373823428403096
6845_3,0.0005928875003609611
9272_4,0.19975964908034105
997_7,0.8998158875007507
1798_10,0.992176695466069
4262_10,0.5149041029476885
4868_7,0.7987756654630702
7487_1,0.07276383680558382
8262_10,0.9935546012744588
12397_1,0.0043873975232895076
4786_4,0.0827523784860536
3240_9,0.8414619556289089
10992_10,0.9749268518856687
8209_1,0.08961437030762066
6089_10,0.979611648840114
9735_7,0.6956587983953578
2554_4,0.0006079819931716239
8995_10,0.9655797256972143
5732_4,0.3553000005259324
1088_8,0.8241006653441587
12345_4,0.44307631787588686
9364_4,0.36114848281921746
12348_1,0.4644492129810273
3311_2,0.0013888102096092196
6707_4,0.15181251857808842
7048_7,0.9278153256898405
9736_4,0.3082876131313684
2975_10,0.9690376351059666
982_4,0.27021018987758966
3227_4,0.03090051979471626
5185_1,0.0013644284503881179
2131_8,0.9530103353145785
6941_8,0.5246845940694516
11936_8,0.5921648169854602
2383_8,0.322942183145069
3057_9,0.9806507378421175
8058_1,1.7740199505487884e-05
4622_8,0.3304756131998272
2208_10,0.7293340301255776
12144_8,0.9065327804494098
2737_10,0.980949247604512
3550_3,0.24458142958339404
2789_8,0.9998902211162203
11757_9,0.9976772866941416
10676_4,0.02747648122210146
2855_2,0.001075745071657755
2740_3,0.05362119729661561
8609_7,0.8892693069292569
2147_4,0.8367426512678036
8093_2,0.003976976283822226
10335_1,0.21258969981561507
1098_4,0.2571360710103035
6255_10,0.4127747905932647
7276_1,0.2025618643563352
11301_10,0.9931913539512336
1334_3,0.012772185432408472
8983_9,0.7115941924214806
1694_1,0.04256385504289251
9658_1,0.005866310626292258
8438_8,0.6599320153786437
536_3,0.0004997543920217213
7074_10,0.9972821507413775
1992_2,0.16697440666313046
5040_8,0.9551439378090126
753_2,0.27101435017623327
7967_4,0.4253649238387684
3763_2,0.4565474983114453
3953_2,0.18881903407420472
3351_4,0.6791180969459383
1704_8,0.98589501175793
6817_10,0.9888114812755776
11914_4,0.2820597451578353
12071_10,0.9180819208831588
6969_4,0.05619690785429965
11992_1,0.030467167786423475
11532_4,0.13029294966853072
5253_9,0.9347659351411312
5596_9,0.97865110813488
6560_1,0.0032558096337267774
8082_1,0.02961214870720051
864_2,0.013314162336618926
5929_8,0.8021517586458301
10217_4,0.29823104494502306
11277_4,0.25309216503694554
10701_10,0.08506072307116957
1245_8,0.9994991682852539
10024_9,0.41612851511729493
3344_1,0.3612714173097713
12006_10,0.9268824388489816
1031_1,0.06152148487370902
665_10,0.4928014265140124
10460_1,0.02069724295727244
7038_9,0.6873711594148861
7843_8,0.850673491647515
5095_9,0.9890485816032221
11426_3,0.06409840331562781
265_9,0.8792171211876926
7163_4,0.004818082310414996
77_2,0.113853298732733
4709_10,0.8612333451709615
11151_9,0.7830954759469684
2269_1,0.3569627109438307
820_1,0.017087543616594248
1451_7,0.5465089577815354
281_1,0.10916955019174701
6598_1,0.00502750620294765
4341_1,0.2762619957738408
9560_3,0.027333826534422023
4698_1,0.2758370464988973
7408_3,0.08173896671006066
11729_4,0.01519743320773255
11489_3,0.0184348989756742
9711_1,0.006744783903193048
9994_10,0.995767836292341
586_8,0.9597993182941462
8047_10,0.979450938441373
4531_7,0.9087980831211661
1293_1,0.0006074415582322848
7581_3,1.5110266792870083e-05
5129_4,0.5701968647486126
1748_1,0.11995228255229583
8155_1,0.047075320946588506
8827_7,0.14803178925880595
6616_8,0.974137631431487
1040_9,0.9952205620123276
10942_1,0.511501083651939
5306_1,0.023660116090430502
8168_1,0.07542085777672002
291_9,0.9538793063023825
383_9,0.8973371899741971
11908_9,0.9650292105820859
7898_10,0.011520362343002695
4043_2,0.000518413891833878
3376_8,0.3416345298647789
3067_7,0.6804040025241422
11496_8,0.6284567311416136
9885_2,0.3277704239277479
3554_10,0.9214721272698448
2986_3,0.5068091795125179
1332_7,0.09145785259083336
5585_8,0.979184105534608
5981_3,0.014115388492559064
1556_1,0.0010891623238815436
8523_10,0.8118363097687246
11792_1,0.0005136255178623837
7610_10,0.983245418031955
12114_9,0.8879761484914813
8589_1,0.0074773007375757315
3898_8,0.9987533464765038
5101_10,0.9959209403964409
9607_1,0.8483493445746434
6673_8,0.9951020108275828
7662_1,0.23328909250872337
2241_1,0.41536362947061384
6674_2,0.010371819319623166
7797_1,0.26504707966454044
6400_2,0.04116004329274757
628_8,0.765709655211053
4898_4,0.7519190105613011
11592_2,0.01861254422535496
1311_2,0.03357438052714749
5494_3,0.9144645633955892
7067_10,0.9358412801293957
11267_10,0.9999694417022333
6797_10,0.7620185618801417
9987_1,0.02307414279884144
9740_3,0.029608345004661415
6743_1,0.00016135734789618036
5302_1,0.0012694896499416905
8464_8,0.5247870201882308
7846_4,0.44401720628659264
5990_1,0.000791882805740964
10889_2,0.009422945116448849
11406_8,0.20762733323405783
9093_4,0.024758221618237992
8501_1,0.18486867132324253
8431_4,0.5071675305850714
8076_1,0.002293230704814762
6831_8,0.8614121101342477
984_8,0.9998799272771839
369_1,0.07010903803074782
9668_10,0.9543682525774836
2972_10,0.9995132568696325
5611_1,0.036539690317413276
659_1,0.030108559072424296
6360_7,0.7512077363457746
7628_7,0.2694222565993385
5311_9,0.8686472015471288
2005_10,0.8399319257905957
5396_1,0.26126525793948946
1308_3,0.0006109446532588324
4737_3,0.1122954207506709
8042_1,0.013107756365388681
11585_3,0.1208562501164732
1182_2,0.008288491894121114
2581_9,0.8988489680639834
10496_1,0.004592777729985984
3561_7,0.966267476438434
8272_1,0.016399450568903396
6571_4,0.23485128477068376
3125_7,0.8474432061546662
9120_3,0.01755991213790399
12220_1,0.017835467056795076
5783_3,0.5049266904364347
105_8,0.8776385552678345
11885_9,0.7798630428641539
11317_1,0.09433489320288424
7999_7,0.8836545720163144
5800_7,0.7876949610534113
2811_8,0.5533572823519026
7381_9,0.5259012352213447
9828_7,0.3923989591042161
7849_4,0.8038000841887176
8174_4,0.5096875957961272
9320_1,0.08088518550922537
5747_7,0.9359828046971007
11097_3,5.4293564882964035e-08
6472_2,0.00723296713461907
1200_10,0.8956814833250333
10125_4,0.1596548048103593
5422_10,0.9974693341515802
9889_9,0.9943692199654044
7370_2,0.29456998423661057
696_4,0.29094988964269547
8609_4,0.05097097900415001
11850_7,0.3813258934983651
889_7,0.4958499095788162
8695_2,0.011490028925062047
4944_1,0.006717951559785018
6899_8,0.9654527026320129
3388_10,0.9865916901203857
1051_1,0.03149769636555126
431_2,0.04425310362670056
2353_1,0.7883653561782438
5131_3,0.03527464787171772
482_9,0.7107547128072302
1283_10,0.8407896114317572
10884_1,0.007091736044232485
221_9,0.7580564678115767
8688_3,0.0557835851367475
9891_10,0.9820560622009404
705_10,0.9999088242835189
5604_1,0.022151628856512697
4960_3,0.04490556921638268
12439_1,0.0009552205551633286
8897_1,0.015964851472812066
3549_8,0.9812198185325327
7301_7,0.3253025930287624
8183_3,0.8784366980878768
7751_10,0.8469346803586147
9084_9,0.7013045396925014
3048_1,0.011156995487846072
8443_1,0.0058954593856988535
3373_3,0.19411698824126186
3867_4,0.7700755350694775
604_3,0.001200346865226595
2162_1,0.06158835459225784
4367_9,0.4938971940272253
10255_10,0.9978556273522129
1909_9,0.09478400259764001
1446_3,0.01387953402925559
1247_1,0.09431924390343335
2703_1,0.03415112068885398
921_1,0.015393438875052548
156_9,0.8767915310654021
7516_4,0.5576019180721029
6155_4,0.1615428538379348
8991_3,0.7042532943540015
3813_3,0.12242823408095273
551_4,0.09174332418277753
12326_1,0.005088189605974605
5102_3,0.9197214637317624
10901_3,0.01015604116881886
1517_1,0.029580207536210462
8762_10,0.9760742849595232
1282_10,0.6610647259983985
2531_9,0.6220625009173946
7764_8,0.9942839777028778
2906_8,0.9710125712583961
6730_7,0.7774595224715694
7749_9,0.9826899113595752
7765_3,0.3377125976626531
12412_7,0.7371364583874689
582_4,0.03646068281808356
5792_1,0.7508856166501406
2174_7,0.32144075269433375
7605_10,0.9980378288694025
2721_1,0.08217894918038209
2151_10,0.9845776911664208
8152_1,0.0008436810771430669
6488_7,0.8032232449215285
9446_8,0.7589767788665883
10617_8,0.9882771525024779
12455_2,0.14865051704154367
7377_10,0.8942298510453279
11891_2,0.10961308656902403
4319_4,0.07469254227268009
1050_9,0.9553173660377232
9109_2,0.01605567662660318
10500_1,0.021856310594956102
11749_7,0.8586637005856448
12250_2,0.03633713919578006
1193_2,0.7371147951796871
8313_8,0.8702898480538293
8918_4,0.006536816498655697
7122_10,0.904699362034592
6210_8,0.9622562589431131
10050_8,0.9683045326430691
4921_10,0.9995994151917923
1857_7,0.9367415337061029
9718_10,0.999528438237777
2482_1,0.0020697673514330278
2624_1,0.03954791074797171
3284_2,0.15324271269936984
11435_3,0.518955303503674
10971_7,0.856144589701575
2606_4,0.20002755487231338
7540_9,0.9735250542533171
10929_4,0.9646404749091144
8566_8,0.3201768073098107
4693_1,0.02233869591143255
1281_2,0.5859106501453779
267_1,0.0007922398042420416
2133_10,0.8552389565138392
6762_8,0.32582653608051126
1043_9,0.997740769838546
2812_4,0.05456785562526125
6981_4,0.001559369474003123
4038_9,0.839917444355134
4256_10,0.9370221238041119
8206_1,0.11237379248260106
2060_2,0.06751019889935538
7372_1,0.13837152281861828
732_3,0.03198717313557508
5367_7,0.9537049861511716
9765_10,0.9999766840203927
8843_4,0.18996502523322087
9723_10,0.9994708396115516
11966_8,0.893165717797223
5087_8,0.9270327387388796
9379_9,0.4133434921687381
9615_2,0.01663227697826517
991_7,0.8514632334971247
4461_4,0.1305070200002115
5857_1,0.27315102812685427
2358_3,0.1967661802254582
5247_10,0.4922153271426981
12430_8,0.4182408038537273
5943_4,0.13083529208166542
11917_10,0.5821413960727132
4144_4,0.21510880556719073
3128_7,0.9365302291715917
5152_10,0.6843975259399269
8028_1,0.021909041084484042
788_1,0.0021730119325845
9552_2,0.24443571462709968
12051_4,0.1337236816746503
701_4,0.28328656548284065
5738_7,0.5377937155332306
5953_1,7.554815946576647e-05
3694_10,0.9945392204802398
12371_10,0.9348333005707705
650_10,0.9983716763494982
3772_8,0.9244043344920916
3919_9,0.8969038359804115
12420_10,0.5898507629853941
6164_1,0.013127612782251661
12202_10,0.9880765040167142
4142_3,0.02581332127263823
285_4,0.37377088181851525
9190_4,0.06476952547728176
9297_10,0.8874846712618478
2857_1,0.05806345776466404
5576_10,0.9476759050288569
7603_1,0.001184282948117548
1987_10,0.900738261537394
6978_1,0.0012829814979497447
2390_3,0.3418163221975918
662_4,0.01230962592301968
7957_1,0.45237149000630505
3009_2,0.21611014352910649
9574_1,0.001337109471866839
703_2,0.0005685594986755341
11871_4,0.00879080707528239
8056_2,0.13124176152264447
11468_2,0.1360652504773153
7549_10,0.9820887124093267
4506_1,0.06296169757537948
160_1,0.03511005236986882
2400_1,0.1977356723757722
146_8,0.6794435157993736
1174_7,0.9445683664306095
1623_2,0.10141936145779418
2909_1,0.0028220475243484282
9284_3,0.21671903108256413
753_7,0.2756735598077315
456_1,0.03301702604719705
329_1,0.06937996941690999
1996_10,0.8551055551193243
7468_10,0.9076659489594164
11219_3,0.7490031861866564
5749_8,0.5108736548074454
1563_2,0.19675776623271005
9713_8,0.3742482390716131
12467_2,0.41430191067982974
5686_2,0.050128718619364854
6424_2,0.36438678017735127
11137_10,0.9998223557345681
5613_7,0.9556920952224821
2113_2,0.028480958960835936
8623_8,0.9537171337667405
2086_10,0.9725246382789713
6846_8,0.5408038202076214
3230_2,0.007144954754672478
4973_4,0.5237836901587681
2935_2,0.06173630205501253
12176_1,0.0005139891818317062
6272_9,0.28002809869316947
728_10,0.7227146813347327
9843_2,0.03606242646330776
4897_2,0.21731645193727517
12121_3,0.09408001801571605
11934_4,0.295317527334979
1453_2,0.0011102289721635656
9676_9,0.9833413337297213
3072_10,0.9774345223189286
6667_2,0.9461379245166367
8932_9,0.9872655799033543
9452_10,0.04420574984427716
953_2,0.37503705782282726
3268_3,0.03919123335453877
6276_1,0.01879321391103376
2522_3,0.11841384508688732
2630_10,0.9995274640120126
2031_10,0.9557466218005796
3754_10,0.8622889070838632
10791_1,0.017028045946692768
7755_3,0.07469984228970113
11180_10,0.9946851240660753
8020_9,0.6498695009891102
3767_4,0.8818862078509289
3519_10,0.9607869572339414
8180_9,0.8997374183816381
11639_4,0.2420715024575741
7540_2,0.019720814966316953
4746_1,0.015429724489293377
4027_1,0.0004859117506484766
952_1,0.4846310586295844
4070_1,0.5514302033795925
8346_1,0.1936368284569066
1499_9,0.9838394449794194
1601_4,0.04359543659011321
1698_1,0.21599091666668177
3055_3,0.2068005236704603
7744_1,0.02286683373534725
3183_8,0.9611030732488413
9482_1,0.044884346338651425
3712_4,0.03461437232581494
9260_4,0.8811485674939886
10042_1,0.18797906801741207
3873_3,0.2021001723588637
11273_10,0.959122121929836
2918_1,0.6880706185953538
1292_3,0.033525016254305366
1837_2,0.36952845678895857
4650_4,0.006715616543013266
8686_4,0.3624514865203144
11307_8,0.8515594775498381
10044_2,0.005145241982859555
12035_1,0.029605883226775757
2259_9,0.980396421037586
6582_1,0.7072816596027753
10194_1,0.028335857732287115
7932_10,0.756052827248802
8064_8,0.9337184563181707
5017_4,0.747463355919363
6456_9,0.9995208096992355
10768_8,0.9803466163617598
9479_10,0.9714425865104271
9734_4,0.3380934894839015
2245_1,0.09612195727463606
7275_3,0.2571549138948159
1193_10,0.8925284514615336
3883_4,0.16618251659490585
5456_3,0.5340960349784222
10014_2,0.5781996001916113
8045_9,0.9688651364957402
9093_7,0.5870970920372444
9971_1,0.06241583733331065
1052_3,0.3644421844045919
10952_1,0.021882836807806498
3449_7,0.49752117380077554
2488_1,0.37601320403301364
8422_3,0.08637263404979305
1541_10,0.9706000885194627
11863_1,0.09291767713518896
10102_2,0.5224178767476823
3838_9,0.9558491664282186
8538_3,0.48863705087714654
12432_1,0.00283820806611068
6339_10,0.9928618624030328
1860_10,0.9803465744674882
11402_1,0.23292604477818685
10770_2,0.012428458903842594
8046_8,0.7986604692249302
2748_3,0.7003977604522273
361_9,0.7635498339982233
8427_10,0.3450532859206338
11792_10,0.9249427242379193
10331_9,0.8743738585098432
3506_1,0.005834308058891475
7374_7,0.9950731469855205
5658_9,0.7273104427703729
7170_2,0.0016904045505549106
6144_1,0.13333445793924512
5035_7,0.9910464641535199
4566_3,0.11555855122909031
9544_1,0.022470334135121613
1959_9,0.362822871243614
2390_9,0.9203660549546475
4960_9,0.9636473537552687
3425_2,0.03476195787647828
4000_10,0.9455518770114639
12418_3,0.21340715110515382
9771_10,0.9958694847546847
621_7,0.9087350303395294
3510_1,0.05529412697261032
6893_7,0.12411204979694868
3680_9,0.9866260398457138
3118_9,0.9771970536806928
5433_7,0.8478442548218224
8381_9,0.8782539538149035
10205_10,0.9817881942993665
1437_1,0.008406149329780762
5675_2,0.5288867944218366
1597_7,0.32028276106589326
1549_1,0.2994105707099942
11391_10,0.8667335249392666
12101_8,0.9620520405975298
9356_8,0.8770430623211614
10128_1,0.011694691367563653
11249_4,0.010491986883867002
12441_2,0.009993083390782725
7486_2,0.055416379247864585
4905_9,0.9152134058764724
5441_1,0.2220610477122426
2613_10,0.7854749779835996
10351_3,0.0003870326952749351
10459_10,0.9924304476522504
2565_8,0.9898945057588547
1338_1,0.0008962474935086517
823_7,0.8195485748917092
8924_7,0.9927492797661572
1382_10,0.09754264617179563
4150_7,0.3547787712910864
6004_8,0.625849460936989
2508_10,0.9793960642282924
10935_8,0.9734304845450762
692_7,0.6795813021400962
7778_10,0.9621236338975737
2016_10,0.8920511668427068
1042_3,0.006822746676000008
7823_1,0.0015362078245637816
149_1,0.21291611689551793
5551_3,0.12962381091519073
366_8,0.9954826019522334
3483_10,0.9602779164215017
278_1,0.05006077850985508
9951_4,0.020342661283384012
2731_10,0.9981245037506259
4403_10,0.8393309354783794
5307_1,0.01481488546932384
8185_9,0.9761944286344632
11059_8,0.7299496446060226
10273_10,0.9920201905978935
5336_4,0.16263344025712886
5147_7,0.2639532355791706
1525_1,0.039954821283792026
8507_7,0.3659490137931687
8501_10,0.9840727614704053
2424_2,0.3667404126285862
8959_9,0.9891653442179831
11318_8,0.8392100116818587
1270_8,0.8885062527876226
1655_1,0.1778549824063062
10161_1,0.0007216230575413616
8531_10,0.2572071780348494
9144_4,0.11808800852291246
1201_2,0.07517059064871057
11822_10,0.983271525308254
11486_3,0.05749572920481452
8038_10,0.9997899173023075
1981_2,0.4354538606602971
11901_10,0.869141188130036
5441_9,0.9722189166686689
11709_9,0.9057526388399073
9333_8,0.9934828370615149
7881_3,0.23568231855567304
2815_9,0.7099251534528054
3251_3,0.1812196528272324
1792_3,1.207355060903745e-06
8625_2,0.07095639554176293
4221_3,0.26783886585867356
2742_10,0.8888767952167795
11118_4,0.42234831692915187
11613_3,0.016608904877685918
6104_1,0.16157406681937095
3046_1,0.003405560846602146
8729_4,0.5248417877901567
1827_10,0.9380131200798136
762_7,0.3890861256295066
8855_2,0.2075871111544467
7573_3,0.21494151206564052
8616_4,0.02097515737515572
4830_7,0.7956134001249858
6646_1,0.2732883844758401
8746_4,0.2300266385954358
1875_7,0.6563764302253026
1221_10,0.9977824931295144
11842_2,0.012545127902411328
3002_1,0.3315776777957576
5776_1,0.03680261480799404
5479_10,0.9528690847780469
6034_4,0.15990647260906365
10984_1,0.287539733278282
12043_2,0.0081701047970815
4961_8,0.9973772928591932
9601_10,0.5949661658769512
2216_4,0.11471016743798072
1189_10,0.9076288922344345
8461_4,0.26618319867752194
2575_10,0.9857682761056085
3782_1,2.1036012750593272e-05
8927_8,0.9748946774551154
7006_4,0.004941821317328252
6103_7,0.5770058131471487
3218_10,0.9973058067155445
797_10,0.9047805839314313
76_4,0.2591884799529503
9497_7,0.7151403989875009
9637_1,0.09007364790119048
1070_10,0.9759181825780797
9732_10,0.040699890013374984
8144_3,0.029526234631701908
6247_10,0.09824939396897016
10230_7,0.9559436372500236
10731_3,0.22862815508948897
740_8,0.750142631367471
2145_8,0.7675820846113959
834_8,0.9660866577903884
6621_10,0.9065636488990545
1749_4,0.023287885085650977
5730_10,0.7116021217591176
11167_4,0.03969216608295873
1106_9,0.8925877308347987
8152_10,0.9496680480312608
11968_8,0.7569023430617082
7728_9,0.7639344229384507
237_1,0.006948980303079473
10754_1,0.532838142140545
1055_10,0.9949008601916594
65_7,0.6117679743180175
4092_3,0.2627331182027919
3337_7,0.753606609071674
3163_8,0.7486882938769253
7645_1,0.0002044495427192968
10883_1,0.02086032864224021
4597_7,0.804399524293448
11850_1,0.02364136896860071
1025_10,0.9985850703581427
11908_2,0.2667665443554754
7838_4,0.24749787255733868
7725_7,0.9181464491911691
8146_9,0.951336100370053
3741_8,0.9787784202341628
323_2,0.15873064711963314
8244_3,0.01905152602411718
4593_1,0.0030057055413108395
6902_1,0.024438189527976852
1791_1,0.016525342076593934
11490_10,0.9666473227658696
4200_1,0.12474042407217527
1611_2,0.12831700885386396
3215_10,0.9842805631338813
5864_10,0.3309372397570329
3776_1,0.005686694369224704
6356_9,0.9853850461306995
9139_10,0.9924317788227083
5115_10,0.9959611117690517
3064_10,0.9989979901398838
149_9,0.9802170949031546
2873_3,0.605150711863175
3790_1,0.05274150099930312
3136_9,0.8746051745815028
1696_3,0.981596937181135
4961_2,0.5591811569658975
11918_10,0.999847166303825
3663_10,0.9996779121969459
8115_3,0.4246852355672574
3690_8,0.13973441388799268
11431_1,0.0427935145226882
3830_10,0.7781792165748156
11896_10,0.7093922602147132
8753_10,0.9994631076313172
10121_1,0.02007353444424982
1142_7,0.8396663283079489
7188_7,0.7520437861614772
7044_1,0.004149087480353608
11750_4,0.0346555610457329
7688_10,0.996321790746055
12292_10,0.7736432926293488
5533_1,0.33236644267950494
4147_4,0.5402556228019896
8515_2,0.024937634434033625
10756_3,0.03564228685788321
11899_10,0.9959400538573528
11867_2,0.16473596329027992
7814_8,0.9642503379947631
1855_10,0.998318424293549
10357_2,0.11446890417957996
5218_1,0.41612752286276244
6641_9,0.9015162654976964
5777_10,0.9119263493347054
11982_1,0.0777834297012615
10980_10,0.9653093511064931
8585_8,0.721237574640109
941_2,0.002579561390441135
1697_7,0.6914601826096997
9872_8,0.8477653792183617
2377_4,0.007502815044381149
2033_8,0.6732927507453308
5864_1,0.3264013387369462
4295_7,0.9814209941185857
2610_1,0.026285549223524246
1730_10,0.798323436360483
11095_8,0.6154492820917291
1699_8,0.17695460900495694
344_9,0.9638870522605856
7136_3,0.008051555945582657
2402_10,0.7836779382654291
472_10,0.8851301510033727
170_7,0.6025046978319362
7019_1,0.929544228051814
11798_10,0.9933005545450126
7549_2,0.22852391211970965
8414_10,0.8663122397744808
573_3,0.31828336503667587
6678_1,0.08961756728192082
10002_3,0.225539055193524
3905_3,0.376460908799414
1849_4,0.07408978346344508
7959_2,0.17976329556558315
597_4,0.19854655890596537
2719_8,0.8587944525880299
10519_1,0.11846608621262748
6112_1,0.0006129516826649054
1322_9,0.9679858482170592
12415_8,0.8973302580489588
6727_1,0.04759579254464702
12393_1,0.5329636028502445
8545_9,0.9412134010974414
528_7,0.9986450941230053
12267_8,0.9941661635222712
5842_10,0.9668288809963104
8471_2,0.09639523658042935
3912_9,0.28147578401670575
4831_8,0.5917534675033463
5767_3,0.006826723156485264
10631_9,0.9478770177831738
8069_8,0.9088893194073644
190_9,0.9290366311452701
12343_7,0.736768970324017
645_1,0.0031514712608359556
10326_1,0.07892063648636187
11271_9,0.5939421019878488
11808_8,0.9928872756027188
3200_2,0.010363917466948987
4518_2,0.00412534691034469
8307_2,0.1439696286537772
2057_10,0.9764366044745499
3705_1,0.06502612197190191
11581_7,0.7934470231791801
11777_9,0.31341225775318493
1367_3,0.5919081197130955
12248_9,0.9950231491601153
2994_8,0.9224426227939797
5170_1,0.1443091054986212
8781_7,0.9159167338210653
9137_1,0.12327994217610878
9970_4,0.13949859317559576
3412_7,0.294983385808787
9399_1,0.0020059845641051486
7917_8,0.2352605226602105
1157_1,0.1031034821368419
12489_10,0.9839452345750906
5365_8,0.904698078988945
9295_10,0.04456734531892967
11505_1,0.0004021747066426554
8647_4,0.3395651294784268
6609_2,0.009647271954351283
6859_1,0.6201422518300941
2436_10,0.6702115152550479
4255_4,0.31498118777722856
12347_1,0.28788852813543836
4237_4,0.00020839412532884638
11687_10,0.824895446583457
2964_7,0.5719180170709128
2836_4,0.0058116291788409685
1944_4,0.0970251078024162
3218_1,0.3469722250954713
2752_10,0.9998262158946447
9994_3,0.144802408755553
11566_8,0.9997917651829866
5741_10,0.9530277225979963
7127_10,0.8450689721098407
11864_2,0.00696516150281046
5159_9,0.9785116084488512
658_3,0.706290746029342
10177_3,0.0845416818362407
4843_1,0.016165359774498823
1441_1,0.7527132337014103
2741_2,0.00700578497883029
6045_3,0.22849709265766618
7020_8,0.9936205745503838
2120_1,0.0008492230225366975
2336_1,0.010312567143098271
10167_9,0.8125993354599755
10251_3,0.24406797011554043
9335_4,0.16830391743154136
6670_3,0.2869523163071687
9937_7,0.2431922496575746
3258_7,0.49507892550390015
3234_7,0.9866078283237582
3601_1,0.023223603497934855
5635_9,0.40707402024301287
11427_7,0.9029363535917246
3349_4,0.38187058408322805
1334_10,0.8840522830671581
10474_10,0.7914069165610763
2361_10,0.9978893249474157
1471_2,0.05850488682372275
10705_10,0.891953335838058
10559_7,0.6688971133868722
3070_10,0.7131412180096621
10087_1,0.10596871820060211
1952_7,0.40875801583569366
682_9,0.6755513004319166
6576_10,0.996793000896761
956_3,0.07544916488062871
3960_1,0.1134910629594923
62_2,0.0001230779446702703
3200_8,0.9974695881273602
2127_1,0.03533006723686088
6878_9,0.9805515222262858
1600_10,0.9139528799052732
11995_7,0.7349934347392069
5239_2,0.07709208704754765
6018_7,0.8059513213797821
9185_1,0.06191103834878125
4707_7,0.7190313320248443
12407_10,0.9951240534751971
5831_10,0.9641347946297537
2264_7,0.9620785637001189
7226_8,0.9788177815393262
6337_7,0.469363851248284
5047_3,0.2914817222997671
228_10,0.7803235973388416
4230_1,0.039607236000478246
4058_8,0.9997661022782753
5634_4,0.00604721884366474
11680_1,0.007272335000061877
1320_9,0.998809799037318
12461_8,0.9660451383719258
10076_10,0.990781727441321
9170_8,0.9789449618682508
4519_10,0.9778751995812653
5906_2,0.2584960429217549
2065_8,0.44206181255807164
8453_10,0.8152295401999401
262_1,0.008796079628752777
454_10,0.9841830903202566
11532_8,0.9976681609931998
8169_2,0.3997781364431005
6873_8,0.7721299108689684
10061_4,0.2113843507269548
11565_4,0.15403709814015928
258_1,0.01762551384163141
5896_1,0.0004385853576725748
4395_1,0.010458327884955482
3774_1,0.0649851398440142
12340_8,0.6482074163165064
7497_8,0.607981451861959
4321_2,0.05025592208251648
6258_2,0.0065532205051806
3950_1,0.0015957791463089442
9998_8,0.9998075008053581
3524_8,0.858498078770074
2003_10,0.9599610612696519
10366_3,0.1330866811199619
2602_10,0.9570453417096658
8684_8,0.9310017107757483
12268_9,0.9779693217623557
4846_8,0.9306876095580027
5969_1,0.11895886627368005
173_4,0.011820302882148631
2790_10,0.8791450577379607
2637_1,0.018155619171815494
10239_1,0.026923594289698292
5120_9,0.9942509876105416
3802_10,0.3103635391225923
6897_7,0.5639424032745077
8478_9,0.9936695875882369
2441_4,0.46716308754316715
4827_1,0.059218833434133804
4326_1,0.048119386162159855
252_3,0.019885777226559827
7201_8,0.6308905976806386
801_2,0.1774178318595257
10008_4,0.22733267191568196
6740_10,0.9796276884161469
674_3,0.120369010704541
6341_9,0.9401013248314063
1882_7,0.98609455190401
10843_10,0.9510919846550961
1593_4,0.776483062468011
3592_1,0.18023730048110345
4658_4,0.4456067665859565
2564_2,0.00852041199720029
7229_9,0.7275001268592747
4186_1,0.028234585329193713
10227_3,0.07788441100187943
4580_3,0.09341195049885095
10367_3,0.599986064420329
10034_9,0.5533253362101277
6834_10,0.9999801509094428
11326_9,0.9708338812429619
4683_1,0.2105646045787617
5596_1,0.014183383052766485
4238_3,0.010006049428340245
11881_10,0.7012358491194257
11910_2,0.6416370940682333
934_1,5.278827952664217e-05
3660_8,0.9970829030901904
365_1,0.33514882335643564
3677_9,0.9957789765153363
6522_10,0.6830931229544303
3167_10,0.9015239390844957
6104_10,0.869241016846583
2584_2,0.04188806246625154
4264_8,0.6993423126742033
5648_9,0.7681904978971167
1863_9,0.9793217437743159
7464_10,0.32461781857612665
7643_8,0.7956471394210441
7030_10,0.9866160726567746
2768_2,5.4850150382940995e-05
3845_1,0.0030434551696183238
11590_10,0.9121795651594006
8578_3,0.07104290333038907
8733_9,0.9419091982945322
4099_1,0.04257879516259414
5810_1,0.05194614761367682
442_3,0.27839087819339337
1374_9,0.7725938423680337
7704_10,0.17385491820868537
4526_1,0.003152949406950919
2978_8,0.8006293891788643
3096_1,0.012146178638578933
1589_9,0.9133551181794806
11197_7,0.9765329163088131
6751_8,0.9576711902106687
10043_10,0.9986217173696323
4045_2,0.00021626170141652215
7706_8,0.534060802744009
1876_10,0.7750529627400693
4224_9,0.9967739776886413
10833_1,0.0081174942196928
11549_10,0.874303324644933
7081_8,0.9707561305684635
6410_8,0.9824217580121586
10609_9,0.9694963160146333
9910_1,0.17044572586631704
4474_7,0.8107621126975258
9775_9,0.7421660464949923
9245_10,0.9993239937665255
11514_8,0.9748693641295405
3182_4,0.10901548764891181
3127_3,0.27376668383420366
7311_1,0.05851556701751888
4266_10,0.9903152469176306
12410_10,0.7804022662408546
7548_1,0.0318574674296496
10446_2,0.19996878284494415
4854_2,0.14006192621064328
1152_8,0.6650666502799598
11660_4,0.09262158785986987
3452_2,0.023255482240496575
2401_7,0.8732055523425092
11703_7,0.9778129785663444
4053_2,0.02152749841529325
4882_9,0.5323641249288822
8050_7,0.41989964555907605
9053_4,0.20163670275837992
12313_10,0.969400910600037
12085_1,0.021528994538980915
2130_2,0.007758323927277145
8499_10,0.8001389803624838
9230_3,0.587130100807184
2697_10,0.9932252085717759
7682_3,0.17405714217966356
1473_7,0.7267143098312613
3124_4,0.03983928079649734
10694_10,0.9509557788126808
11541_9,0.9201666554024385
7033_10,0.9573901560680558
305_10,0.8237958736465091
12164_8,0.8520265302069089
7594_2,0.06372587674016737
2101_3,0.003443104255744474
9579_2,0.0017635877737442308
1482_4,0.42992847088342395
4362_1,0.01097304648502159
1263_9,0.07408112217164826
2543_9,0.9979171701126391
8642_1,0.06436268450905401
229_1,0.002736071471363999
12045_10,0.9990115440170142
810_9,0.9991546379003238
5188_7,0.5297853538255236
2690_1,0.24437846326468576
922_3,0.006949460055937403
10957_10,0.5007252849235964
9275_3,0.03094176421401111
7289_10,0.9999887276566609
1809_2,0.12047306207676169
11846_1,0.3816372962577898
5888_10,0.998520702454078
1506_7,0.45688577882237036
6255_1,0.005034366733514738
4995_7,0.8852982707450112
2423_1,0.08160728802915529
4030_8,0.9552634165285327
4839_7,0.9804538547750108
364_1,0.03345655406021845
3510_9,0.6240443615091229
2092_10,0.7922608617604989
600_1,0.01043204932585828
5490_9,0.9983996422813914
9442_8,0.29604278848466214
5330_8,0.850692306838117
10858_10,0.9372416979521481
2746_8,0.9434122582915647
848_9,0.8882157365421195
6713_1,0.3490507514036677
8274_10,0.9997766617669454
2507_1,0.10465593883121599
4558_1,0.11494089710293989
957_2,0.025190210827305264
11667_8,0.6507965283584599
2374_2,0.20074970381461377
8156_1,0.16179283214032503
1080_8,0.6763003570041338
11274_8,0.6804598805832881
12467_10,0.977160932617874
5941_1,0.2673018743414411
6205_1,0.02426180263893718
4517_9,0.9482476017372605
102_4,0.31003827534214945
6022_8,0.9644077262492065
10054_3,0.15038695629224047
3907_3,0.025015652498028146
5232_8,0.6351842484886373
10064_2,0.22359654942081705
6529_1,0.0011286975821697446
11003_1,0.0005976731018936292
9151_7,0.7868932403008537
6612_8,0.9286445514942221
12189_10,0.9407087806812559
6510_2,0.01363199156398991
3129_7,0.9274377908252524
7864_2,0.0003929898147543374
11603_3,0.3727920208911014
10741_9,0.9993792184520114
2235_7,0.20081281432767015
2125_2,0.19157213990107338
2050_10,0.9859176103129581
8397_1,0.08012936076851007
5275_1,0.45176281278206276
7755_10,0.8475222692336845
12065_4,0.08769464059814679
269_8,0.9578836258617975
1933_2,0.5420088768994425
9182_3,0.22406537744883342
3153_10,0.9554720819175925
3922_7,0.6987056643765102
2674_3,0.089630064792343
7407_4,0.09387044173795484
737_7,0.24174954865351506
5223_1,0.10916350936214597
10937_1,0.002126027530040073
9026_4,0.27131540127134735
1564_8,0.9437273695487984
1724_10,0.9795795275349691
1224_3,0.6400693026815711
8536_4,0.04265736754389515
11215_8,0.6254576284701264
3063_10,0.9988126958139061
9559_9,0.6880759421237078
5165_2,0.26945481000960303
9396_1,0.1707861458325603
6404_1,0.0014086334654513878
6019_1,0.8111503638093226
7249_8,0.8083898256022793
1765_1,0.02102513543258591
7685_4,0.6423041363121547
8196_10,0.9854531681672039
11749_1,0.14096685411845628
1257_10,0.8166214966412502
3488_8,0.9531472002332616
8605_8,0.49076166517757724
6697_4,0.1924590783940788
11540_1,2.8947657050195894e-05
6262_4,0.11239612818320083
1998_8,0.18304512003362927
3019_1,0.14663245305997827
1087_2,0.0013721133925799279
8356_8,0.6592590481869686
10036_10,0.9376457623103621
10547_10,0.8660690234270424
2562_1,0.01988200383593964
5096_3,0.07920732530054919
12128_1,0.23453983670006534
2574_10,0.9862862764956951
10144_8,0.9941169307934586
3678_1,0.01007529627057095
2579_2,0.07170705356527177
6695_7,0.6306950299804737
1465_7,0.93804273974699
11846_9,0.24369763802551636
1219_9,0.9993304457818073
4936_9,0.9998955953465717
12382_4,0.46573093668742765
8807_1,0.06464316383995405
7700_1,0.3113021911454722
4209_8,0.9615097786072766
10178_10,0.7460607250250114
9835_8,0.6707958000366255
161_3,0.37640700125786336
670_3,0.2744172265853671
7158_10,0.6964593733594093
9502_4,0.0864941590785946
9880_1,0.07597624489454527
39_3,0.15679745053812988
11161_9,0.7515610614320979
12026_9,0.9962565244009073
4439_3,0.03947640295025035
8303_10,0.15249415636533692
408_7,0.9639746007898056
1065_9,0.956163838140559
5188_2,0.08475009619089348
929_10,0.9920183871515345
4765_7,0.8990287572771655
2117_4,0.5358113028818583
6653_4,0.12409481930116423
2342_1,0.0674060233422558
8445_1,0.000782143911656068
1708_1,0.010049988461054907
7995_10,0.9387812152998961
1104_4,0.04657592970019653
3847_1,0.0022846426226438795
7276_10,0.9968527983400582
11269_7,0.21644115229977717
3158_1,0.29075918740922024
11061_1,0.00047833359896261166
851_7,0.5128708382829396
8214_2,0.2338892812555614
9174_1,0.3327459971005405
7040_3,0.2755039054622308
4082_4,0.530680762928952
3553_8,0.6495036033975238
6733_10,0.8409914546858387
4910_3,0.08923421899985277
10149_1,0.007162072591989153
5609_4,0.23378760958103476
4174_3,0.0008160678929963147
9213_1,0.6611825727584019
2881_9,0.45659176866100215
1408_3,0.6032953513870527
10832_1,0.00016852742715392388
7216_3,0.16875028784363305
9905_10,0.9998109690555244
9050_3,0.11276956131006846
3789_4,0.03618027834001266
6490_8,0.6618802413106551
7649_7,0.688780086526887
6901_8,0.8738462835908264
11597_9,0.9793674921235355
3259_1,0.00499232076269538
5936_3,0.46590416623231307
1214_2,0.4172545369071819
2840_1,0.022921492781831213
1956_10,0.7150912920715877
2392_2,0.05592622032486463
239_9,0.9879641940124194
6860_8,0.36857287663948346
1716_9,0.6520176630347663
9595_10,0.09670871666038812
1630_1,0.011743486399179333
11293_3,0.2714120939710598
8288_10,0.9804491908629055
6618_7,0.8661422991679945
12378_1,0.03468289289003243
11560_1,0.019362733209313636
12124_8,0.9479401185136679
486_10,0.9781615271949685
6654_3,0.016751299279728415
6915_10,0.83200939430713
8773_1,0.36320177584062346
10211_4,0.08893680768159216
5769_9,0.8919688545027118
10038_4,0.004331786548189448
3737_9,0.9979502775147568
11512_1,0.33394839642388074
8025_7,0.7261043188909565
397_7,0.5842357122165864
10670_9,0.8809694786066959
11648_4,0.010398223114330621
10361_1,0.0004234902909845311
12439_8,0.9474391468617182
9958_8,0.860292274583477
8659_1,0.28898033039952514
12400_1,0.00012519131832742193
10680_7,0.33313555716776716
2435_10,0.582202788906608
5506_4,0.07957615924601906
9025_3,0.20886842151309892
5749_4,0.3535016836236465
5090_1,0.002575643562872674
2688_9,0.8003439172178511
8397_10,0.6933499157752733
8610_8,0.16452878324990503
9398_10,0.9953794176473216
5144_10,0.8772148072376776
10797_10,0.7315177625623175
9623_2,0.28884155541643525
3269_8,0.8481090260758571
5480_7,0.6206246421225724
43_1,0.04548033708658322
4156_1,0.08419813073497476
1629_1,0.01680424576215979
6536_10,0.8875536734962689
8384_1,0.0023761262110474014
2820_10,0.9961647899757247
7976_3,0.05179460047116631
3745_10,0.36298521911978443
11258_8,0.327902510536001
7908_7,0.8894853740556184
9166_7,0.9638449292213578
8976_8,0.8329659423799509
3692_1,0.0537083691597377
4937_4,0.24671566953742252
11935_9,0.9314274639344615
7722_7,0.8263751551477576
8757_4,0.02953449054784661
1218_10,0.9899207592286333
3620_8,0.11658391575840689
9017_4,0.19488219620943692
8300_3,0.0072886140902074376
11325_4,0.19629054267755736
1093_8,0.9426342501734498
166_4,0.2051036615449784
6088_10,0.9446789473341408
2149_10,0.999076794090255
4884_9,0.845411296745598
9786_1,0.04216531158052773
4258_3,0.283397973895895
9890_1,0.36941434187628186
8911_1,0.06342443228298304
11618_3,0.20475783303319894
4510_1,0.003272842788840086
3173_4,0.003058971944144407
10418_1,0.03200971698217398
8954_1,0.014506895935355492
723_2,0.050235337003287174
1164_1,0.00015749681621850955
11404_4,0.20321947229603488
5737_3,0.011317525936226286
10073_3,0.05474529243128022
1900_8,0.47477187479349525
9532_10,0.9456426915357955
839_4,0.4371015510134033
4562_1,0.179635594537139
3963_3,0.13019797689502888
5220_10,0.23572320902163393
663_9,0.7833202583577221
10156_8,0.8280934216094072
3759_7,0.40778719468571073
5153_4,0.8033915424904513
7580_3,0.20551547848984644
12403_10,0.869119229519525
4893_8,0.9327389557288602
892_8,0.8689282444937976
79_2,0.017735490736039954
10716_8,0.9797711819871255
11452_7,0.664291682938905
1214_7,0.5635939984670891
8901_10,0.9653848746774548
12221_10,0.9520019314535167
2055_9,0.7262436072937294
5911_3,0.19558492773986094
10866_3,0.023661596806117777
10063_1,0.00014607818424129464
10563_9,0.44629617360449214
11931_8,0.9847108946019708
1180_1,0.002781759593754513
8194_1,0.031951677331090014
7837_4,0.6089345425633904
1876_1,0.14212153245316989
9203_1,0.018336024974204564
10091_1,0.0018917340027464066
2434_9,0.9967791170588628
7908_1,0.028666248688902884
8591_4,0.8967504544849092
4222_7,0.22214337862513311
11430_4,0.9212773843023593
757_1,0.0004993055008622737
6442_8,0.7669492980557082
10056_8,0.9224740516530795
3179_2,0.030145078621281463
3130_3,0.29636082983252016
11921_7,0.9999794785419878
4139_9,0.934557084833013
195_10,0.7557449180374516
6286_1,0.5315933258416842
5701_2,0.0674448542406436
7470_8,0.6297601912458796
9205_9,0.49096461007681724
10683_8,0.6818416239693785
672_4,0.7335988292503473
604_10,0.9991904571163905
7757_10,0.9509804333993578
5228_4,0.746047778508776
3998_10,0.8093855514085397
7444_4,0.6219065383871492
9684_10,0.9798184705825822
8455_7,0.8992664016708765
3989_8,0.998965727368938
1115_3,0.2775370992582972
6469_4,0.0271371306693157
4524_8,0.069553020216667
3103_7,0.12626014159867477
3108_8,0.9667567042971303
2219_10,0.918224366614181
10269_8,0.8220440557300512
838_4,0.3974750448007977
5367_1,0.015472685079321761
9110_10,0.9833377033426871
5736_1,0.020026080330528613
5100_4,0.11890186156050882
3399_4,0.28946888430667117
7575_9,0.9528197188699984
7954_9,0.9735858568445073
870_7,0.7214607512293199
3811_9,0.775017853106065
8011_9,0.9878466901459307
8172_10,0.9603497582046001
3209_4,0.010699100725043983
7380_10,0.6140285858482775
10210_3,0.2679174033634675
8162_9,0.9722168290165141
10784_9,0.5100644055943515
482_1,0.02187234184015197
1452_9,0.9665630463792043
2686_4,0.5251205030934254
543_8,0.5889694006439498
495_2,0.11732544746472981
2887_9,0.9212922373216906
11780_1,0.021908454143946755
9742_2,0.003418625231028067
1762_1,5.646562649332812e-05
5264_9,0.9375198414155006
7958_4,0.4110679565691516
6010_10,0.997983299959013
1284_9,0.5040975102023533
10420_3,0.002818336119639461
7736_7,0.7377499436257089
1178_10,0.9980221094666696
529_10,0.9916721585146386
4063_4,0.021256803743925235
10480_8,0.5600682637625939
2412_2,0.004200203890751125
5206_3,0.21941079520820958
11963_9,0.5488282266876153
663_1,0.046979256061894625
352_4,0.5650342835213926
7504_3,0.49972216822198146
8678_1,0.09912663194543249
2330_2,0.9753547589840023
12282_1,2.845930747987798e-06
6485_10,0.31740925799260133
9306_1,0.00022729937294228202
7468_4,0.009272715002049013
12207_1,0.03580436324306494
6701_7,0.3638229708659743
9861_7,0.4673525921992805
6318_7,0.7268050693929451
11612_1,0.06056048739944066
4800_10,0.1549399256303293
5360_3,0.1395933508934194
4977_4,0.36604338098657
1678_9,0.66610192144334
5017_8,0.9603593203397726
3087_9,0.8632940476141122
1915_8,0.5336953999665712
574_10,0.24457645182143248
6062_8,0.9975210137049653
2860_4,0.26388445163248697
1800_4,0.29892344454184855
1928_9,0.8769606081492035
9890_10,0.9759956807177468
12159_8,0.7890932941958293
649_7,0.762397824335738
8708_1,0.24074282361365515
8181_10,0.9477406140578533
3495_1,0.08500492852783369
11612_10,0.9470588072598037
6919_10,0.8206505989945678
12217_9,0.9558103623955003
9276_4,0.16035457168277695
3520_9,0.9124827473099714
6492_4,0.5523116031189168
3900_2,0.2493423249682425
12298_9,0.7581800390796698
12394_1,0.005207881489476033
4873_8,0.2590918872292327
4797_1,0.7315154169427229
3197_9,0.9111532859000111
2474_10,0.5268925902587064
4042_10,0.9938600036921249
10641_1,0.0006367656203669478
10882_2,0.010035725234863898
4803_4,0.0391053724805156
7459_10,0.8440330956448309
1828_1,0.00012740773307601394
1718_10,0.991194336861969
9603_1,0.016413000468023707
940_7,0.7392084306175938
3074_4,0.1000677598947484
8802_10,0.9994957200705967
7180_4,0.0530657682471219
5250_1,0.39276278778184276
2734_7,0.9643209028800397
2354_8,0.8996984198812059
6805_1,0.5204201827854446
11156_4,0.6819758561545486
2734_3,0.017816157860454977
12216_1,0.13401673307796214
660_8,0.8684631311435461
8978_10,0.7671826560768864
6272_1,0.20331959449776954
8294_4,0.0011223224865217405
11956_8,0.5463099796669716
3265_1,0.004647065532318063
705_2,0.7453871664843896
9058_9,0.9889125669667831
3582_3,0.23009100733833746
6985_1,0.02536565709168796
5611_9,0.9511950869240698
9491_3,0.5919680001478012
9945_3,0.00017985059606719252
1840_10,0.9874066744454765
12280_3,0.10215247312172646
1932_10,0.9665278330342819
8682_10,0.9912529712909788
5418_9,0.8927671065905065
3354_9,0.8648129513611572
8078_3,0.06596198450797312
7747_1,0.04023479308127829
2669_7,0.9722606514516591
9180_7,0.9616790958073466
1320_1,0.0012615666617590098
7742_8,0.7976410234373845
6232_9,0.794159637092947
3459_9,0.9900928533620326
1008_2,0.3717658892522364
7987_8,0.7824128963179761
5078_7,0.7545731895367492
10660_10,0.6607718466992751
10325_2,0.057287613669687605
4951_3,0.09267749066314113
10502_7,0.4397265330216696
7548_9,0.2860493228057669
2870_10,0.3520328912994195
8136_4,0.7912274951479953
9870_8,0.6624050773960325
7588_4,0.2592468049346952
7845_2,0.023722863273846102
10334_7,0.8238140976069388
4860_1,0.07127871765382938
4855_9,0.9835565293439692
1337_10,0.9327926246615167
6403_3,0.4656120864804598
9447_10,0.9338749441298133
4724_3,0.007820496436944263
10895_10,0.9955332412755329
2171_4,0.6776345041001369
5361_9,0.9661980898207506
11056_2,0.01031988565749156
9772_10,0.8454840608938827
5719_8,0.9765073088540667
3050_7,0.5520653903325359
4406_1,0.2476078911879104
9833_4,0.5520549510612636
1217_2,0.20969947505456066
2632_1,0.007551793156086608
3250_1,0.522839556550452
5130_9,0.8164556479218411
3526_7,0.5822274320230432
2793_3,0.03323722385627305
10708_3,0.008712047014091218
6415_8,0.7997971596007555
11258_2,0.10117230566881451
11451_1,0.4304228170191348
7724_2,0.09769617511901149
4276_4,0.00015411446316094933
6058_1,0.03623156822094875
4086_1,0.22486219108312874
3670_8,0.9529532119268431
7125_8,0.646963051012684
9377_8,0.5858318052218461
763_2,0.30230917134364566
7882_8,0.9104278827018928
757_9,0.8920351678680513
389_1,0.804885615570963
9102_10,0.98004554938935
9384_7,0.29454610105785695
5684_8,0.8993605765878872
12090_4,0.2564757582314612
12002_4,0.025848483354629293
5443_7,0.7497555294368862
8782_9,0.784336841143842
9878_9,0.9981755506419374
9640_1,0.14419542305352273
999_3,0.4556677026025777
6249_3,0.4879427465748471
1656_7,0.8900976485142373
6649_10,0.5842858942392682
4630_1,0.016034362305014194
11300_8,0.33555229227848077
5894_10,0.7874909497670355
3198_1,0.07658497519713751
7924_2,0.5063331611125251
6318_1,0.553892626241693
8075_2,0.26542004793033275
10005_2,0.12785077409799592
6431_8,0.944851951467126
635_2,0.5792965553794652
1803_3,0.2270435386049746
5721_4,0.004924462021993259
1116_7,0.9945192520329444
1456_4,0.934641070368761
51_10,0.9991207502336864
7155_9,0.9534788008184707
929_2,0.01207882584662967
12269_1,0.018081399467817894
10597_1,8.417644495750587e-06
9005_7,0.8475516103810588
10467_9,0.8999546621213752
2251_9,0.9269035187000876
1977_9,0.9838219976176592
8539_8,0.3816242562362658
2416_1,0.07962195511080326
8508_9,0.88886858095008
10401_1,0.11900622233707076
12217_2,0.6250844973992343
5484_1,0.31739091130297464
3833_10,0.9701292604806664
465_4,0.36891776835696605
7591_7,0.4955541265739175
11485_9,0.3800773995571195
3728_1,0.0018898051182132491
5538_8,0.9749615058792684
10751_4,0.20593492883574055
8883_8,0.7844660490269012
6581_1,0.3515019096511588
5476_1,0.08610285999622758
4338_9,0.9708861217689961
10343_1,0.17728911165977976
2914_10,0.9929413084067724
6103_1,0.8733085847418187
7691_1,0.015147137858424576
3444_3,0.014995254286332565
2397_8,0.9568682024321995
8255_8,0.8662384239817874
1660_1,0.08496180984565833
10154_2,0.943338401314852
2138_3,0.06634399402539481
9614_3,0.01870904045228674
2682_10,0.9871914820225519
1813_3,0.15822298092213327
10581_3,0.14541338909346052
3733_4,0.06436726355289511
5210_4,0.2067424023778963
11961_8,0.6933439893856145
7928_4,0.043182938349135176
12156_4,0.19637452502056468
11025_4,0.7533810558567035
11233_10,0.981221444663449
473_1,0.00805415044552809
6648_2,0.0031229003415732723
2451_1,0.0010369925295001822
7679_2,0.1236495377628835
2954_9,0.9653289202200482
9652_10,0.9270154196673832
724_3,0.14277236612464558
7592_4,0.012102665733287317
7669_9,0.9982264462864207
3816_1,0.00034834497238322456
1401_4,0.17233994642168923
8551_2,0.025001460887829913
7901_8,0.700983933591983
10552_4,0.40523098005196834
330_10,0.9491361807458291
232_4,0.6478803525766925
12351_8,0.8966486734476757
12451_10,0.9897012689255725
5884_9,0.8251097485262024
603_4,0.0018623896532017914
3415_7,0.9579605784512051
8727_1,0.018567554046203513
10099_4,0.5107994809540242
7989_10,0.9331007246478787
2329_2,0.9212444807591739
5774_1,0.0025942834332852594
8201_3,0.5395129609189151
3491_1,0.11439760991786124
12210_10,0.44651510072928413
7604_8,0.22789123111412252
1676_10,0.9941945946801665
6477_9,0.9234471631307339
2521_10,0.9993403907797782
9140_2,0.05475382582273823
2463_4,0.060830534671525376
587_8,0.9318166231133557
7120_10,0.7719126928965524
7734_10,0.9843903612663767
7322_10,0.5554784903106774
3803_2,0.048257111851896975
2417_4,0.0032753058850139814
7757_4,0.045001757711148574
478_9,0.4977991520617976
12269_9,0.9861344544277192
10472_3,0.08344514816263421
2858_9,0.8928567365674859
414_9,0.18165994708084685
2552_4,0.009088886213095938
11615_8,0.8366606138772156
201_2,0.015468365357912503
5624_3,0.129838638728545
5080_8,0.9088506506029604
4507_10,0.5323392617305539
1527_3,0.670053618661647
6282_1,0.03221736132262498
3911_1,0.0005456074641510884
4616_9,0.6537328008808273
9562_4,0.9315713679039219
9975_8,0.4098572149215327
7584_10,0.9849446789768643
1121_1,0.10310932424180082
382_10,0.564743966954603
11309_1,0.06543385504711713
5424_10,0.667559663798292
8697_8,0.7819511849608225
12420_2,0.03470617286190094
5052_10,0.9964166826502254
1037_1,0.008119974733305958
346_7,0.097979596518933
2285_8,0.892074400491058
10867_1,0.00134861361908962
4335_9,0.3491320153957836
9088_7,0.8869066872577157
11037_8,0.9026696128139391
1993_4,0.14371211880268003
11469_3,0.01624367700453886
1834_2,0.001058250677782164
10723_4,0.3153575422351413
5377_3,0.35114734061892855
1812_1,0.4007031769774251
2760_8,0.9925539393884224
12062_10,0.3788415496332424
1847_1,0.0004690905646671532
1280_3,0.6397970495336168
2106_8,0.6736163885312009
5414_1,0.1203474674820354
4930_10,0.9994673008428192
5024_9,0.9740823070973436
5295_9,0.7197908976483036
5427_10,0.8191456712053099
10526_2,0.07324514684789804
5517_2,0.1313898878447087
3971_8,0.5731694536449431
12260_7,0.5305691210027359
3676_10,0.9982056057748372
4132_7,0.8516168989365526
6721_8,0.6363474379755998
2381_7,0.7450154771495348
818_1,0.0009731713030912131
6503_7,0.2616262154356325
12068_7,0.9605602153871196
8847_1,0.0004791085501634759
10698_8,0.9030593961708022
2347_3,0.026706705039569185
9337_10,0.7196258434865995
9070_4,0.8059852835429243
7962_10,0.9707039047471363
12183_4,0.04790798774924517
12410_3,0.10771200263802337
7988_9,0.9048151072984739
8980_8,0.8479772188438606
8568_4,0.023377439695300515
8374_7,0.9852701594494575
3561_4,0.39980749024552015
692_4,0.5499895896849072
4259_1,0.00012957743516354503
1627_1,0.09691376686404995
7064_9,0.981548680760758
5410_7,0.4880017943963324
10003_3,0.5166222229931877
12068_3,0.01638841153651395
8048_7,0.7032562825176679
2590_1,0.010601807551610547
3464_2,0.9466692048634007
8423_10,0.012777172995856243
5036_4,0.46667193810491364
10030_3,0.22690555256064368
5500_9,0.9692063781674792
10129_10,0.5718220027656782
1549_10,0.9388189427853144
6463_10,0.9958359887075251
1026_2,0.024359251698435558
6681_10,0.9591299302999399
11004_1,0.013590696982043673
6191_10,0.9582161256264747
9253_4,0.8003748026421469
3193_10,0.9977103164623059
7563_1,0.0033509253647851438
3104_7,0.2419620995109567
6369_9,0.9856938446933702
606_1,0.0031338214124913347
6069_10,0.9851984416467275
6966_7,0.05940621423316513
8945_4,0.22491980266467052
4920_1,0.06200545030125384
7358_10,0.9219712705658428
9665_10,0.9973777696816784
5005_1,0.4218419445706079
12324_2,0.14076791480860787
1878_1,0.0011935354070536715
5917_2,0.12502535850639154
11912_7,0.9941696542304967
11692_1,0.49425585314542725
11505_10,0.8913451879943016
5416_8,0.7035398208422756
12072_1,0.6160624755615614
4436_10,0.9663769385240164
11762_1,0.15652148564803645
5805_10,0.9994095703105396
9464_1,0.01646458312393142
9412_2,0.027768239889821144
11262_4,0.7842566241437605
853_7,0.9317352797401194
7087_4,0.44244806156798366
1896_10,0.9785091795188161
9749_4,0.11576732026893313
7431_2,0.30765158156484324
10253_3,0.13408683085726447
10675_4,0.1748578122440096
4275_4,0.1968507813526536
5399_8,0.9305260981029341
9388_10,0.6443090215417773
7019_10,0.9919986045089206
10223_2,0.16307279959125878
10216_1,0.009852807394273456
2097_3,0.03607982565811881
4243_3,0.14576405778086418
8672_1,0.013026447417083526
1260_3,0.09047358733964983
1734_10,0.8379420619682587
2955_9,0.9983015700314545
12033_1,0.035728420133707604
8243_3,0.1919980664768699
8741_2,0.5183563756990909
6481_7,0.9511231236941251
7053_1,0.050057827639226955
1624_8,0.92950447963889
2900_1,0.23400715061644642
4328_1,0.04330907863165397
11732_7,0.8980763592496739
746_1,0.2222797050390438
6004_3,0.02531532070675543
6162_2,0.07427270114450424
9375_4,0.005055697968546248
10924_4,0.16046165771694063
6304_4,0.18362535274118175
10035_10,0.9546683615912807
8867_2,0.0060450311079909185
9781_10,0.44911179253771716
8902_8,0.9223514495400208
1006_8,0.29079150887921346
7230_1,0.018449737464075015
8788_9,0.8302576154031839
2079_10,0.8915878923027176
11987_3,0.01856308313560163
2724_7,0.7040433151036833
8534_2,0.12238465919304554
7052_1,0.1453944310583802
4390_8,0.9538193828524361
520_10,0.9022598008203739
3936_3,0.26378853360197196
5160_3,0.049476719308320934
10519_8,0.6199664079440265
8906_1,0.019045881328895196
8750_4,0.23775266864825534
8606_3,0.2908189100821941
12038_2,0.4799756273871493
2939_8,0.9654148369543182
5721_10,0.9267769288722046
6798_8,0.921689928802755
11820_10,0.9760014450299457
6435_10,0.054881314895931836
404_8,0.962927804508327
6066_9,0.974120408262003
7921_3,0.00892062234724566
5468_3,0.29707067676697474
7034_10,0.9934935510876037
4309_3,0.13043636362630118
8201_7,0.9752538653740466
3656_10,0.9984905834423495
8786_4,0.23272340642154069
10564_3,0.04937167853022877
7401_4,0.05372911645336459
1163_1,0.24951952851712164
9915_10,0.9707573814198748
11080_10,0.1333303669699497
4710_10,0.9989157602338795
131_1,0.2680211434680956
6387_3,0.11533904186331066
3906_1,0.0006529674663066457
2075_1,0.003984903617329734
11663_10,0.9998110289294296
6149_3,0.03218034459799259
6703_8,0.9968675949359005
2440_8,0.9984691670448989
10500_7,0.2423191327769815
7349_1,0.014078846501274533
10695_1,0.016603324199997306
6905_1,0.008117015598803888
4902_4,0.45674488891808274
5298_9,0.9853716693724728
6701_4,0.523796775260951
1344_10,0.9871879259430222
284_10,0.640666454590126
9114_10,0.9998505129561505
12102_10,0.9613837466905044
11448_2,0.594464390820504
1053_10,0.996069118398891
8341_10,0.40658954681945775
433_1,0.002455047073917348
9534_4,0.22660297895959364
6471_2,0.8000361747493385
8971_10,0.9976518378730269
433_8,0.8615112909363977
298_10,0.8758336129106834
5965_1,0.004698152995061855
10408_10,0.9051697029482195
9112_3,0.4753134481527925
6726_9,0.9988911823906308
1048_8,0.876510409036771
11046_9,0.8490835147199032
4808_7,0.9891707762472761
7027_9,0.998543014104879
12435_8,0.9373503405266321
5480_1,0.9809579272641151
8823_8,0.9202204015085841
554_9,0.9992841335503155
7167_2,0.007514081625681649
10762_3,0.15346757093216834
9036_8,0.6866898137048223
12185_4,0.515500053389058
7763_10,0.9904349531758446
10271_8,0.9735869065674184
1159_8,0.6635039008443975
11063_1,0.13587038833766196
12479_4,0.025479159163543236
11179_4,0.6412497951336273
1736_1,0.03189212008817642
4840_7,0.9973259897448739
8233_2,0.8348506300324006
1082_9,0.9619048824830791
8378_7,0.9491119356493667
7777_9,0.9754951539925848
1883_9,0.7952285921423603
7350_10,0.9730982295833481
704_8,0.8109352272287126
6554_8,0.8714561311431327
1750_10,0.8762775717455039
4969_2,0.0035861801753425265
10339_8,0.7354606519097941
1902_4,0.16088754528811253
5578_1,0.001649392842958164
5502_1,0.007337080867530547
7250_2,0.001733403508249172
8856_4,0.20627999551976914
10840_9,0.9888366910131144
9730_10,0.8842783628294405
11146_2,0.029768524071796205
5988_3,0.004150270937841338
9734_8,0.7975243077543628
12338_8,0.6553181198789314
9813_1,0.06990001598854999
8928_2,0.09814361104559606
5431_2,0.032443135187216414
9467_9,0.9600104772952938
4933_4,0.06756369899582446
11280_10,0.2397553185294729
10279_9,0.9509453009973674
7024_1,0.0002984154418660055
9115_3,0.11598249796705196
5701_10,0.9330514294663025
9539_1,0.03143307441150066
7655_7,0.9701270712882459
4518_10,0.6614544766901878
3039_4,0.2528617303781473
8654_3,0.6859108115922781
8893_4,0.0872845157767878
3598_9,0.9935217331062166
6443_1,0.14462134288460005
3843_1,0.04460878763909353
3848_9,0.9678632870893873
3149_1,0.09382785209362024
2152_1,0.08086597206613068
11564_1,0.005338776450834411
4391_8,0.5083075924441584
950_10,0.8231839001722634
10531_10,0.9959367957470467
904_3,0.5240824930718474
5293_9,0.9079280151786977
2173_1,0.0025815429886550676
5992_2,0.004310874489274027
782_3,0.5881641530047516
1295_8,0.9927483736601975
9659_1,0.005001567308010381
2214_3,0.08002081553724998
10772_3,0.011859276404273688
7515_9,0.3301663208463657
7294_2,0.13151133506548884
7761_1,0.12397134110993499
9027_9,0.8876728277054273
6595_1,0.0005023864025745134
11003_8,0.8661632013988794
601_10,0.933232086128232
2991_8,0.4211881470072819
10937_8,0.8653686668630967
7545_1,0.07965406853830136
9747_1,0.007063445412277476
7653_7,0.9642153517843508
6886_1,0.00441602199669766
8054_8,0.7943113746176723
7299_9,0.9999659801869274
2289_3,0.2408574150448655
6569_1,0.002453119713210094
10909_2,0.058126112707469924
4022_7,0.47149062202805647
5407_1,0.07590152327328206
10211_8,0.7894493259611989
9194_1,0.14222031885918085
8113_8,0.9998138869886479
12010_1,0.00241944572598666
7373_7,0.9571584176252788
3535_10,0.9344190458349124
5265_10,0.5619343437669382
7032_1,0.5681523875207762
3391_10,0.9999016992963254
969_9,0.8088828274043256
450_2,0.3698065924631231
12296_3,0.4397177230987976
10855_10,0.9676273222377515
2741_10,0.9710891120038776
12403_1,0.0398662668781846
6118_4,0.3048630785308888
9001_1,0.091958405042732
172_4,0.503387877617074
4405_7,0.26701826800419626
8923_8,0.8730284916464088
5396_10,0.7997565981150909
7183_1,0.00025122023221969803
3261_7,0.9280987168640439
7445_10,0.9835803651811398
11412_2,0.0589997169116688
4765_3,0.6419671920176597
5248_9,0.760461066345648
3172_2,0.029860878354254116
10813_4,0.17685349610407752
8054_1,0.031558181202143626
5535_1,0.031380757888372676
1306_8,0.8855927063986242
135_3,0.13724780711937887
10646_10,0.6332186158880699
9906_1,0.06606775430378331
8156_10,0.9553253556345366
2806_1,0.43967341409953176
9501_4,0.010128780904118546
1882_3,0.09470411965817016
11895_4,0.18166349564204265
5420_10,0.9135743418518372
11791_10,0.9880791778208571
3798_2,8.022766761513728e-05
3282_8,0.9260895702780694
1278_1,0.07921017860457331
1011_4,0.21078091525966894
5263_9,0.36916484770502667
11301_1,0.0034579482460916707
1946_7,0.9826734373994587
3246_10,0.9875106841442131
4130_8,0.6896759692693101
4172_10,0.9617229153009647
2619_2,0.004049388099516079
5197_4,0.7512242052431609
6060_9,0.7012166468942417
7430_1,0.004667948057383533
3511_10,0.6971189368086907
6970_1,0.02480566958522305
931_4,0.027560368240305
12374_10,0.9721735303780528
10217_7,0.8288240983958379
964_7,0.4992760567820963
4859_1,1.0616389381488458e-05
5525_1,0.013181142930002965
11471_1,0.03237957278538251
5030_4,0.029517178172307052
12177_2,0.12255794793818862
8892_2,0.007559430784448833
1073_4,0.16486429816922604
7406_1,0.01095821954020314
6345_9,0.6614450741222555
7395_7,0.009512613632771685
9952_7,0.7099344361899677
5851_4,0.33666939733817847
6880_7,0.3188881940766195
642_9,0.9551115041227926
6271_9,0.886652450012953
10983_1,0.009080942736349221
5602_1,0.04284531345095573
3834_1,0.04419565051634336
6961_3,0.11003130669492694
10102_8,0.9344003882687724
6988_1,0.006177043649742945
5803_9,0.9912303832623137
6009_1,0.0002494078631263107
10294_2,0.08075912902824543
9811_10,0.8167572340023043
11298_8,0.5658826203634846
4625_10,0.9873332975816794
11263_3,0.011509825314898537
11502_3,0.6236918801872241
9690_10,0.6930330432151404
4453_10,0.9950023901902987
9741_10,0.9133114932145235
12191_9,0.490218369068969
8019_8,0.8630740126777612
2298_4,0.0908143685162567
1489_4,0.7594234283866602
4228_7,0.7890501668739828
10905_1,0.000575213777481749
5103_10,0.9961117586885457
5641_1,0.02577560338828094
11567_1,0.007082160453594045
4040_10,0.9967060684820505
4777_10,0.9876468767914601
9612_10,0.9989640939501182
3830_1,0.06110237833494735
8781_2,0.031824779395285656
9415_3,0.8031253390790839
9171_3,0.1014457658526429
478_3,0.7829054430214578
10979_8,0.8507964839372564
7073_4,0.21716221556210194
5419_10,0.8476142592546047
8505_3,0.0101318495807443
7559_1,0.6596487403850937
3827_9,0.7923461144909213
9242_1,0.037676534171756114
3133_10,0.7542776707184495
9051_4,0.2768287267742388
8604_10,0.9875969923931571
4811_8,0.7772640534774918
10697_10,0.9630831981526001
6142_10,0.9096991875411521
6740_1,0.06535720151209863
7806_8,0.9043118464715869
8326_4,0.4354081897080708
12425_3,0.05496673625405754
11113_1,9.132973572766853e-05
8096_1,0.08693939951035198
512_8,0.838770356083648
11144_7,0.8910123401064732
2073_4,0.02251141548109662
6966_4,0.039393356461347874
12122_3,0.6109250841236772
429_10,0.8764938200532152
10294_9,0.9994341580141449
9955_3,0.16381307410678378
10878_10,0.9539456775900657
9365_1,0.0002972384235422259
7317_8,0.8715688390276873
2863_8,0.4033759420523405
11935_3,0.03444597676696183
2180_2,0.9043795126637673
267_10,0.9116703921386714
72_8,0.741421633584179
936_9,0.9605568335456555
2363_4,0.005657807910330604
11722_9,0.8255570132042713
1353_7,0.6129009637030075
3883_7,0.798507902178771
9475_8,0.9923657167474174
2328_2,0.04254107123032858
11982_9,0.9905072974545028
10413_8,0.8552763858018431
1277_2,0.20713236934130067
6299_4,0.2977965810453233
7536_9,0.9314731352470065
8368_2,0.3637436436672329
634_1,0.01050022496508954
10095_3,0.2600679973364293
8821_4,0.05482594527292172
5669_10,0.9998568974399333
4600_8,0.47387942464595806
10859_1,0.029162708662258834
140_9,0.30688909966811345
153_8,0.9598386622026421
8013_9,0.3895093319788095
12389_1,0.7127206378178538
8443_7,0.7234795351565457
12290_10,0.4081979752509999
12152_10,0.595928883843847
6442_3,0.042314885446754526
7557_4,0.6012579492374909
3699_4,0.5217162794624044
6461_2,0.9877653165622405
8641_10,0.7688087157197495
10771_1,0.4187605746977432
10539_2,0.04550706141263912
10406_1,0.04337739961188746
9617_4,0.14453148770728894
9403_10,0.9979842705131866
3015_1,0.27778968078925126
181_10,0.9743748023664425
2879_4,0.27870195614423043
1758_8,0.8542590765852156
9992_10,0.9963714491716691
10769_7,0.8133721474992197
5616_3,0.03408979080194432
721_4,0.3479587533318164
3035_1,0.014129189473454375
7877_4,1.6896137648806052e-05
5554_4,0.09251513728683519
1475_7,0.8676471862761217
1538_7,0.24629271785126733
3499_10,0.08692162300537482
8815_4,0.5261713935165808
5817_8,0.616697837437894
4179_1,0.023187236032825444
3719_10,0.9554339609726547
2538_2,0.1340999412496223
4873_3,0.25178807019749566
7283_9,0.9620764696364068
1997_4,0.07904999912225327
11036_4,0.039209524424450144
4123_4,0.27439813813715674
3520_3,1.5668495655369656e-05
10320_1,0.0011281083540048494
10185_10,0.9700759625223929
10193_1,0.03731946902467123
2506_7,0.9959553562597396
9868_10,0.4141628657238812
5603_2,0.020410452990050842
8392_3,0.2058218896141149
5322_4,0.04129599993726433
12117_10,0.9702266238439496
2411_8,0.588562933991628
9393_4,0.030015746182231608
5968_8,0.6109071368534855
6860_1,0.0658188366687422
12144_4,0.9274217888974748
2706_10,0.9753186905435828
5655_1,0.11338361730411207
2555_8,0.8001842299920184
6091_9,0.7162019445867894
712_9,0.8047456647617955
9445_10,0.8811288908662087
1777_10,0.5745702317920439
490_8,0.2629132196619177
318_10,0.6749570627415978
10143_9,0.8930409819665005
3608_8,0.9793171207173181
686_4,0.8347006251011203
12147_1,0.0017999526747734629
6782_10,0.9054217538133937
5560_10,0.9780253852077512
11621_8,0.9569335366857729
11909_10,0.9665990001014935
11938_9,0.9794518183192351
1877_1,0.04110741078102955
1298_1,0.014737698064353986
11154_3,0.0023074116409623263
10898_7,0.6324713941861998
9980_8,0.9734452177151768
9719_10,0.982265314223127
516_1,0.003457589151602041
2541_1,0.041223394470476654
23_10,0.8934925446591161
3517_1,0.021304518430393854
10839_9,0.9996949732467514
11461_9,0.612276350088224
10150_2,0.005001067727070245
10664_9,0.986163926688412
6750_10,0.07330846063723181
11165_4,0.9353878318151979
3463_4,0.17644599865202953
287_1,0.028746980079497622
5582_1,0.6541005646498032
1136_1,0.010138389639443423
10316_1,0.02072363550102463
1684_8,0.8180959313949329
3556_9,0.7448565873964567
11680_9,0.975075600913409
10775_10,0.9692837734086367
5558_2,0.06624226784260008
6203_10,0.7148157335191697
4057_4,0.5672065382084777
9010_8,0.9978077078549686
1033_9,0.8150576099470997
12116_9,0.9736037750157507
8401_10,0.9997522075426938
9863_4,0.867520937078359
2777_1,0.02647220654356077
5797_3,0.1759769008576161
9929_3,0.015318261206613174
4177_1,0.06617387202206283
2205_8,0.9955344831190206
2839_8,0.943387112825091
7161_10,0.9896550650876884
11724_4,0.6124834466641426
10369_9,0.976402331641114
8702_2,0.09808517240951882
1028_10,0.9727382520848172
7226_4,0.6508145527094944
8799_3,0.4108840221421821
1573_8,0.9001829824832341
12041_7,0.9891232456121348
6207_7,0.4473528539840722
399_8,0.8813587391147019
1034_2,8.030024590219692e-05
1610_4,0.6098500854693238
596_10,0.9353330586536951
6474_7,0.9999479090758754
4464_3,0.30717982344087086
10637_2,0.0380206441780635
3272_10,0.9200454486444383
10194_7,0.23893801530883096
11906_3,0.03472306604761146
3666_3,0.15753750371645905
6148_4,0.12271609650953831
4595_8,0.35866700477858254
6146_1,0.03312581375422227
7512_10,0.6663169526052555
12333_1,0.0013741897741382817
3490_4,0.4553894110049374
8495_1,0.007855520846785992
955_4,0.007104543760600602
10582_10,0.9695128585242885
9477_8,0.7735028280976389
7132_3,0.021108893321437158
5214_1,0.05267940464516753
8258_10,0.7476762498607327
10387_1,0.04704949368301725
268_10,0.6641209482731968
8153_2,0.003043592175596071
7353_3,0.25659124252524657
7847_10,0.9726953085927301
12028_10,0.6345717027551341
2998_8,0.11345778762512115
2641_8,0.6777490700792207
11923_8,0.9264330782576282
12322_1,0.04048405580696975
11816_3,0.05863257197008407
7111_3,0.02020946533682532
8107_10,0.863373533169565
8835_8,0.7107062032352965
10142_10,0.8689522941336988
4445_3,0.04770616036062673
976_8,0.1985941382629384
1996_4,0.33242548750381784
11496_3,0.05426707620507409
1644_4,0.1567039697635165
8573_3,0.2535351765122189
10835_9,0.6919409756892423
11531_8,0.9844711424652768
5802_8,0.8098373340849561
2501_3,0.05799548718911321
530_2,0.030711161381098858
1051_10,0.9966507334648644
6629_1,5.205021432340855e-05
10350_1,0.031705751521810245
2943_10,0.9888439845480491
7661_1,0.009840033987098951
8359_3,0.06706616926694346
10218_7,0.9700731121423014
10548_1,0.009201449130422616
906_7,0.9966081721453993
2708_9,0.9378515176259686
12478_4,0.20214408057726646
10222_1,0.5488246912929087
3560_2,0.027715923479435044
3371_9,0.19428590501464743
10009_3,0.13824795787839636
3142_3,0.12612248972254675
3876_9,0.9703911867182069
6662_2,0.08232094832680731
4691_1,0.3485265723883604
2491_4,0.34111602696484494
12485_4,0.13437191510972432
1716_3,0.09434235416840114
10767_10,0.8752761026397858
4083_2,0.2784442823018417
7656_3,0.07386339198435657
2532_8,0.7972749897138134
11243_8,0.875916148815747
11878_9,0.9719072440712136
3627_8,0.5806125988866402
9049_10,0.12924668048611887
2950_4,0.41832866175372857
4553_8,0.9974918910891616
10414_1,0.040108493161847975
4281_7,0.7080848050653802
7905_4,0.9680616102868195
10800_8,0.1138257673684897
1562_4,0.049999024872490555
7604_4,0.4820840496184768
5752_2,0.8526107763747949
9465_1,0.05377574144318964
2701_4,0.1889736126384144
12432_7,0.5645937068173861
7583_9,0.9980424911600108
4003_10,0.9223710304701102
11082_2,0.0713959949985295
7650_3,0.1361310812025363
2215_7,0.39126644528960863
6597_9,0.8974995601486283
12268_1,0.02410903267679872
8650_7,0.2434596543121674
8311_2,0.08182033749365737
10764_10,0.7572910335024121
5462_2,0.0024184309760949263
10303_9,0.9850125558821016
12132_4,0.7340103662572884
11786_2,0.009748155676931224
6248_2,0.1378985557261113
5570_2,0.018637608262551862
8367_4,0.39265312562247634
2416_7,0.931127417718647
4073_1,0.03759953407437965
4642_2,0.34709878213761797
580_10,0.9250749004544023
3328_4,0.2768461001098011
9524_9,0.9733003188024165
11980_2,0.6550159780568985
7812_9,0.6395103004363458
3567_7,0.9632293275887954
9592_2,0.08229838092109476
8421_1,0.01331178260127262
2618_1,0.0010265260184998874
2367_3,0.04117584696001526
10613_1,0.035992548475249256
7657_2,0.2060574516543817
10992_4,0.2945260330440561
10663_4,0.07770696294359479
9589_4,0.3689878893002829
5184_8,0.4830986080030339
7352_7,0.9375003680744054
6483_4,0.8612756421143783
914_10,0.9547505160580504
1239_4,0.46704156588942547
4465_4,0.5418486915742351
82_10,0.8603131398815196
3696_4,0.17416254106035053
1507_8,0.7503819444009987
12211_3,0.13115409184975563
4003_3,0.0403418392395368
3738_3,0.7121572309621587
12089_10,0.9959429822540924
593_1,0.0007718024926921408
7555_3,0.35926818842952285
9897_9,0.9970219317722379
299_1,0.0848559221113108
2774_3,0.07676829075449616
4723_8,0.9402859467919411
1636_2,0.03140122048717177
3383_8,0.9858673386584028
5360_10,0.9971717821888393
11542_10,0.9966818799098072
1964_1,0.0008415809645644142
10323_10,0.7903086325131341
5166_1,0.008653262301119683
12371_1,0.00034532797676245313
7426_1,0.053956979209854476
11832_4,0.813562786757385
684_9,0.8014535067531017
519_7,0.06756653130989779
1712_8,0.7869694746467484
5973_9,0.8080130779522494
2820_3,0.007340092197581475
5023_7,0.9723391470275464
2625_1,0.002244847612247791
2699_9,0.8215849012679218
7123_1,0.008643904818695551
7327_10,0.9694326491845429
944_8,0.948883167322177
9757_10,0.73898348027162
12491_9,0.7347786346098902
12301_10,0.5043556969735264
421_9,0.9985664655086564
6655_2,0.20931631263966413
610_9,0.30662298236346197
3020_1,0.48013255234426144
1797_10,0.9969733736511124
1248_3,0.24317812193009652
2524_10,0.9777349745126297
10596_3,0.5110726289958546
9326_3,0.13133855538529296
9346_2,0.02227700255955457
3890_8,0.9993526641361223
7836_9,0.6778996572030206
12388_7,0.6859437754597438
3205_2,0.06162961904029225
1547_9,0.9161279949273
2706_1,0.0005793767352523676
391_10,0.9040437399686316
1544_10,0.9596183911126988
7861_8,0.8862694025959293
1448_2,0.033114888731010914
6451_3,0.2503913804753508
12187_3,0.7987995275016522
11702_4,0.6748339715521497
5947_1,0.35141445352609507
1282_3,0.009767987443633866
7492_2,0.001764904869125969
7724_7,0.7334260244513583
1564_1,0.5801165139341139
4425_9,0.9984052148957491
9416_9,0.9973620338670945
10826_10,0.9642607534281343
4402_10,0.9802934998001851
9332_3,0.0006568967561899753
5856_1,0.001454140466816614
2784_2,0.028614405308327276
3216_1,0.06848574821448197
8057_9,0.8310038175239512
526_10,0.7237911450349139
4376_1,0.0036630167134340374
9513_9,0.9604268106263486
9972_9,0.8235668605642735
339_1,0.04220435820042722
11898_1,0.17377504227579524
9282_4,0.6609249786302683
2303_4,0.016880319794430616
10199_1,0.0005693784707874811
11660_10,0.7064202722241696
714_4,0.20633280129177728
9283_9,0.8064347959940018
2972_2,0.6418419935941018
9060_7,0.9993822379401288
3562_8,0.7432965613989014
11064_8,0.9421772936946767
4190_10,0.8136194912524174
12472_10,0.9985097466734004
2942_1,0.15087765718588897
9560_9,0.4081133415877733
2692_4,0.015958313377131828
12057_1,0.001560115812798879
11197_2,0.11600327589597419
5827_4,0.9923851726116268
4752_1,0.022568913618328076
8114_3,0.027778217806532796
5643_7,0.7927484711880786
9127_2,0.38886650026332564
10540_10,0.2524509431044051
7342_2,0.0002521768089919102
4651_4,0.5489654126990671
8798_1,0.0335203316858491
5973_3,0.16579579253149218
8314_2,0.035807370000133454
7856_1,0.05562032176982987
1255_4,0.30023262002487633
9615_8,0.24887716674241528
7261_4,0.15303118503865992
9700_9,0.975651532859928
5938_10,0.9954801724373057
970_7,0.19738577813398442
7715_8,0.9610093618250631
4643_2,0.6054189930661392
7069_1,0.7538584854941199
8600_10,0.8686959402456457
10275_3,0.6093463133717733
9519_1,0.029458446128770643
8861_10,0.9783067011711423
8558_4,0.040899009499888894
7495_4,0.1841168375799368
4727_10,0.23175807450790845
9647_8,0.8902713237872736
7192_3,0.6391860358746096
8772_8,0.9958546160124081
1198_4,0.03419966360228751
4249_7,0.7525272807793542
6816_2,0.1843800458598245
10243_9,0.9462368064804273
8365_1,0.05666317737824489
2529_10,0.6342379917624019
2538_10,0.9568957860489813
5946_1,0.09384518981273823
6716_8,0.9099475951006838
2633_7,0.9786545671985687
10513_1,0.10851274434186298
4847_1,0.01158714750156537
2552_10,0.6797449368636443
7166_9,0.48917367804642137
398_8,0.8601866166395062
6925_4,0.13027216087925841
9873_9,0.42930388742977843
3598_4,0.17650171463664513
5996_3,0.011831556011452787
4024_10,0.9803133733038546
3184_10,0.9696477364377969
3801_2,0.03986366659945999
1722_10,0.9995952605286919
9344_1,0.08356296847629921
2874_2,0.03214425963631475
2914_4,0.4910140545002899
9643_3,0.049577391107281564
1756_10,0.9939287309374056
2781_1,0.017274450992604728
3559_1,0.00011836928036088225
6250_1,0.1369645315905386
10960_9,0.9872161749837984
565_8,0.2465735970641746
8749_9,0.13715820025093617
11273_4,0.3006441011615209
6933_4,0.06717041032073194
7295_1,0.02278408601346062
12267_1,0.0370630530364411
9844_4,0.011718801539737736
1949_3,0.7589663597680646
10048_1,3.3412498716464763e-06
7242_2,0.01087668786342632
1722_2,0.020443757635475707
9869_1,0.04960607428075556
609_1,0.0645899198294353
9383_7,0.019443399763459025
6593_4,0.05161180914051944
3284_10,0.9301944725322934
6190_1,0.8733398123723706
8305_10,0.9557236184442521
20_1,0.019384241729834016
10037_1,0.03781176688304894
1751_10,0.9909643716617537
6821_7,0.7859980006969842
4780_10,0.8311914037232307
1290_10,0.9551920028490882
10777_2,0.1223439739292915
3450_1,0.003563151412161874
747_3,0.05479682699988744
9262_10,0.9998442396613678
7206_10,0.9619930646642275
3700_4,0.16974593924074474
2953_4,0.4127644894736733
6828_8,0.865467224993732
10831_7,0.8828544531965116
5014_1,0.0009817848114233214
11679_10,0.9671836912294457
3476_9,0.7764142448608761
12052_8,0.2907307695948536
8635_3,0.21262148867236935
6475_10,0.92872988539995
8531_2,0.4138995112997103
9018_7,0.03383023525051568
1492_9,0.6284333417849928
10993_10,0.9738265997592294
1896_2,0.0006641522392632482
8241_1,0.16216335429107215
3568_8,0.5700305211077508
9424_9,0.7760816778165
3791_1,0.005887984631413152
2117_10,0.9986848805966972
4679_8,0.9802330072768017
1217_7,0.9893336006729758
7969_3,0.1267160088162948
2271_10,0.892148311843615
5772_9,0.7095194815095033
1347_8,0.9893215371993321
11800_1,5.228244082375042e-05
8820_10,0.9850313669156476
10014_7,0.7343847683122493
9864_8,0.13501936515275245
6926_4,0.43956894368182553
1842_10,0.999603150138103
756_7,0.6745898035766164
7657_10,0.9650748311995228
12416_7,0.7757591982197388
833_7,0.6011650830698695
8746_10,0.9775915572401392
6374_10,0.9613033798065098
24_10,0.8718159143863649
5133_10,0.22084026954540273
2937_1,0.18685140325016886
9845_8,0.8302819422351057
6236_7,0.6071942885303083
8525_7,0.7140282788038111
10398_10,0.9467701293682812
6555_7,0.8284529210918767
5873_3,0.5026517440158121
12235_8,0.7521609455306634
8972_2,0.0479708403023174
6313_1,0.03585872414732278
3277_1,0.4649325894910152
9661_10,0.19595367357986443
11759_4,0.5576102521726911
7960_2,0.9075658934836349
2710_7,0.9531104087423731
3152_1,0.017784018978148124
3186_8,0.9999259524848476
6180_2,0.06914684350566176
3303_1,0.1768984167966201
250_1,0.06606011727536681
8902_1,0.0068757027850468826
7964_9,0.9744907338958517
78_1,0.19766482147505393
9162_9,0.7452357357681821
11868_8,0.8347185964925373
8522_8,0.5438813084336813
8517_8,0.9177429006859685
12341_4,0.09296114897033174
3300_1,0.047892516541896545
2961_10,0.9854547064785204
11309_10,0.916746468292212
381_10,0.9545878719764933
6537_10,0.6783177754241352
4623_10,0.3100989584602935
12425_10,0.9551680792552124
817_7,0.8396066360710083
1853_3,0.1692198843752951
3586_10,0.9348984322924059
6148_9,0.8523283190126753
5020_10,0.9968766054124302
6486_10,0.9690881767999964
560_8,0.9885671474779534
11210_3,0.36432165355510027
4714_1,0.001773154824742285
7175_7,0.7625586515804395
10289_9,0.9659772213901118
2497_2,0.1285558486032473
6359_3,0.4440077667242009
4905_3,0.10813224744878525
4701_10,0.9977578863244911
292_10,0.870916431997833
4010_9,0.805322828710151
1591_2,0.9611805357793524
619_10,0.3638796158171098
8563_1,0.004385926118808842
488_4,0.10057743246792744
3148_10,0.9925235217659001
2046_4,0.023743155734479677
11560_8,0.6232764350744485
8694_7,0.8810906104845765
11041_10,0.9829501464379005
6159_8,0.99675472032428
10205_1,0.1662037004078787
7840_9,0.9258495389247923
3298_10,0.9073026110184498
2854_7,0.521135356435656
3521_8,0.8412604825594282
8317_2,0.03037466996772211
10564_7,0.9117956365339663
7951_3,0.3624897291965293
9834_8,0.8935815571458396
4809_9,0.9986149078171614
4675_1,0.3585474941658933
9493_10,0.7297328920500138
7841_4,0.08135463563466422
8076_10,0.03095818213553079
3242_8,0.960752090885741
11666_3,0.075943293528567
9341_2,0.02963979277049121
10384_1,0.06669266688076811
1558_9,0.9953506077944061
9790_10,0.5068324961695665
12149_2,0.12492281452131918
11533_4,0.02367951413857134
4438_3,0.3227870624886779
11177_4,0.024807931944315603
8657_7,0.6065130511190379
4485_4,0.8762582122006797
1313_3,0.027308819366683272
7383_10,0.999979016734017
11875_8,0.9599861698528995
9838_7,0.8791114802852393
33_3,0.013567934463106274
5747_1,0.008994202909368523
1420_8,0.8457069271797596
7292_9,0.8027394742266228
5218_7,0.6677005483107634
3359_9,0.663091108354778
10947_8,0.9718940869501085
219_1,0.05127394163813056
6374_3,0.00043676293868174376
9686_10,0.8483233239351322
6757_10,0.8255655112569869
1003_8,0.8487156987528773
9313_9,0.8686262195742777
6175_10,0.9819533195491078
5391_7,0.7989152690461049
1085_1,0.011369741773132797
9054_1,0.16565620498961908
8543_10,0.9912575946326304
686_8,0.4956869815878629
6959_3,0.09215440919654004
11014_4,0.29506785768141197
9204_8,0.9733107810805672
9029_7,0.39392470980993555
10441_9,0.989203898129144
5245_10,0.9806844498644839
1480_7,0.1806194778766724
6426_3,0.05879820637337002
1700_1,0.005847005352002155
2783_10,0.9375499956857793
6152_8,0.8890000643139947
12282_10,0.9916283988825254
2948_4,0.21554312007657453
11974_2,0.0036779899738212983
5944_7,0.8601438798852713
9370_8,0.9088333548874702
711_10,0.33828520436896287
6169_8,0.9435149015381049
12329_1,0.006585893481197995
4904_1,0.004719282790504262
2070_3,0.020239963660688295
25_3,0.011522035030583255
1819_4,0.017444655048850004
8642_10,0.46991297112900127
11504_10,0.7991466583817994
10193_7,0.9893336006729758
8917_4,0.04425561487866165
9380_2,0.8343865398541594
10048_8,0.9788472187672905
7288_9,0.7646814216727654
8128_4,0.480136589665072
7800_3,0.16457427160780827
5852_1,0.006394521129123264
8027_1,0.003558871676703497
10317_1,0.024222968319980543
10280_8,0.7009984746834196
3959_10,0.9992852305802999
6115_10,0.9992847473482238
6078_8,0.7952667462121795
12273_9,0.9845608294750106
1497_10,0.8013020541800914
2969_9,0.9928049109046371
2577_1,0.06374165783035686
4519_1,0.16869158785238975
8596_4,0.381613725582052
254_3,0.04031730040071652
7005_8,0.7708346236133037
5426_10,0.6432904267078656
965_9,0.14708796073587868
2044_4,0.7781698278995363
9006_3,0.0876100793156894
11462_10,0.9040046509482019
4990_7,0.0957057655245624
163_7,0.6554724957693965
3134_3,0.2790092317096718
2922_4,0.41059220925231693
5777_1,0.009055000627524788
6340_7,0.9673152563341668
7896_1,0.01566010962615573
2321_8,0.9242786610145044
2187_1,0.9235735413855513
1831_9,0.9996205883762957
9321_10,0.9843798522225871
9970_10,0.8254807078539892
2978_4,0.3818297724394557
7491_3,0.01045128358321123
2491_10,0.6302002365051977
749_1,0.06300690181105213
4751_2,0.06855192127246797
3276_1,0.0982339647121251
10889_9,0.9962600952589848
5887_1,0.15635189921867157
8806_9,0.9673876625645609
8569_2,0.011715917669781225
3209_10,0.9926387239712103
7139_10,0.9254496831780631
5052_3,0.12523550181024873
5773_3,0.12014305828834526
1663_9,0.964967622151834
3575_7,0.7085109020506111
12017_1,0.06287897423009003
12460_8,0.9922058245285338
7925_2,0.000359023135736501
1643_10,0.9775966039094239
4537_1,0.000757857810245371
10651_3,0.013474309065610746
12075_10,0.950528986703762
4823_1,0.6546419353829174
5392_7,0.7434684034828574
5436_9,0.8421848020423242
3088_8,0.9394997151198443
6607_9,0.8868462156311885
7648_1,0.07504181475830277
1073_8,0.9502023949505168
4587_8,0.365642172260286
9463_10,0.973448348818687
11962_1,0.010960838816254719
8718_4,0.13806506127498214
7781_10,0.9867452336513051
11495_2,0.1436534162821359
2772_4,0.7622040297545514
4029_1,0.000432961365485732
2080_10,0.8512341158731197
6250_9,0.9945716841379714
2985_9,0.4584854974057818
2935_7,0.3909831283708564
7900_1,0.000299653472944528
2433_8,0.9988513711202783
12366_1,0.006532573466461785
10910_2,0.04105221377140299
5265_3,0.0017616357050951733
9603_10,0.836019542421481
11989_3,0.01181539888186331
2929_4,0.5172920499921796
1796_1,0.023415358807038322
10659_2,0.8114073136277199
4978_9,0.6234322755164998
11823_8,0.989638242933421
1732_8,0.9473920875692616
1103_4,0.2956958641119999
8958_1,0.017124562783623936
8607_4,0.5705234699862725
5820_9,0.9990160477844009
8885_3,0.0019363377882137577
3718_10,0.31955324013989284
3822_1,0.05879634855919455
9886_10,0.9954871866986786
9806_10,0.9114597843908963
10009_10,0.8124928853249445
5979_2,7.983142760162845e-06
11937_3,0.03561908263914713
4776_8,0.8606260828753369
9009_7,0.19223001453017258
8094_7,0.8450573219104783
828_3,0.689656803094588
3318_1,0.005559961072342677
3558_4,0.13838332979458715
7967_8,0.9535202561111741
5275_7,0.9858661241803715
5130_1,0.0005978854786341685
1327_9,0.469848712097314
11526_8,0.28373373059186274
32_10,0.9741725613928781
10697_1,0.0002584746520029858
9966_1,0.005453175535252797
3132_1,0.2272509326757092
967_2,0.08611730433233665
6483_10,0.6353375211607054
698_10,0.7445658188230245
7848_2,0.47272393254366546
9349_1,0.05590110067435383
10532_9,0.9943047957137772
11819_2,0.2434240064478478
6812_1,0.0016297090654928802
5401_1,0.02530166066318812
3528_1,2.945629327337692e-05
12239_1,0.0629116352018034
1479_4,0.0016538464085698581
2732_4,0.34452498642631574
6806_10,0.7486416718886864
2119_9,0.9090607847611336
8565_9,0.0002731701896990967
1914_8,0.6265461270841312
4835_1,0.01789235271310903
1029_2,0.05179412215436939
9228_4,0.5906173221088579
2391_2,0.012771920802994621
9674_9,0.9983517132396408
9404_9,0.7958632459254216
5987_1,0.025832676630449164
9237_8,0.9884774386012585
9879_2,0.20100948266415428
1370_10,0.029850254505750608
10662_1,0.15483349034767338
6937_7,0.46748990114477923
6355_9,0.7134748445912111
3784_4,0.17970566264483998
9136_10,0.17097773794021165
9557_4,0.21417174100628172
12013_7,0.997554606795453
1114_4,0.10473301165983331
6890_10,0.9942007588683193
3238_8,0.9442770907216521
1790_10,0.9996977975523623
4277_8,0.9241296759595177
2257_4,0.9304393151932439
7677_10,0.9872560357112238
1618_4,0.2066010364909403
7314_1,0.5053955869553021
10332_1,0.0533170131722231
7746_2,0.983139190530017
9303_3,0.051988558583449807
12321_9,0.9746970205706529
10341_2,0.023947035561776544
7745_9,0.9864448156245308
11104_7,0.6070107278938517
10855_1,0.06768635327341
10300_1,0.03913952379371223
2037_2,0.009658091669426022
7754_9,0.8318495970536386
9503_10,0.9334535112682907
396_7,0.9346124868264419
583_2,0.014664598061732866
4469_3,0.26412550076347424
11038_1,0.10389728103701976
2285_4,0.2171810952047486
5069_8,0.0729098700485922
8736_8,0.8591141299910735
9486_3,0.11952913902401123
11669_10,0.5753811839818327
8598_1,0.04156577060893082
1344_3,0.15459199502585105
11789_3,0.05506174411635121
9605_2,0.09489977883972231
10122_2,0.24199301482641858
3752_10,0.27028133613385075
3864_4,0.05036626274955951
10505_7,0.32432569346536866
3822_8,0.9003527505903234
8146_4,0.820299271127219
11114_8,0.2970356402604927
7847_2,0.23262197061504536
10300_10,0.8940852965720396
7021_10,0.9565717770061818
8_9,0.2646410118516705
7199_2,0.11724454647389276
9392_9,0.06678022539016563
8234_7,0.6917942078442174
12328_7,0.8132282451315457
9918_9,0.5998461542114101
10066_7,0.21448137601039888
5482_2,0.16783170997504734
6914_4,0.059632958883730866
4665_7,0.5057234657875083
613_4,0.3978031204337427
577_8,0.618862898635514
12490_4,0.27127769955175696
8637_3,0.2604210313598099
11815_4,0.1823662898498544
9490_10,0.973333168715646
4388_3,0.003338333492402623
11778_10,0.9800334259834987
4988_10,0.9717874538465082
6590_3,0.8801239254199288
4761_7,0.7763028199507291
8828_4,0.346039621224563
10382_3,0.0034741636464018233
3321_1,0.17846948739743396
2550_10,0.8795254752006283
12104_1,0.3592059648089148
6431_1,0.11471386332398487
8829_8,0.20386475243907728
858_7,0.5583299096940035
197_1,0.29408966951020243
3599_7,0.3751633741035245
10808_2,0.003873159678425793
12050_4,0.49114492635096774
6348_1,3.407697250522635e-05
11051_8,0.9380576540753199
11216_4,0.22361277925701403
8360_3,0.07424166855669243
9570_2,0.12048176573370536
8040_4,0.5534429339712347
3664_8,0.991237341787297
10003_8,0.9886791641938065
3763_7,0.27879149190923774
9692_9,0.059884214623679786
4503_1,0.0005553792945151801
10985_2,0.1555784782155321
121_4,0.6836160463826305
5651_10,0.8897269048174682
9416_3,0.0021374855862515943
9128_8,0.9528235509962406
8955_8,0.9487184194464079
8787_4,0.49128929046854136
1622_9,0.5331101899782339
762_3,0.010960635493392514
6915_2,0.06281983408532409
8998_4,0.040378592501427085
8200_10,0.694667811837934
1878_8,0.9249081236066602
5969_10,0.9444478268879136
8000_3,0.34767208606248307
8161_10,0.9984066119954151
9805_4,7.099127555340964e-05
3815_10,0.6023883324947163
3783_3,0.05873341309073851
4924_10,0.7254452879070367
7952_1,0.04447336689823771
4060_8,0.8983678887951965
775_1,0.020367311177721083
696_10,0.9746191672614758
8751_10,0.07100347900298164
6073_10,0.9687805561582247
9982_1,0.06409796959240123
3706_10,0.6616164364108318
5996_8,0.7599024288718338
3107_10,0.94726171192546
8913_8,0.830261687549293
8982_9,0.9673948666164983
8938_3,0.7743127799543728
3008_3,0.026610953011793854
3787_2,0.028262364778756526
6146_9,0.9909735422338055
5664_1,0.09574324254652945
2408_3,0.2330585814830085
6153_2,0.01947512084938975
7023_7,0.8355012361575228
2571_3,1.324246535228248e-05
6808_4,0.00996819216693416
6425_9,0.9993231102762916
11139_4,0.12935527902870947
320_7,0.8819749020400717
3098_1,0.0006208148230269917
5369_10,0.5370734263584399
480_3,0.2367946673249279
7884_9,0.8383232681431115
5247_1,0.0020031339297192836
3192_2,0.02779489544158518
12127_1,0.004833953382005867
1237_7,0.9098041347500299
612_3,0.7062483164699295
6016_7,0.8635665446274896
10490_1,0.00444446818945302
5180_8,0.6081065978456306
3122_4,0.4534328903399486
2845_8,0.9610049212031221
9000_8,0.9571660549766771
448_2,0.2784417034462962
1207_10,0.9778419377228518
11989_8,0.9982134251258264
11102_9,0.9876310785894451
1761_1,0.02146677573307569
9815_3,0.03182259770158954
12023_1,0.2261305978917295
9901_10,0.996473225596261
11740_2,0.6429812518392545
4702_10,0.9862311830018814
4885_3,0.06133174950661734
0_2,0.14177880264388817
2273_2,0.07874712600668135
11340_8,0.845889834708815
12012_4,0.5599670007628732
10534_10,0.8253798205882734
8424_2,0.046426912961910934
8716_3,0.18641582701694814
7154_10,0.9050700328308711
5001_1,0.03607171926081952
6511_3,0.15617678754825495
3308_7,0.722778583153463
2720_2,0.02103274576022442
1183_10,0.9493490407177951
12387_2,0.0025881403870996497
6580_2,0.16450898779325807
4431_9,0.9940189887693333
11828_7,0.7429478819112821
6737_10,0.9849010803770823
7505_4,0.06966027539111834
4798_2,0.4606697269617409
4773_1,0.058848008499091886
6719_3,0.00591028810389312
6475_3,0.10849154909882336
11733_3,0.5678622008621289
9360_7,0.6975676441535981
5571_1,0.0005439545576081172
10316_10,0.7437900126813001
5068_3,0.04770147115613476
11188_8,0.10128354751959381
7291_3,0.5772845126015534
6233_3,0.14539604579070395
11710_1,0.092831114509143
3780_7,0.6466635147752519
3210_10,0.9995795679978091
2885_3,0.27592181587301196
2912_4,0.29986807738507903
3320_4,0.05361499866403438
11275_4,0.423988405224834
8406_1,0.002862154961582894
8275_10,0.7639166666593727
4862_9,0.9671824350443002
11817_2,0.0966841781244425
302_10,0.7594736701583076
11341_1,0.5684756945011814
4626_1,0.00037551110639245857
1030_2,0.07589286160414328
4799_8,0.9698202930711602
4845_1,0.0008785573926817595
3458_1,8.128295722873975e-05
9535_9,0.9929841528796602
6553_10,0.9764529546173961
486_4,0.061036018212147214
11162_7,0.8824290119520097
7689_7,0.4402750873316542
12058_1,0.002891799415338237
3740_1,0.11945123309019506
11656_8,0.1425722204667387
9795_1,0.003969539787245039
1947_1,0.005876093961499924
1468_1,0.034547209135497914
4158_10,0.9567230533897847
5876_1,0.020970177431141927
12084_4,0.13030340645062136
5434_7,0.858171072436631
7984_9,0.47628442098027407
2217_8,0.409139803909187
2300_4,0.035885247252165096
8707_7,0.43729138346162105
3345_10,0.9996822076358453
7375_8,0.9360112541922608
1150_2,0.054015971783735704
8557_10,0.8581842512004765
5590_8,0.9583269301413327
5270_1,0.22639923312218574
10339_4,0.5150562640779331
6789_3,0.5418201772443497
4289_1,0.5742296256604682
693_4,0.7670063851267127
326_1,0.8669887669420175
9786_8,0.9127087769006365
6610_10,0.9686236754995664
11350_9,0.9500301265080224
10907_1,0.30616933468662827
3285_8,0.5507702116335036
10964_4,0.001821729229635669
5411_1,0.02505378857671088
6188_10,0.9394938151173423
7110_3,0.07535801373509916
7355_8,0.2725079290523718
12116_1,0.4028962708287116
1187_1,0.00012542401747952175
12167_7,0.743830667968667
5530_9,0.900346318108329
2829_10,0.034150210153160596
9549_4,0.01702359732329269
8805_10,0.9993670572360609
10265_3,0.12092610253930304
5227_3,0.003393302377299969
8693_10,0.5262995094481414
6331_10,0.9902134600417699
9079_4,0.013563328848328006
7200_1,0.010037809844442766
9322_10,0.9923864566043392
2899_4,0.01678796945443206
6478_10,0.9760264892433573
4659_1,0.014827695488738253
6755_1,0.029314087245093583
10385_10,0.9716326022591456
11861_1,0.0006303565429873107
5483_10,0.9997454556500184
4012_10,0.9972514075658013
7146_9,0.995164651259925
3782_9,0.9170556275475519
12181_4,0.05979019847250351
10663_10,0.792759565051332
4712_1,0.0011308630815797134
11071_10,0.7196439242375157
11171_3,0.07065552916236577
9043_10,0.9866455004990365
9912_10,0.21567736136481183
7306_9,0.6046281682738341
12382_9,0.6195694295351074
11654_9,0.760723514110981
8848_1,0.0005764782421638669
4076_3,0.21009966734352947
8248_3,0.3657110717657362
10011_1,0.02786147104035091
11769_1,0.004765777200313355
4164_9,0.9915287785334153
1831_1,0.003111395812546568
4164_1,0.32896512777996884
318_3,0.0487461006378706
7221_10,0.8744803389755393
10912_8,0.9944794741210656
1321_4,0.6867635473478139
7712_7,0.8068994112256108
2680_4,0.018303228374682963
8374_1,0.04763658937603838
995_7,0.9245646080157043
2009_1,0.016029243810571144
3905_9,0.9628324494735002
3348_3,0.08125712529357973
6466_1,0.021513382117916143
11900_10,0.9783465124515206
1634_7,0.3692307554933412
8245_4,0.18047710404714173
8561_1,0.07122295226132042
2072_2,0.020807211301285985
12060_10,0.9738633505502624
8178_3,0.19550936365214144
8778_1,0.06533876331743055
10489_8,0.9803975908860942
10118_8,0.9573693283871348
3470_8,0.9936090148880561
8014_4,0.9363376912658667
582_10,0.8266774467383327
8984_8,0.5151194481840703
9085_8,0.8888525723247555
8894_2,0.18609651564781204
3762_2,0.07910077328739447
3815_2,0.003441553576330869
5903_9,0.37449322707949706
8907_10,0.9792253377323981
6140_7,0.9553684217727869
9279_4,0.8903437349445015
2948_9,0.995571665147076
10588_10,0.9828052762525272
8239_1,0.10433484579643273
6986_2,0.01330126740273837
5308_3,0.02739292308059906
11984_8,0.48160794667564866
9984_4,0.27535531176904027
11803_8,0.9825931874555996
2925_10,0.8745538640350969
11396_10,0.7025865454318292
8998_7,0.7803886986035947
4511_7,0.9960274505616006
5780_2,0.3774292858665872
9838_4,0.1354849364037253
422_10,0.942245464175386
11389_10,0.6649468868633152
8511_3,0.8218662511400332
2089_10,0.9849177410524295
5818_3,0.06207972454216596
566_9,0.7813140683745174
452_10,0.9897824567188985
4451_9,0.9848376966258243
6105_1,0.18137148129374805
2158_10,0.027219177954616758
10395_2,0.3380125969227695
11291_3,0.00013246003666988755
2408_8,0.9883584054812397
3698_9,0.1388720256160727
6060_2,0.006494250377413545
9509_10,0.888570231732814
7136_10,0.9821254467724488
5557_10,0.9974768476100551
7155_2,0.0024984335161169374
11421_10,0.9659166183247487
3620_4,0.7684048727762991
2176_4,0.6468285081580806
8970_1,0.2301065404746906
11186_10,0.9838196735317543
9604_3,0.1408306396533995
6047_10,0.3308301248270948
4487_9,0.9553703082873195
11880_3,0.02617138500319293
2650_2,0.016508047611137576
5279_1,0.12977583469946577
9289_1,0.09738792037798118
11673_10,0.9677906647077595
6890_2,0.009528103841454211
2668_10,0.8703674204684685
942_1,0.00027515677177406553
264_1,0.19046043571169946
10157_1,0.15882263898893745
791_10,0.9538379720054376
11434_9,0.9296685624086426
5630_2,0.3962346422899774
9392_1,0.0007076577027509383
12471_3,0.39126157296047953
8593_9,0.21962713837395012
10333_10,0.7019323111774005
9146_8,0.8838993865385503
5404_7,0.9275948004265767
7662_9,0.8630135108118182
11068_1,0.1676603586082451
4460_2,0.3107283527213824
5002_10,0.9926250453543739
9269_9,0.9946984276728884
1639_10,0.95683808550705
9045_1,0.35649270098369334
9944_8,0.4759967043459251
4091_4,0.19226230615085468
6889_4,0.7398858889173402
71_9,0.9999048784016263
10173_8,0.9968164539602559
2513_8,0.9156108057806154
7507_1,0.017099523931501253
1235_2,0.11641479562316925
3325_1,0.42053886509573585
4146_7,0.24006737963762173
7286_8,0.8011345916316438
4096_1,0.018819053171976217
3897_7,0.9973284731357364
11240_10,0.997414884865315
4109_1,0.006299876442066501
9566_4,0.10300592093491853
2038_8,0.8683908570887502
6985_7,0.7265081458044486
6967_9,0.9721953574622487
11020_10,0.791304932462829
3291_1,0.0869654376298372
9763_3,0.12915919095994471
1943_7,0.5296372721970881
7599_7,0.7281230249097685
8158_8,0.9859354713558603
4140_3,0.015328286043866672
11840_2,0.0002724540399833991
9675_1,0.006501886361385206
10878_1,0.00016659010182247337
10760_1,0.007504497486572075
260_1,0.0010864227131347753
8188_10,0.9702353815980818
3260_1,0.2493493502697006
6172_9,0.7716412263405665
10021_3,0.19595958759291143
7784_10,0.998997132571539
4066_1,0.061472275320950356
12325_10,0.879457818513367
9894_8,0.9501066571893931
1242_1,0.012558007824304532
2059_1,0.007413983212620344
10686_7,0.8068839678582904
8110_2,0.01232022899189237
8398_7,0.8457920189771913
6096_9,0.1361839928920145
9422_3,0.0961490638782271
2919_4,0.9177286117386951
10248_1,0.0704614953301557
7480_1,0.04726664056479755
3248_8,0.9963860654683147
10264_2,0.012836624605459144
7401_10,0.22668428018499925
10528_1,0.17272515598919527
7623_8,0.08809946490323682
3968_2,0.01277917319190004
10918_4,0.06917227107787638
5146_7,0.957181236185601
12466_4,0.04928844606021907
10395_10,0.12213663052990192
3862_8,0.9854044163677959
2247_1,0.0896006279821354
2979_9,0.9981388642444174
3271_9,0.8876649583199151
5225_1,0.016360417348818303
5662_1,0.49684116182072263
12087_3,0.466725276259042
10765_10,0.9994008879367545
1256_4,0.27129763739039686
2057_1,0.0016858326597350322
2610_7,0.93591366603923
2065_2,0.0005378960514496163
4410_3,0.3205617722849589
6847_10,0.9856962379263923
1927_1,0.36589255601114185
4201_9,0.9555210470871992
2578_8,0.9099563730420522
74_10,0.9726866175444737
8324_10,0.9999903341489896
4762_8,0.15670233980980816
10612_3,0.14970980036260195
11353_10,0.8676466881720918
10709_8,0.7992240301501384
3978_7,0.47943394454372534
954_4,0.23469174692920897
2493_10,0.5850106822020602
8293_7,0.8386002883955518
9454_1,0.08736914644548265
8982_1,0.22903114365730223
5201_3,0.31011684948085966
9758_1,0.0024117096207795035
5999_8,0.5940235313539132
11000_1,3.835726531838657e-05
647_1,0.23341026738210774
7345_9,0.9962069837037684
5105_3,0.19026640951630738
9488_4,0.09221333258218999
11810_10,0.7467596252859335
5343_8,0.5823814189970323
1671_7,0.9172915704472828
6414_2,0.29394228779865234
3749_8,0.9644534229805153
2310_2,0.034211067655491804
8460_2,0.0007406128786671533
12305_1,0.01320532894756444
11672_1,3.909159251361811e-05
11726_10,0.714601053802719
11659_2,0.6191573046794637
8684_2,0.10939104702134449
6546_10,0.972687196592454
1980_8,0.977874270609957
3113_10,0.8813428904788116
8440_1,0.004532769756101906
7473_7,0.9159831663783571
726_7,0.6056053735642043
11165_10,0.991405702590861
9830_2,0.21496963361694443
6409_10,0.9769626006961447
11455_3,0.27346974005107394
993_3,0.17986659645060618
3186_1,0.0437636872902163
11631_4,0.0066701929654294995
3225_1,0.01652328019773382
4442_1,0.001947471256901504
6775_9,0.9766586542460771
230_7,0.6541154413689559
5971_4,0.594661505685361
763_10,0.9912375748345443
9943_10,0.9869243333196266
10098_9,0.7331637136859788
7219_10,0.6616850968352703
6348_8,0.41340904901283676
5774_10,0.9184055523307921
1842_4,0.5071856795786909
3544_8,0.8974454526076229
5661_10,0.8542520561256879
8698_1,0.09388835998846824
7576_1,0.010292674158229329
584_3,0.22912728450567063
9963_8,0.9458801024737454
11653_8,0.9734567719273632
4269_1,0.0002602648190701905
728_1,0.04464018330088135
7118_2,0.0018908011695534935
6305_4,0.8945437484197489
5970_4,0.40352082743299894
4729_1,0.09087292628850376
7638_10,0.5234898739366936
2709_10,0.890951216572396
1461_7,0.3836188116495032
5302_10,0.9624487100770361
3589_10,0.9995997487841014
3897_4,0.646591740469618
9883_1,0.037612966386363494
9903_4,0.00555892656557889
9789_1,0.1634060144182916
2971_4,0.2895777498664682
5015_7,0.9949064998109253
9215_1,0.2929252795760608
8553_2,0.04441480216697196
5671_3,0.09399728340576556
748_7,0.9292964256434291
8222_10,0.9970159318341149
9336_3,0.39680692989155575
1585_1,0.23861743372403796
10634_8,0.9047403850590696
4549_8,0.9946263726731902
7014_10,0.8908711589484956
2412_10,0.89682552992055
5779_10,0.7054471032394788
11949_4,0.15618073812944727
6879_8,0.8961619663451671
4432_2,0.32259855365900447
5825_10,0.8498420824154375
10422_9,0.6348506085806677
4575_10,0.9880716299561804
11520_1,0.01025104578779947
6612_1,0.592774671994388
4206_7,0.9561045391520232
1611_10,0.882642933596443
8170_10,0.992332239918792
96_1,0.0028720006694871944
715_10,0.6660479941519891
10032_8,0.8384600140019629
2585_1,0.2985196441919664
7477_3,0.5627317785095016
2778_10,0.9955006192992563
6807_1,0.8701804673648763
6378_1,0.5814545983486815
1752_10,0.9451793241401657
2305_8,0.9658221766715887
7423_3,0.022699706334099855
496_9,0.9999886567466092
10829_1,0.00025040999273746146
7012_9,0.5842719999202732
7701_7,0.9555451111105155
6858_8,0.9974446559904075
2723_4,0.13444778359359777
5720_1,0.06971347669836407
1531_9,0.743608716424124
3052_8,0.9293589285883525
2728_7,0.6422396928861892
2275_4,0.03220576249937001
11211_1,0.6552140155060623
4603_3,0.8867815507108929
2273_9,0.9995142375439878
11662_2,0.2286696806631541
4887_3,0.1045579729818507
8155_9,0.9861315440846855
2373_4,0.7100763957931137
1754_1,0.035748385001508634
12247_9,0.9440827838633729
10327_1,0.0006523445037449478
8968_3,0.27564182329610964
370_8,0.982062275278659
559_10,0.9377920444885312
8273_3,0.03469838954144357
8125_2,0.1602912569874723
8666_9,0.787558297704632
4827_7,0.7329101804271657
9737_10,0.9741274469161898
5604_8,0.4458685564642977
8331_10,0.9791407715905649
886_2,0.04598199722576768
4413_7,0.6302553994293648
4116_7,0.9643692547465672
3675_1,0.09571844836654263
496_3,0.50318474147082
8837_4,0.6153659816810798
3099_2,0.2272517009336327
5518_4,0.6985119248546765
6953_9,0.9707312415174771
1240_9,0.705064345069812
8614_1,0.09975897756058386
1628_8,0.3757395799987213
1673_3,0.12737765273365065
10806_8,0.9806736530085804
780_9,0.7977196871335785
6957_8,0.9889303645346436
10903_8,0.962616542818657
9908_7,0.5367098756284915
4696_9,0.8671860630980048
3816_7,0.4820622401914802
489_9,0.9999073982232284
2254_1,0.17516136966109877
122_8,0.7475045458706575
3171_8,0.9020767914378852
54_3,0.3406388660783249
8826_4,0.6300741569716243
7686_1,0.005556506449338069
10875_3,0.003903921033459602
4858_10,0.815174358232052
1268_8,0.7398340883763258
3497_10,0.922388202961904
6527_1,0.04480720116430983
1345_9,0.9136893630891211
10092_4,0.469290948371743
11571_9,0.9635033993527552
2899_10,0.9748526676069112
5381_10,0.9937088447997555
8722_1,0.013190687056459227
10521_10,0.9098198896029391
296_9,0.9620195144747499
6184_1,0.1867803163524795
6657_10,0.9303727954987754
5972_9,0.8806086976615448
8599_7,0.28206067141199215
6125_1,0.08709918711101454
5834_2,0.07845302593739896
12479_9,0.8127161559822196
3253_2,0.09119659244483838
4986_9,0.9347400448979455
6439_7,0.9303075978267721
9659_8,0.9798474551576821
3375_3,0.06252007150392758
3155_10,0.9498224074044508
3478_9,0.9075403126921677
6251_1,6.87925297458165e-06
6281_1,2.8809003547471854e-05
4669_8,0.9325269699902925
2843_2,0.015103851951102282
8137_8,0.8232091779498334
9390_10,0.8759241300540971
11401_3,0.050111424327086505
1455_4,0.1894061483232127
8418_9,0.9638236456729644
7064_4,0.2424802273738254
7467_4,0.17829583858991815
12492_10,0.9629775939773624
1969_4,0.21946940157346295
5388_8,0.443460227220935
3287_2,0.02825190828355011
3493_1,0.1741986289415619
11682_8,0.7804845009346487
7860_3,0.7720670371515743
5507_4,0.055003261647225285
11741_10,0.8972022564124077
8041_8,0.9733476849300324
3525_7,0.8904335172534692
12256_9,0.9622956155407492
1559_10,0.9868981057373905
5477_9,0.9748032380674587
736_2,0.062101870960569606
29_10,0.9997220409232581
12257_7,0.8429954175889021
11184_3,0.03714956868376234
5323_4,0.0066536065196236074
11315_3,0.8725038089163758
1400_4,0.32338152858507896
7978_3,0.009351319523079311
6543_10,0.6837316636724623
2120_10,0.9630833039190834
3033_10,0.9943515996875912
4096_7,0.9710573817193919
10945_1,0.21749026820852127
10726_7,0.9694920661441947
10568_10,0.9994595806910891
8966_8,0.9813767504328298
12274_4,0.004930269888379358
10560_4,0.4952490523049845
12352_8,0.5345560235698059
5860_1,0.009065641823656791
11828_1,0.021241059317464096
10752_7,0.902694664838157
6501_4,0.29773239668869544
561_1,0.05692737407922154
6796_1,0.13765837553502586
2626_4,0.7331167601412798
9089_3,0.02144736636847506
10921_10,0.9890030514291573
6969_10,0.8470378802583746
1039_1,0.0016689548896970394
9561_2,0.047347237437052485
2651_10,0.9106880729149388
8929_7,0.6429763993304748
6434_2,0.2517007665668523
3954_1,0.008753350966341908
12408_10,0.6546788737549116
9230_8,0.7523655802304938
6626_1,0.078355265864943
1913_2,0.6911251535387147
9277_10,0.910343146811249
8177_8,0.5846487716615427
7174_2,0.5245340331827033
10000_7,0.9793920003621496
849_1,0.04116794126269317
9768_1,0.09271890289582893
2852_7,0.8676107574667395
7872_10,0.9985136341463067
7331_7,0.7818542997672792
9716_8,0.8515671618442808
5672_1,0.4611006263763583
11305_7,0.3808497576553408
4750_2,0.1828429482654951
3606_7,0.9055547659512878
10329_1,0.001533447664424795
4407_8,0.9648754651157484
4298_8,0.9824148455438223
1526_3,0.4542097415650747
1177_8,0.8406005075180883
8366_3,0.008421718794948945
1848_9,0.9936227448821502
9689_1,0.00016230180447018413
4883_7,0.7455356157599722
10485_10,0.9826446573497161
10851_9,0.932976109352179
1550_7,0.9503806778045815
5088_7,0.8430904905612352
7420_7,0.9678432765006258
8306_4,0.49832768507694225
7474_9,0.24904172193862997
5297_10,0.9956586712324221
9105_1,0.0017535520186133322
4806_8,0.9836546873631209
11659_10,0.811643173318377
5491_4,0.8890717511399203
4175_1,0.003527646692023854
8726_1,0.0005352211624696341
9049_4,0.00786603616739786
3266_10,0.8353789725405529
1396_1,0.14444676583462507
8364_4,0.9276106745633891
3945_2,0.022022510022918305
196_4,0.12465360543895
279_1,0.041727500119335535
12203_2,0.00012755064401743127
8613_8,0.7198086742643257
3839_10,0.9991218474192929
2780_7,0.29155564566949943
10493_10,0.9787513551024626
6866_9,0.9872630705774703
4044_10,0.9228341183757571
2435_1,0.0038416260387090784
1976_4,0.7398252106988565
8649_3,0.0034724703547619317
7299_1,0.007033838608067667
6018_2,0.0042121916105834585
9729_8,0.972440146835968
3154_10,0.9329274941588153
950_1,0.02470011374825995
1409_4,0.0795821600440526
5175_10,0.9998574479140975
9722_4,0.06868148799764091
4077_2,0.05432903143843598
7067_1,0.031843225291538046
10984_10,0.9533598328196387
7117_1,0.002216674643000674
2121_10,0.9847151698981421
1386_10,0.7640307939227787
12236_10,0.840759354491079
11844_1,0.07796238124832308
8085_9,0.9226448514830848
333_3,0.04509853110508747
6522_3,0.28169591970514896
249_7,0.785138045726415
1199_1,0.0006942629973601154
499_8,0.8092728204593698
10033_1,0.0019491108389119633
7699_9,0.9667870492471266
4829_7,0.45424689338335533
665_1,0.009975789610463524
6743_8,0.38011888937617383
10153_10,0.5260489756812152
4757_2,0.08859433421199409
6942_10,0.9713623714076954
3895_7,0.6386390653699665
11128_1,0.013774275303830347
4404_3,0.33845733903093617
10811_1,0.010008935256052799
1165_7,0.9335052251637369
10907_8,0.843033110650465
1859_10,0.9751813724259877
5836_10,0.8060951502633412
10158_2,0.11085711589025803
899_3,0.22410163489976379
8631_1,0.8754527696181192
7153_8,0.8163521197239245
847_2,0.06076327553461967
4418_10,0.9987994717225476
12320_10,0.8826128770284851
11242_8,0.7198865429625186
7046_7,0.9032207067496301
1819_10,0.9854138534589091
1651_10,0.8741489795633715
8280_10,0.9999947235149006
2062_9,0.9823573241255802
4781_8,0.9870554494740231
10314_1,0.24481417041188355
1934_1,0.00788928457429381
12230_7,0.4111389274113106
6689_9,0.9977541802614921
987_4,0.27159555353276915
9881_2,0.24814331956405664
4571_7,0.694385637835016
569_4,0.23185474463869435
11392_3,0.17746189262230444
10716_2,0.002392498055849786
7643_3,0.2687750391052616
7429_8,0.9812845039295023
11315_7,0.4647705385944681
3097_9,0.5374402321332842
10398_1,0.05539503045974386
6299_8,0.7664905904161832
5951_2,0.12122380482878017
8930_8,0.8703614508056687
1852_4,0.013205743297364458
2857_7,0.45692951510660845
4544_9,0.6831395291996386
9492_10,0.312380378893577
1947_8,0.889624704709065
9178_2,0.4685756746669819
6290_3,0.004956890642965068
6313_8,0.8547869249782896
6975_8,0.9543719374087255
12258_10,0.9385927826959655
3970_10,0.5978652702848036
8096_7,0.9488581685450603
10872_3,0.0035204711141034926
3660_1,0.05169444085143665
7958_10,0.9981771019362116
652_1,0.0012974471996570354
10331_1,0.001465915377888079
2368_4,0.07545405013256193
12367_1,0.014921170481197479
12125_3,0.3278208912986465
5785_8,0.6662390102993171
5213_10,0.27296294704312607
6334_8,0.9226671814076193
8005_4,0.2604228246259395
8405_7,0.9499620769859008
4629_2,0.1532994584450731
9342_8,0.9198460457366887
11634_3,0.08996100432246563
2878_2,0.5781695290159437
6195_1,0.175842590344456
6994_8,0.7004987445579017
12170_3,0.05761001787928641
7384_1,0.002999634998226094
1047_8,0.9388669743673177
669_2,0.18692479330815384
2976_1,0.11729497219960898
4718_1,0.01647802879423708
1203_1,0.001233525978623572
9113_10,0.9545686068789868
2928_1,0.5513881092601346
10734_8,0.7080517403757933
6469_7,0.6433012396594674
2896_3,0.18953340957153603
12061_8,0.9543127364040651
240_9,0.9386229291335357
8580_1,0.21112873683610653
1961_1,0.9235010840101671
6145_1,0.0027222460792954975
11028_4,0.6848588198678155
7664_1,3.608960892463968e-06
3022_1,0.6832348910216266
7893_8,0.2680106350517055
1149_8,0.904785057471993
8301_8,0.9168262296318851
8210_10,0.9423773625117222
9949_8,0.5848257012264103
2961_4,0.04008669151710456
9796_10,0.9631861177869256
4397_7,0.9724992088716499
2936_3,0.8209404543253275
11382_10,0.9176685295163237
11671_1,0.131431579627751
10864_1,0.003971738496313391
11253_4,0.15116238059473733
4692_3,0.26393293382427957
11905_2,0.6524641467476006
12066_1,0.17037305537829112
789_8,0.5580805359634661
7700_8,0.10864416743339336
7697_7,0.8946680119363773
8628_4,0.15220092171982227
5719_2,0.12050639656455668
4761_2,0.00518778276754125
8777_1,0.0051527325351899125
3525_1,0.12227413474646756
11990_4,0.3514466601487959
432_10,0.9637296101627748
4115_3,0.057226160155348205
10888_10,0.8267861623955383
6995_2,0.38232937963931085
11910_10,0.8614408369095071
8895_1,0.016361094818542747
12149_10,0.9179455857113709
11782_8,0.01893693209827389
12139_7,0.5408007420022637
380_2,0.6245208671260883
5242_10,0.5474930495921779
3542_9,0.9343362248009689
6821_1,0.39886089837546107
6931_1,0.0008444723397118939
5958_9,0.8273760554794617
5332_2,0.011424893425166746
2630_2,0.024312850454320738
6387_7,0.014924993719028752
7899_8,0.9225957355440703
11017_3,0.006660694327087001
11800_10,0.905190831256139
10926_10,0.9248227226753405
9866_10,0.6822493604590252
3203_2,0.030240289401926655
11276_4,0.2619381350045685
8342_2,0.6800925247774019
6167_10,0.5123886700944852
36_3,0.0014466605872475817
3340_1,0.019859541740551788
3997_9,0.9799858872997199
2627_10,0.9931219677124888
4204_1,0.012200679284149423
1018_4,0.1853391603038869
10951_1,0.004806434225938203
5315_4,0.30485961265045713
6301_7,0.9047875860765965
12038_10,0.9878755815891722
3164_10,0.1903458672541503
10989_8,0.9977663674695602
2449_9,0.8327089687962032
4375_1,0.006425616773927565
7037_3,0.12062289420957283
33_7,0.7094095580561772
7457_10,0.8085002971536247
2082_3,0.07971426338218814
1316_10,0.9712048287281898
9097_3,0.20199354101287048
5804_10,0.9275618799477704
9411_1,0.01223602849265894
118_10,0.8918945311838363
560_3,0.31216917700597185
8914_9,0.10861530680789475
2745_4,0.33825294172419124
2607_1,0.03908983632552795
4405_4,0.8894989457080803
10451_1,0.2970804489944084
1887_7,0.7730158847486499
725_2,0.1193800501850803
5118_4,0.0055719442618199395
9536_1,0.008121807037184394
127_3,0.01989265758028385
2833_8,0.9750935272618505
131_7,0.9317085745339936
7789_10,0.9570494804179339
6294_7,0.7791548638898735
3872_4,0.19962348866899038
5454_7,0.934212869120749
11162_1,0.0024062025365283964
1685_1,0.013066342908088715
8352_2,0.04917447771347306
5003_1,0.006432750085547918
262_9,0.8687771214897885
8233_8,0.7126931051660801
1814_10,0.998809604436707
1967_10,0.12155804443597946
7545_10,0.9497410411435732
12386_2,0.06627125045893427
9531_9,0.8874943790705742
3013_1,0.04934986311680421
6835_10,0.9709410961801004
1279_3,0.6111259301324677
2411_1,0.044193901361155155
9537_1,5.9038619985051436e-05
3446_10,0.9897675793037173
656_4,0.12180299953103588
7085_1,0.0028112536989855713
8355_1,0.387918462987153
1869_3,0.25966083588733313
2317_2,0.020617947195935033
11228_4,0.36187558824141813
3987_8,0.9990139983041162
509_3,0.031342416893651616
5168_8,0.989473495613643
9267_10,0.9996078541674417
912_10,0.9896579899519258
10275_9,0.9687966355069971
2855_10,0.2957024267784728
6079_4,0.36240723390584334
2728_1,0.012748639356782788
9895_4,0.4883534990674108
8230_7,0.9276461708322488
5152_4,0.6940444375478043
4137_8,0.9998243091499428
919_10,0.7292362829501355
1481_1,0.13998102647462551
2468_1,0.0102793466172731
383_1,0.0017068498236998983
11552_4,0.00018049062621669845
856_7,0.8035332701323645
9047_1,0.023850937500236095
2300_9,0.77077438891173
1346_7,0.9159284255228658
6316_4,0.7199614729841058
7983_10,0.9521866163444914
9685_10,0.34469557775722504
2745_10,0.6982535952694635
8149_1,0.49445948663665057
9478_1,0.014076659231682428
3126_3,0.2996754541288794
11629_10,0.8776751930550665
5858_8,0.782629336951287
200_8,0.9392993796174947
7721_4,0.6163816551250954
12334_8,0.8499716964356202
9582_4,0.18346453753070824
5696_9,0.816376283400746
3823_3,0.2025286403615271
11571_4,0.9146090336233039
1349_9,0.6833562838672121
4306_7,0.9979646031625139
6924_1,0.07588164334157053
10639_10,0.08062367700926258
5674_1,0.05249540802152412
11321_1,0.01621736602746605
771_4,0.15723763590004458
3519_1,0.009272695782104249
2378_2,0.08570745327513622
5677_10,0.9808496393585796
2807_4,0.7203431685613224
10165_9,0.9454550019954312
6940_1,0.03773383894619013
11015_3,0.27447605222746335
1055_3,0.30463608676805154
11055_9,0.9815439115213155
8173_1,0.5760926905288867
10743_1,0.29504901456581023
11927_3,0.4770519781146662
8785_4,0.8803949039650865
10995_1,3.454417597701659e-05
11899_1,0.011912201026552648
10078_10,0.9355852138451642
11831_8,0.7716716378591437
8182_1,0.4733940815978783
9664_2,0.0310234558940545
12229_9,0.9996367300715322
6076_2,0.06912455357176
8529_2,0.08146579609121693
4686_1,0.013590885589821348
8174_9,0.9955716416813483
7395_4,0.5631229675137138
1803_10,0.9994288385655421
2508_1,0.0006002646643324223
452_2,0.01606920108875736
8830_4,0.4025240142325185
3240_4,0.8969630569466536
578_2,0.6705074670204898
3093_2,0.004355466803629672
9543_1,0.0005108618918557196
9065_4,0.09142539193516423
534_4,0.18484023101597524
9762_2,0.41236382957419243
3037_1,0.05347862311600535
4632_7,0.7408150843202934
5064_8,0.6571160052405676
9962_10,0.9681040646800992
9340_10,0.9417017435451106
5881_1,0.01503673473841407
4642_10,0.9982619692233987
5293_4,0.23471894315158462
6721_1,0.0060942158219800474
9869_7,0.8401008780873315
7070_10,0.9733901235518193
12486_9,0.9583608125291823
4943_9,0.9575803084695212
7939_10,0.39002828950795876
5786_3,0.2343794532986514
10357_7,0.29279565195871826
7147_10,0.9955319238000245
8627_10,0.9382174556206551
3370_1,0.15768523043696056
4117_10,0.9859530975017188
8178_7,0.9859580009245833
968_8,0.9996609312255951
5931_8,0.8492648826453011
6459_2,0.0012757460539234977
2480_3,0.07852874624995933
5511_10,0.504138869744835
7554_2,0.011632186040579133
9276_8,0.959939397495061
140_2,0.061148860635789934
2776_10,0.9798131566248894
3690_1,0.8035267503651795
6369_2,0.51393681411639
7438_10,0.9999651597794519
872_9,0.6710545710688011
2389_2,0.22667707977103657
2882_3,0.9300380719590987
10404_9,0.9330409669686652
5790_4,0.5042242902229045
2382_7,0.9899159725060717
7798_1,0.006719437147909301
272_1,0.04091034248971684
298_1,0.00624735594095014
11414_7,0.3701763148842074
9255_4,0.6576219507905564
5914_4,0.19818205480026396
2974_7,0.7837686936484557
6739_7,0.9197194637214581
1229_7,0.5271238576558869
2268_10,0.9770854997797859
2352_7,0.6315442869041572
9329_10,0.9990649909293041
11380_10,0.5426338971719109
215_4,0.021971002951666797
9915_2,0.012425317722832025
541_1,0.01848062958142546
10975_2,0.14444343021397998
6946_9,0.8697536178468718
3286_7,0.8352014938420862
7482_10,0.5102516619409166
48_4,0.7660583902561156
10046_4,0.41387529308535176
6295_1,0.006181331161663284
6417_4,0.11407964467265078
2401_4,0.0341326291466825
8608_1,0.21242593054150083
3500_8,0.6002583978755791
11903_3,0.022258684259149283
4012_2,0.5868853283220428
11415_4,0.6011813524489801
5835_4,0.02827985901039565
9039_4,0.38591097017494785
6526_1,0.38601222464255774
6379_8,0.799281354895751
6136_10,0.6671355134714996
6094_4,0.11576901801858505
11608_9,0.35933534557507735
3745_3,0.05725464341148206
10694_1,0.01076618186692539
3222_10,0.921692110566678
3394_4,0.034317417558473964
7790_10,0.9558283323868555
2982_10,0.9877712037139248
12253_3,0.981341059511302
5900_1,0.9584406749952952
3398_4,0.7329218404322811
10038_7,0.36692969901485667
1520_8,0.8328815611373757
11756_2,0.19141586237635208
6228_1,0.033664202777371206
6226_7,0.8615217741193475
4377_10,0.7207303058341283
9730_1,0.016325333216818498
11088_4,0.9696061199553364
7867_10,0.9880069518326673
5072_1,0.7086833487394387
7935_3,0.19327170231849516
4536_3,0.4040455089408635
6989_2,0.011271302543026947
8101_8,0.9648922619237681
3364_7,0.7503181193046169
7862_1,0.012953098352807913
8562_2,0.031236462722206367
9783_9,0.9647292497122313
7272_1,0.0282073188605416
1025_3,0.1530013068325032
9432_7,0.9044165560989007
4153_8,0.9978298205135913
8528_1,0.002806931560712746
8427_4,0.6557768190275058
5417_1,0.01998454381145839
6575_1,0.18175647409194753
10041_8,0.9470218884405488
7589_4,0.349338407338318
10391_9,0.26738350935004696
1400_7,0.5886085943888637
9428_2,0.6396466321401796
7106_3,0.0550169130090395
5695_10,0.9715632905311508
6430_10,0.9593676532181505
11722_4,0.06607103147914611
11328_1,0.000512750710532281
9020_3,0.10798979237424862
183_10,0.9938196341860248
6674_10,0.9755567110518779
5495_10,0.8235694155379957
2237_7,0.343369486556691
11943_7,0.9143605908614154
5872_10,0.522327144532634
5043_9,0.6016915542845093
3869_1,0.07389683442537232
5113_4,0.832256249295609
4671_3,0.015962590004060345
9220_4,0.7086363724576134
7330_1,0.0012509789371931257
5344_3,2.9645139787973333e-05
11965_1,0.04715750702314099
7620_9,0.9367333075278454
7044_10,0.24136207353204833
6296_10,0.7601901169169397
8204_1,0.021804727535416107
7661_9,0.5235209834311122
11708_2,0.01644408448825026
2415_7,0.9522727351266701
7840_4,0.03523118023883201
2628_10,0.9930679178014044
4633_3,0.03475859492186313
7320_2,0.0278497418457959
11755_1,0.056405222341087385
2589_2,0.1490690110538787
5044_10,0.9995056287396006
5189_1,0.0007990693735617147
7926_7,0.9491098737768131
2454_10,0.9662332859549799
3368_1,0.01028532071669098
12223_7,0.8407796176524472
7348_1,0.003899713629957289
12007_8,0.8709665289577
5501_7,0.9618917581024629
4025_8,0.9992671652628173
6447_10,0.8233419009462929
5438_3,0.02129724139945222
7910_10,0.6390008786846075
377_1,0.06341531559312166
409_8,0.9898990461900323
2150_9,0.940215566480548
11986_2,0.23105945364420363
2544_2,0.2818784366863658
5141_10,0.9981844793520801
8305_3,0.971218281142767
8329_10,0.9464946027815674
2333_8,0.6470697943864888
5171_4,0.027513451347537608
5412_10,0.9975211182241019
1081_10,0.9408171681505907
10773_7,0.9929435403489336
1969_10,0.887997552450743
8276_10,0.8727069729546651
1244_1,0.15599608896297265
7113_2,0.6860533659354358
9535_2,0.10025616068438649
4627_7,0.9300796620421662
10757_4,0.16565557410438125
10091_10,0.9425703895651533
5211_10,0.42567577242977683
7510_7,0.2075024855346966
11674_10,0.9678489749181225
5299_8,0.9533358075804944
3515_8,0.512376056173096
10143_3,0.03824792726891693
2274_10,0.6850043141187588
2372_3,0.5975017916283105
3116_8,0.978782393505634
7340_3,0.011989928516870002
1394_9,0.977904007512689
2047_9,0.16441286966416008
8587_2,0.8699454034599343
11579_10,0.8636981387322012
942_10,0.9918293636687802
9355_4,0.30805629285524594
8812_10,0.7666477249787614
4732_2,0.0003896489118148684
3180_10,0.9306216405278928
310_9,0.5431405172732732
3980_8,0.7714474709838433
6923_2,0.40946344399936374
2424_9,0.7331965416184286
1092_4,0.1711367035792214
9238_7,0.7821151538033393
2382_2,0.00243439733456131
3579_1,0.00013990813343342883
6801_8,0.954449459512402
3768_8,0.8445882161668866
11717_10,0.9613944226369707
10001_9,0.9444634019512071
355_10,0.9663657523038229
8896_1,0.102663863416166
9772_1,0.07346145004941151
7624_10,0.01689274767489483
1102_3,0.012955854815242572
10949_9,0.9639857457028013
1269_10,0.48068549703773616
11768_4,0.017237919214596692
5555_4,0.3399993143391427
2233_9,0.5759435174698389
6567_8,0.8082488111036124
12130_8,0.9980491353455232
8587_7,0.9796639851707808
10973_1,0.17597897756413225
3863_10,0.9725655553258589
9220_8,0.38602282858477877
7579_10,0.9972221314320121
4411_10,0.6504637805809647
2093_8,0.9479310429362741
10883_10,0.8514735613899953
3583_3,0.008822588862695114
1396_8,0.7284639996487863
1930_3,0.22357772839432605
8779_1,0.2946573180112788
12478_9,0.956065950474433
176_9,0.8769482159106584
11733_10,0.9128753960955719
11368_1,0.002882358203360344
4077_8,0.9612347354733382
11056_7,0.8605807442951344
5567_3,0.08353800164087868
8549_3,0.4844435214156722
9743_1,0.10128546840741082
6916_9,0.992075890696061
6147_1,0.9916275182796379
7820_7,0.9601076835199843
1352_7,0.9293843161595462
5337_10,0.9900109760376011
12285_3,0.00704735214194872
8992_2,0.09897261013944779
4644_2,0.029758995007999025
9793_10,0.44756113978762324
2359_10,0.27220168003501305
2137_9,0.990172139851052
10559_3,0.28707817714763967
2679_3,0.0898098544435562
10010_2,0.1958588993129652
11987_10,0.33809940975302594
8824_10,0.9848887984735717
11418_7,0.8861452994605674
2423_9,0.9455449056567538
1576_7,0.618814013301239
7947_4,0.645883523570083
1714_10,0.3555877434929367
6006_8,0.9769327176074238
939_8,0.8098857970571315
3755_4,0.05228378726337548
3213_3,0.32779953873004963
164_2,0.06697722692556536
1123_10,0.7998997339738724
7397_7,0.11240093425598725
822_1,0.0006022283406265048
5631_2,0.09267452724420877
10464_10,0.945491557067891
11397_10,0.8918075765034301
10679_3,0.0588623787932916
8205_1,0.05656401508332547
6947_10,0.6755919112253552
2000_1,0.0001862262518376275
4075_7,0.8941023045433031
1388_8,0.5217015569406412
446_1,0.01526312718268902
1063_2,0.0056906565391612735
6030_3,0.07995468625663858
5613_2,0.024915438990155095
8759_3,0.6822468247637201
12169_1,0.008306569036004005
5111_4,0.46421093550852166
2891_4,0.5612508617655201
827_1,0.31321682328742717
6229_8,0.8843985465019604
2212_4,0.08044534728883616
4788_9,0.9952439387509263
8859_1,0.015874059168841343
9798_10,0.8574197791818549
9763_9,0.5069873093332634
3889_7,0.8367106867883211
3275_8,0.04643385158790008
5106_10,0.9602087544305831
7576_10,0.9692730553857983
9405_3,0.1295188478612272
7108_1,0.03805161764968576
9794_10,0.9876562521607813
2653_10,0.9098766368638431
10545_10,0.6992279120234451
12306_10,0.6331579158871425
4696_2,0.0011811612963807997
7982_10,0.9922412673409888
11066_3,0.5182256011182235
10034_1,0.053230365847302716
6035_3,0.024592595526307857
9518_9,0.799521823484202
1266_8,0.6971710615992748
11336_9,0.6213386732318307
4159_10,0.9355568486931509
9375_8,0.9556997786832766
5204_1,0.005696287596351099
3360_10,0.9584562849320548
5659_1,0.6789777950166325
8839_4,0.4648975876392048
4529_7,0.6406731854621486
3283_2,0.46939599277169536
5376_7,0.7420088741804161
5379_8,0.9977013429521686
5266_4,0.21801887100409756
7463_9,0.49024736215191617
3595_1,0.10154284768807675
3141_10,0.932380485406946
9986_2,0.5079430898144539
4279_1,0.2310385243816261
1427_4,0.20829879741782634
8357_10,0.8636377563478018
715_4,0.8834258142722092
8482_9,0.9581418663802721
3091_10,0.8877827021593797
5735_7,0.6527039267118044
3100_4,0.02404736018718303
11447_8,0.4466101486420356
4577_1,0.37762270992514346
10287_10,0.6148075839314645
3384_3,0.004681794537540978
3820_9,0.8208423958859216
8883_3,0.049063663096006536
11279_10,0.9368110422649802
3093_8,0.8010840304789222
10465_3,0.020186142510201822
4423_10,0.9950436666395849
601_3,0.00828712188496013
1902_10,0.9544802203294702
1509_8,0.48316105818615224
3019_9,0.8795973547531338
11994_9,0.9316664709583952
4246_2,0.4705331873870663
842_10,0.9900632284648405
4917_8,0.7453328030213116
68_1,0.40057643547786753
6613_2,0.04021284730151691
7230_10,0.901702587779167
6183_4,0.15360890094367524
338_10,0.7552857634344177
6182_8,0.7952119317527284
2409_1,0.0013319385940538597
9965_8,0.9561692965356533
1336_10,0.792906297413232
4456_2,0.04791356612175682
12437_8,0.9526329368300447
8437_10,0.6371707187591201
409_4,0.08655098536428467
2303_10,0.8026116177350905
2144_9,0.6473036955002234
2302_8,0.9254746879564524
385_9,0.5413963608465173
3617_8,0.9140483944473698
5450_7,0.7849401682273114
6882_4,0.007505342201170944
2980_4,0.7023035433568235
9828_4,0.12734122190133823
10745_8,0.828979805063813
3478_1,0.005288505849663173
2167_2,0.0576416481464336
5562_2,0.017932719596589035
8771_7,0.4695775363648374
8372_10,0.9883672889902321
10749_8,0.845185340030867
7394_10,0.8012200652941345
3711_7,0.9373954383011647
5375_1,0.11045220578371669
7881_7,0.9709844050607179
7023_2,0.018576506242698392
206_10,0.985131066014114
4760_9,0.9399705423844967
12026_1,0.013394602463542507
12182_10,0.695631949107726
1821_8,0.9925898246938437
10828_1,0.04742255791491005
2446_10,0.685167638405837
5327_10,0.7553463336859906
5727_3,0.0018852525088966668
11460_4,0.27014521871595865
6484_10,0.9527450519237223
3555_4,0.2645903697936414
10641_8,0.9921009006083334
650_3,0.49204664038367757
1467_10,0.8193169010484666
7651_3,0.04629090478998491
11459_4,0.18616034073455992
9255_10,0.7101412129206036
7888_10,0.9108656273431799
4118_2,0.06318072585816373
2540_9,0.5130316066984315
2152_7,0.6251762095680997
2614_10,0.19474214968120812
2892_10,0.9013935599234222
3878_1,0.002918382310069714
273_10,0.810249013829073
5565_10,0.7676296618091005
444_10,0.9991658507718322
11062_10,0.7376067635848355
5184_1,0.13746699660439854
12140_3,0.19576155894035718
3254_8,0.7184141625596309
11537_7,0.17522373625903986
7606_10,0.9688170322566184
6120_2,0.04517170435111556
7416_10,0.9955700672431052
10759_3,0.9481888942615513
12255_9,0.996579260803207
1114_10,0.9848324085613344
6827_8,0.7989781412047415
10246_2,0.04295223283809774
204_9,0.7507538779293607
5816_10,0.9983812304876495
2693_9,0.6930486488793992
2578_2,0.13149536530827602
4958_3,0.29736057257055276
7873_10,0.9802957255714156
8795_2,0.05590048124282435
1431_3,0.00742310543657834
11635_7,0.23951289141281915
1327_3,0.00185731776802437
10813_7,0.8596486772304317
9764_4,0.2559471426209173
5861_8,0.46385126467912374
8995_3,0.21858518327051013
2243_1,0.007248432427782399
11708_7,0.8448507557907038
1998_2,0.03104570073319003
11887_8,0.972521235338654
4836_10,0.5391241311623006
1603_4,0.048789292212187654
9860_4,0.867172089658834
1728_1,0.3760170784927498
12108_1,0.6236272898762405
9756_4,0.8193567654660038
1325_3,0.3974910318471305
5174_1,0.1542592060771183
9917_2,0.4481022000402347
6101_1,0.08786476349469691
2010_10,0.993344794678891
1132_8,0.48002442731096334
8516_1,0.35936529060050815
3563_1,0.06679198089282792
2362_10,0.8768778497076489
10971_1,0.1878058092177861
8672_9,0.9670424545201108
2863_2,0.09621949095370085
2750_1,0.08472777188158222
8599_4,0.013469207885930345
12115_7,0.9784988759693989
4921_2,0.0002350857611500695
2975_2,0.02665683311544182
4245_8,0.9965458500269436
10778_10,0.9940182108446494
7816_7,0.6247448559178169
9131_1,0.41828173151454956
5541_3,0.010091032061304421
7956_1,0.3523630782183862
780_3,0.7269323085135637
1052_10,0.9220435512809947
6842_8,0.9951890190123023
8279_10,0.9999912643717837
9653_3,0.2965897764303216
3025_1,0.008612852122024822
1174_1,0.20724149597277236
1039_10,0.9261374537745246
4609_10,0.9878027701571453
2150_1,0.14569778795234478
6289_7,0.044613305779002285
2963_2,0.00040794266430153626
8801_1,0.6227647174822579
5196_7,0.9687008839772231
5723_2,0.06971193482487845
10530_10,0.9928137183977356
9473_1,0.05174911105080825
3355_3,1.466115614799453e-05
5388_3,0.34625007485459336
12102_2,0.0004090534092219001
11038_10,0.9603942260810342
9672_1,0.03671833928602206
6875_8,0.6104438140983044
4754_8,0.8725607069278283
6814_3,0.8935495796845502
8937_3,0.2242387196358798
7077_4,0.47043369897359577
1782_1,0.00040031096981025307
631_4,0.3895459273841737
7876_1,0.00017512745244649094
74_4,0.2920947873432498
2846_9,0.12302763778933916
4190_1,0.042544470744418805
7843_4,0.44262085111244354
7528_7,0.10149948274365687
2396_8,0.7906616274242223
790_1,6.471477589315817e-05
2020_7,0.9853970749210395
2526_1,0.006530429541170151
8104_8,0.8461375244486609
12372_2,0.005708592260261044
417_1,0.09812887199923248
1318_2,0.04172577812222798
4530_1,0.07105416076079145
2370_4,0.8339066267042557
1886_10,0.9797077008068222
9386_1,0.05127289461156117
7863_1,0.0014994580142624577
3864_10,0.9888252312600855
6559_2,0.0007181393663167116
7855_7,0.9815684841030805
1672_1,0.27707718481020366
8453_2,0.691791208263648
8373_3,0.2678714850850966
9770_10,0.9831291207598574
12009_1,0.017956980861823783
2770_3,0.028331941657189982
4618_7,0.8354898405984282
9797_10,0.8768453614391034
6605_1,0.5887104280869779
10176_1,0.009790418352406977
8949_10,0.9698619347199409
5401_7,0.45065610945232565
3295_7,0.9910377742718668
4791_1,0.010191533111974292
4016_1,0.22430362890149508
4314_10,0.36149106073399434
2903_1,0.21770256826323614
3835_9,0.7260030246828788
7532_1,0.013278185414417753
729_10,0.5456089647200535
5753_1,0.3994501677620135
11976_2,0.002471520267874331
3027_1,0.16602996856036986
9721_9,0.9910219662976785
11295_3,0.3097775660172641
3241_1,0.028869065507891357
5389_9,0.9877506646494013
9889_1,0.21115286631964567
3522_4,0.002310525884265403
10865_8,0.9816154640143903
1015_8,0.8457272330811747
5048_10,0.886547886554441
2671_2,0.03233442773377016
2841_4,0.1475223316996754
4928_1,0.1407448262766216
10499_1,0.09690128132829116
9409_10,0.9414813667857773
974_10,0.3208795260408144
11582_7,0.916999601889402
9988_10,0.9539039154997916
3463_8,0.9118764073891885
5194_1,0.5824761332822683
3377_4,0.21946940157346295
4352_1,0.46808518347920064
10862_1,0.010774709224133207
1545_7,0.8347475396336921
9801_10,0.9556861193518617
1905_2,0.015329180467250401
12276_9,0.9750247406958238
7544_1,0.009437033903866764
10056_1,0.28152048143336583
3623_1,0.08031042187638263
4013_7,0.8065098312861595
1294_4,0.14555668481444495
10285_9,0.9706864679687258
7793_10,0.9932063856530562
3809_9,0.9993068315557575
4586_3,0.04274769267811766
7511_1,0.6535939764742517
10873_4,0.022555755066611533
4888_8,0.770974954557783
4349_10,0.6871555092875742
1531_3,0.1963095579029665
8884_3,0.01733326080120851
7336_3,0.47111642326541403
9688_10,0.9309455717006059
7208_1,0.009934117488145678
4355_8,0.916914717153267
6098_2,0.0033430411502831346
9106_10,0.6495264254171895
6422_1,0.0029251770504379296
2054_9,0.8663057965040122
550_8,0.8067462472319116
402_8,0.7745015611165685
11832_10,0.9999086428796115
10256_10,0.9834967740372433
6131_1,0.007729269891166239
11907_4,0.49230822804345686
4459_4,0.4168527918835336
8555_7,0.8629455032200722
5079_2,0.013057139825716069
10304_2,0.03320068005529462
10489_1,0.001134886090389605
566_3,0.29952399471433305
1999_1,0.014667546242638302
590_1,0.06625537265890782
11159_1,0.09519656585532418
10612_9,0.8668815278526186
10810_2,0.1991841147224762
11658_4,0.06073587414007311
1950_9,0.8024032064352897
8977_4,0.1688819236760974
9040_1,0.06916591295230791
2891_10,0.5823080119517089
2966_10,0.9861296170862955
8665_4,0.30934454654418875
6600_1,0.000172484560841307
9308_1,0.5710034524750986
7870_10,0.9862381799842223
10511_1,0.03968207745496703
7235_8,0.9034178922422692
132_9,0.9990126194046929
1575_8,0.8295090533559444
3328_8,0.9988078742314694
3273_1,0.020477919271203602
9475_4,0.05951250851352464
10938_7,0.3042453032696478
8143_7,0.8455803162658627
9003_10,0.7179850999382509
9854_10,0.99021480377912
9932_2,0.005011059686957978
1017_7,0.7714883455553433
4386_9,0.9568035002489975
1105_3,0.2427165054324956
7315_7,0.5786838928766127
37_9,0.9882867479982707
8409_10,0.5965903543690584
12118_1,0.25619002932418933
1665_8,0.984385021982412
10284_1,0.004948097644663107
8922_3,0.09065688182278439
2524_2,0.12590936425718324
11205_2,0.0010744994915873646
4676_8,0.996205167814837
10479_4,0.508839549961819
9849_8,0.6908268359992169
4841_3,0.9133004344017587
9153_9,0.8747772726027336
9279_8,0.9432075417439335
11008_10,0.9903555197909885
614_10,0.9999816064070781
167_2,0.01783049220223497
2041_1,0.000450734538163995
6509_8,0.7349037452258905
9832_7,0.2843397113623739
5939_7,0.393296152919366
3267_3,0.02361105482071931
3555_9,0.9183602694383725
1668_7,0.7073260755789201
11048_1,0.023468583269719814
1856_3,0.08308096727353782
4426_10,0.9974612922437623
8457_3,0.7091701599546886
6603_10,0.7748628881809293
4738_1,0.00488807075600226
11762_8,0.9889696004831053
2078_10,0.9838476781144556
6754_1,0.0318852934435228
11721_2,0.037078101103547256
11558_3,0.7263818473155396
973_10,0.08862268436301506
814_4,0.0017105170838810678
2102_3,0.024905149132810302
11394_4,0.895054433699859
312_4,0.03192911231996278
2994_1,0.022137229348787556
5649_7,0.666688488585488
7281_8,0.7650199840268823
2756_4,0.005718339696369511
2137_1,0.023134309183128882
8696_2,0.02072169355838084
1158_3,0.5676667535271331
4531_1,0.01726798258562245
10047_10,0.9985506501134784
683_7,0.8338736156844905
8645_10,0.9334250782800165
889_3,0.06199717819458915
4202_2,0.00022491776568942255
3859_10,0.8097909517340737
5038_8,0.9906348717511325
6906_9,0.9679435012273779
4154_8,0.935722299472642
9548_1,0.04473562537044515
4434_9,0.929948367247674
9235_9,0.2247663468975514
2368_8,0.6412284678220657
8391_2,0.000961519708270699
1391_7,0.6914147068160167
4317_1,0.06203696611155107
8345_4,0.2189203658001806
8610_1,0.012067100285831234
2888_10,0.9812217041019895
5597_3,0.012146233243031993
4900_7,0.5379815737039043
3016_2,0.18368314304363031
1057_2,0.4790914668228778
5143_8,0.881121645310887
6932_2,0.473564140365036
7879_10,0.9897915747557369
9300_3,0.08773980847338689
12142_2,0.14476986227122787
3426_3,0.25211375815640036
7977_7,0.18041844103091473
1573_3,0.40645275361382965
336_10,0.9995620651438143
4248_10,0.9068638705245969
9693_7,0.3057513747455561
7753_4,0.12854135449666138
2290_10,0.9564702627475004
9156_8,0.9533467894861828
5526_4,0.06449933545109926
3896_8,0.3452317338529218
8520_7,0.4856638612889396
3566_4,0.19812200921094084
6386_7,0.9804884590444054
4201_1,0.9980532836101959
372_9,0.9903235202269485
6768_8,0.9830036649621425
9177_8,0.8274200619089805
1079_1,0.12189027327473441
934_10,0.9734435792717306
11918_2,0.08410314052532968
4867_4,0.02823398842031144
12449_8,0.9709690838481996
7907_10,0.9590734625739016
4508_3,0.020663935211566065
1075_2,0.5083999271932278
11466_8,0.5262959425762334
10935_2,0.2085240024929031
4826_9,0.3643405334783867
4814_7,0.7372790884327213
8676_4,0.5111500107026605
1058_1,0.003372814371142096
7831_2,0.019849064074166214
1150_9,0.9979162187718348
5395_1,0.080860417933727
5435_7,0.8783665028209247
1745_1,0.03044230592457149
11278_4,0.542171166087212
8629_1,0.6934116670302074
3145_9,0.9068025048115433
8108_10,0.9165076435942481
6377_1,0.4690654217348442
10298_1,0.023714535462497868
12265_1,0.18327128965408082
11930_8,0.3807618447141683
2511_10,0.9895049945437631
7955_1,0.11030779314417163
2335_9,0.7988784125149497
3194_10,0.7622191952035966
6724_10,0.6098874248926329
9406_1,0.3287216009765531
11369_1,0.03426614583754392
1972_4,6.48795510591855e-05
6900_8,0.8765451791948197
7813_7,0.6196382982316897
785_7,0.7891628538488894
6368_3,0.00896232901985288
2163_1,0.007206943922971794
11487_8,0.9464997606333853
4292_7,0.6247101965030892
7451_4,0.5095977515837449
11465_2,0.005426973359353221
7641_8,0.8626328179370064
8250_8,0.27684179282890053
4490_1,0.18960807852969247
10452_1,0.09464976242184484
7442_3,0.12775487764831386
3027_9,0.9399079822372602
235_7,0.9924467046564814
3750_7,0.905096767449142
8700_1,0.005546777631298855
3584_10,0.32456844809716967
7217_7,0.9446070735906029
7769_10,0.9900290449212203
10149_9,0.9396369130880102
7607_2,0.0179414517469779
7749_1,0.01737005410922605
12067_1,0.003988970838294195
388_10,0.9639363753895643
6596_1,0.014537886849693748
10242_2,0.03404687621916191
3853_1,4.79968656971354e-05
5726_4,0.04043140524649845
9031_9,0.17079316929908173
1543_7,0.9180129138587254
1442_8,0.9626033124029376
6336_10,0.8434269895070681
5929_4,0.5979660265474324
3378_3,0.3806761460316555
183_4,0.3288043749954317
3518_9,0.9849019491552045
5870_8,0.9421593445951026
5053_4,0.02122637000678301
7330_7,0.892609336965744
9553_9,0.5001592005577951
9552_10,0.7360007234732235
8515_10,0.28265525937910696
1666_9,0.9709471841252992
6661_3,0.24660771200525758
8721_1,0.017406034976441966
1368_1,0.08186961321536672
5076_9,0.4771527087251237
12353_2,0.1291791559835035
1099_7,0.9825282564256859
8669_9,0.7292333611173717
2564_8,0.8966759284921724
4369_10,0.973346108427574
11951_4,0.4535434361300974
11384_3,0.7441729337986713
7459_3,0.17230026406151014
6776_9,0.2241394315909154
6673_3,0.015428113423355136
2500_8,0.9808738712095975
8739_3,0.019781337863944346
3828_1,0.005300271018109166
7945_2,0.5530653093118376
7934_10,0.9850881831291417
4571_1,0.06766993384677551
11689_7,0.5981856762322708
3681_10,0.9228877164309089
5110_4,0.40921505127536195
5953_8,0.5256228998495428
10906_4,0.012651452719035484
3424_8,0.9368621151499829
6492_7,0.9210008915043228
10450_1,0.08903374582038642
4856_8,0.04364468666709038
12019_1,0.1372689744545283
1390_8,0.9596039170731665
6452_4,0.1933131222206866
4916_4,0.03978659779095963
3979_3,0.000297581374475979
6023_3,0.11152029140025323
5762_1,0.0040915266606694435
4176_9,0.9808984412443912
7194_2,0.019800039269799986
3143_7,0.4864393443034576
954_8,0.9302220625461481
5291_1,0.03162220240623805
2258_1,0.6428286776224105
5412_1,0.0016814227663407635
4088_3,0.0788494560616203
4312_1,0.12703867010035608
517_1,0.006498162831985066
5601_1,0.006732163963426241
288_1,0.6725879974200348
234_3,0.03118762896056483
6665_8,0.9912896270024761
6957_3,0.006109347265525818
4454_2,0.20878325346185547
3270_8,0.941982832210578
4500_3,0.08357066215788998
7551_1,0.013604076702826779
9033_4,0.08849353833003756
2619_10,0.7692569507294466
10093_10,0.9091660187486462
5483_2,0.07198210977882122
8383_1,0.00251808810844208
11683_1,0.2659344013012904
10649_1,0.11328544206613245
181_3,0.7448795508407703
3668_2,0.04695527445316549
3769_1,0.07328836630242895
11519_3,0.7412105828191234
5716_10,0.7701981807912162
10918_8,0.997341546815117
3103_1,5.5896026979757385e-05
7210_10,0.983775499977392
2515_8,0.7749859719188973
8424_9,0.4212935046747164
1404_10,0.9998504824809905
3158_10,0.9577588086632953
4996_2,0.01800450070027376
5493_3,0.033921587233273945
8540_9,0.6267873860562444
8960_8,0.9640629061467904
11274_3,0.019532124696817785
11067_10,0.9897341927294039
3335_2,0.4263162241325335
6578_4,0.023590085536389197
916_10,0.9413434735156873
3844_1,0.005171007690351456
7108_8,0.15354785479550037
565_2,0.7411382370960184
11622_3,0.030819992123342705
10700_1,0.0012831463966032186
10483_1,0.05480071168983572
8951_9,0.7052680590748855
6326_8,0.9827480128225724
3035_8,0.8160491936719828
2292_10,0.917046601161978
11013_4,0.10972821574128083
10618_1,0.07122685802200526
11544_1,0.04054482596842026
7550_10,0.8685130048003061
289_8,0.9738302761790726
6571_10,0.9358033494684681
6056_10,0.5722050241231575
10814_1,0.0032023462777558817
9377_1,0.0016381355711909973
1577_8,0.24905848927933844
9268_9,0.9976566537623821
10116_10,0.9943702360753746
7411_10,0.9438247658419147
12279_4,0.9099206929642186
3575_1,0.22066410366492173
8105_8,0.9942280203311894
6092_10,0.9990957356128742
12406_1,0.10019172302422341
1117_2,0.0007263046782674091
12358_7,0.9337953379650463
4469_9,0.884276809908127
7055_2,0.027719217811700912
10412_8,0.909520563646307
12155_10,0.7916725104812984
11222_3,0.0032759461509720106
9622_9,0.7776872485885625
8992_8,0.9849019441936763
5305_3,0.015051587654865443
8111_10,0.9997303768474495
3436_1,0.00012435389113021886
2748_8,0.9773153347206543
6527_10,0.9148633507717745
672_8,0.948551952542816
8172_4,0.5604912384781938
5513_10,0.7263300416258556
741_7,0.33616953692103607
8886_7,0.7943707587880655
6939_1,0.001895806014642478
12235_1,0.016393206852317058
10607_1,0.0035063657314571527
4708_10,0.2528121734418286
9034_10,0.9991799510180334
6600_10,0.9638090245622674
2934_1,0.11785401206434315
12168_10,0.9494709565342705
9362_9,0.5749120351699184
9627_8,0.9369553985223148
9547_8,0.018909223183115553
4108_2,8.647719613218962e-05
10293_9,0.7695551708736229
10105_8,0.7559447530737724
11864_7,0.9607988379270418
2843_7,0.05828140841905073
836_9,0.6367524261431723
6201_1,0.002918762572468483
8192_4,0.9769121129724031
2596_1,0.09880785074672048
6847_3,0.6145763580641371
8794_1,0.04787112305417888
7281_4,0.03868114605365577
9678_2,0.5344040044799971
10950_3,0.5194369281163175
5845_4,0.051374640180899496
6187_10,0.9085973890680821
4684_9,0.20850039973909193
10852_1,0.27639481704429897
11542_3,0.0864233593029619
5385_1,0.02721650126482198
9597_3,0.45016972584489273
8975_3,0.47039836645800365
10766_3,0.6766027961277041
4236_8,0.8703480390022895
118_1,0.00022460672031765903
7278_7,0.8117155028345577
11069_7,0.9883180539814874
1002_3,0.10631352779032896
4210_7,0.9940858979013971
8514_10,0.8852090714163222
9676_1,0.018223949541870385
11826_10,0.932784254194239
8216_8,0.8775814882566091
575_4,0.06605430418657099
3867_8,0.5412939072238213
321_10,0.9917788519772861
1654_1,0.37934627446611835
973_4,0.48977743873405827
8796_3,0.02249013434750622
145_1,0.00018040282572784292
2649_2,0.00011539615690016179
2432_2,0.0042901959513539385
5713_10,0.9994566917104039
6851_1,0.9544396665182403
3523_7,0.8828889733850268
9862_9,0.7650314897968952
8888_9,0.6212200047176464
12343_1,0.004310040304298148
2298_9,0.9922291288652948
7129_1,0.0033519000193956024
12163_7,0.7068521508910068
1090_1,0.03472175219256291
8249_7,0.931945613665422
3716_7,0.9538351767025686
8095_4,0.052406917372738684
9739_8,0.6736442649365936
7041_1,0.17088434895989926
7673_10,0.9934444004054185
210_4,0.07944654794212812
283_8,0.6557401947178414
12361_9,0.9891398710724558
9254_10,0.9885249617640048
5598_1,0.000162489721904195
128_10,0.9840749818386297
11557_7,0.8129048412069034
10232_10,0.9847893623215193
10747_7,0.9942167202000232
9984_9,0.9943739360556204
9618_1,0.020815230179949407
7976_10,0.957477654150842
5788_10,0.7671843992676065
7378_4,0.41648459447619723
2047_3,0.1400864939166085
10053_10,0.9888417239045525
8399_4,0.6931189266103049
7925_10,0.9588098444793588
6830_9,0.2114435504909836
2530_9,0.9404621395543982
9521_1,0.6312713313830522
784_10,0.9939126863181468
10417_7,0.9591268756987363
2198_9,0.9720120856887482
8219_8,0.4755692953431174
6896_4,0.6648841440591221
5341_7,0.9868805578980689
2386_9,0.9380982010664581
2323_8,0.4698534135053838
9028_2,0.37529848384246434
6983_7,0.6618656159642287
9885_7,0.9805239197431647
11720_1,0.08249028827455657
8409_3,0.5317174970552543
5797_7,0.9341107540492422
7729_9,0.9830495091669718
10591_10,0.9998272583355089
9593_9,0.9760353486940209
6364_4,7.153394057028145e-06
7215_3,0.08260387986662368
3653_2,0.03862493889426881
4533_8,0.30301495407400103
10899_8,0.8446280945268376
8312_10,0.6903356891451013
9543_10,0.8363916120511228
5608_8,0.556880284829582
1432_10,0.5824513480902936
5562_9,0.5814245991712602
12171_9,0.5441968752742066
4428_10,0.9999999257674992
2062_2,0.3744715138872827
8468_8,0.5824815223182093
827_8,0.659959067921609
11539_3,0.018603000104613868
4215_3,0.0005618208456675638
11310_3,0.18944618918601516
4525_1,0.03341183234169995
2093_1,0.011071847747197933
11238_4,0.6264218943159626
5523_8,0.38904308892882905
9848_9,0.9880314740994143
10000_4,0.05524219518035274
10304_7,0.9846841759749823
511_3,0.08643610568811866
1807_7,0.7122941512971346
9080_7,0.733331116219232
1808_9,0.4330147482382212
6283_8,0.8518918525107335
5913_1,0.006005953830085713
685_1,0.2146495813630038
9505_8,0.6160333394931369
7152_1,0.17049244040446676
11292_1,0.0003283133171888172
8334_10,0.8534259500382501
11476_1,0.00797301708007467
3431_10,0.7977732554474167
4019_1,0.2147729930888107
7292_3,0.37923652668914337
1990_7,0.8582262780346829
1574_1,0.01850483017263628
5516_8,0.9490800088442908
4687_10,0.983103442024731
11493_2,0.01968226935372761
771_9,0.8973837456189887
8864_1,0.011049263748556165
3001_7,0.9146239222566611
423_2,0.010372459840120038
5062_7,0.3657065975735388
5198_1,0.011850993731285892
7303_1,0.016328850567999754
7433_2,0.4546560951181171
3085_7,0.6408969963160359
3293_9,0.9763333294501471
12426_7,0.5159370063515869
5775_3,0.16181301486427763
7358_1,0.006289897200353529
3851_2,0.03764796401770042
4785_10,0.8820750120965837
9650_4,0.09475262948744718
553_9,0.9703028946112252
401_10,0.9404932948717641
11522_8,0.9999847127042071
5222_7,0.9328293942677262
5042_7,0.7297528434337922
2638_7,0.0431646434141979
11883_10,0.99011887651237
11476_10,0.9795780355849502
4999_10,0.9800705660783717
10360_1,0.050047810263976755
3443_9,0.9938747107882987
1138_1,0.502719285952502
1898_10,0.740195331796531
6069_3,0.009971437448610699
12101_2,0.0015901354664936075
1953_10,0.5690957148248208
8679_10,0.9941287827853634
10348_10,0.47008929017083423
2208_3,0.1223061397087245
3886_8,0.96019163877996
3734_2,0.8184666034605601
1330_10,0.8847942202140163
4639_3,0.01611934285516612
6837_7,0.18332187642544898
6520_8,0.9809233473336231
653_10,0.9291128546491937
5373_1,0.5427262759260074
8074_10,0.9466071940726131
3906_8,0.9646977756291963
9264_1,0.10592886866328333
2160_2,0.2861441612822932
624_3,0.9279903128799535
3899_1,0.39300107016352753
2181_7,0.3101180805135595
7932_4,0.4796728007676705
8278_1,0.39884539127969443
7162_9,0.9464824056828721
185_4,0.11154550288101474
1997_8,0.9456531764816223
7295_9,0.5264331468784901
1083_3,0.08682744609001554
4678_2,0.021149231232351833
4859_10,0.40564638383188917
9091_8,0.985064770029702
397_3,0.012646408113270563
11157_9,0.38900285106996124
11261_10,0.4086179121042767
10828_9,0.9475771878913585
2452_7,0.7830482303096167
10268_7,0.9759558158449353
10306_1,0.16046388785135124
18_8,0.9812455010717025
7998_10,0.9059273198817184
8574_10,0.9938736529686528
2953_10,0.8788916567502698
8996_9,0.9789248067671895
7389_9,0.9990992454144623
202_4,0.15567669423761626
5612_4,0.2655344278693787
9916_8,0.2198757316066581
7606_1,0.003016128751346214
1585_8,0.4735451083768124
11803_2,0.10726911284295437
236_10,0.9697041096481392
7827_4,0.3478327060555897
5423_2,0.13813063211922497
3625_1,0.08246412639736454
9887_9,0.9829856330046741
3429_8,0.9572878707647412
372_2,0.009406252204580901
1228_4,0.15325638388019402
7891_10,0.6655019229271649
4387_1,0.0006720714481647399
6067_1,0.17478360840868987
7822_1,0.0074045871392258026
10898_2,0.001222588513664654
512_2,0.047673575101110074
647_9,0.08327507094892013
5361_4,0.07039058075905207
8583_4,0.0005577153035998319
2858_2,0.33735174496744547
4920_10,0.9933259020758102
6857_2,0.004768744470153309
925_2,0.05774078213083191
2959_3,0.6736642324883607
11481_10,0.214791192558199
10824_1,0.4474178963330016
1577_4,0.15689981463605893
2231_7,0.3258836517731758
11545_3,0.7347821030702572
1539_2,0.017681890487981917
9657_4,0.010302760654851114
10362_7,0.7732677523637488
11131_2,0.021034328561475607
9833_7,0.8844732563029902
8495_10,0.9471495289280649
11781_2,0.6539751012972939
1056_8,0.9416056247553214
9402_1,0.012049979317566831
6212_1,0.00427627172337322
3151_1,0.026672103422162124
5921_3,0.03174881159851789
2198_4,0.16036280366052225
269_2,0.057542717260490345
11464_8,0.9645701778540655
30_4,0.2711358626171207
5300_1,0.0005330511931117139
2277_3,0.006156465575908636
10410_10,0.673099780209347
5233_1,0.24001587062954047
4336_10,0.7288175982904089
3084_10,0.793668531810143
2908_8,0.9351589743579813
2814_4,0.5722111372363342
8347_10,0.9882411046754397
2319_1,0.02043780914395027
16_1,0.5324329581814703
821_10,0.9736567393912866
2793_10,0.767661508584108
9909_9,0.19682995987525626
6934_3,0.7935556735349416
9138_1,0.03670690208582477
702_1,0.1687365383257202
3886_3,0.5262836337158343
8311_8,0.8933803034314077
9199_1,0.6329372258249043
1254_10,0.9945675394835387
6590_7,0.10901762215583523
3040_8,0.9884024103023744
849_7,0.8434882216087993
7555_10,0.9996539420625388
9668_3,0.42932000429305456
10942_7,0.027505783952318008
11343_2,0.7167011216252679
7906_10,0.8188189027932083
11671_10,0.9793271653132052
126_4,0.21220608675322683
9623_8,0.9924042745848349
2872_3,0.033751271192446274
11895_10,0.9944854500135971
3245_1,0.05535074424570131
6145_8,0.988067591607159
1022_10,0.9731791961338287
6261_1,0.03456029821700684
6888_3,0.30467700604795844
12443_1,0.015843862779648724
7433_10,0.8887796799138244
6512_7,0.12042359515043004
4161_9,0.6842152308456184
6745_7,0.7837563819421778
1993_10,0.5336873947656617
6325_3,0.19476966928750333
12484_9,0.825500484366261
2204_10,0.9986566493640221
8065_7,0.9240537714753987
1705_7,0.8787203324878304
9370_1,0.0199364061630725
6150_1,0.3922695639402278
3587_10,0.9925622307828533
1906_1,0.16298272588708348
5706_4,0.2327709592984602
3854_9,0.9285472727555524
9655_3,0.3189290667467756
6736_2,0.23017422416611333
2096_9,0.7360964817394658
2846_2,0.15996686578906708
11849_1,0.07058821853205778
5224_1,0.04538591046360306
2987_8,0.3904069157803785
11058_8,0.7692772421540824
2917_3,0.1833034564594092
459_9,0.5319248257171527
9418_7,0.9847462360393151
5803_2,0.06430981833381769
6742_10,0.8593152541611736
2268_4,0.10370563846339902
6832_7,0.29693558167994655
4834_7,0.831913644610832
9532_1,0.7677915153729467
8197_8,0.6931161863029864
7728_1,0.06720046046903849
1958_2,0.030600875114162932
5380_8,0.4640336538337842
4896_2,0.04950122763315567
9529_2,0.15076900884283867
3322_7,0.4009198003774949
7629_4,0.8515700057031155
9962_4,0.176332193513816
9277_4,0.014100112820468049
1071_2,0.028589183270833898
8266_2,0.48645560559280604
6812_8,0.1463782153531598
3196_7,0.4068205896343269
3430_2,0.003429769894718418
6052_10,0.8071254810699728
221_3,0.0032123897089275893
3244_1,0.19822135679070738
4846_1,0.10787444777994659
2876_7,0.42643594182867073
4247_4,0.05671450411953048
11608_1,0.08754205389702596
564_4,0.5997150491284807
1978_2,0.39610410574817817
4089_10,0.8761695944467014
1633_8,0.7732806756205456
8983_4,0.6959582802647556
10909_7,0.9416903373131602
8135_8,0.5672669504962123
12238_1,0.0066707627007240216
9564_3,0.051626965543341376
10174_9,0.6097550450857533
1690_9,0.9950386273704186
4756_8,0.9589414885662342
10718_10,0.9767826381923636
3489_7,0.717067631027797
2124_1,8.588587921383206e-06
3842_3,0.024114220549848332
2700_4,0.02584483615995282
5960_8,0.9799295636058973
6193_1,0.8346675274207201
6719_7,0.2946988312389971
7922_8,0.7414061462477816
12132_8,0.626994320056238
10169_8,0.9946713291727525
1486_4,0.22607390874388497
8455_1,0.07333858941823011
10019_1,0.0017388129989230696
7028_10,0.968865155113874
787_9,0.9832111173470172
2414_4,0.1182303468933151
7182_7,0.30546863070435915
5548_9,0.4093001303244071
3963_7,0.47734537513008707
1584_7,0.6365162283383028
6825_3,0.7164576385045266
6588_3,0.2585179690443672
10573_3,0.4714186059114072
6693_10,0.9779355363558988
5541_7,0.6139615887134251
12053_9,0.9941050142729055
3662_9,0.9756624891401807
6829_10,0.9882429741735158
285_10,0.9736384673283967
1270_4,0.7916507433559158
4320_10,0.4083754484321407
1333_3,0.06563026107582376
6618_1,0.10866129213545846
10119_1,0.17225116599787976
2886_1,0.21308686277826183
8811_7,0.8666765463936889
11087_9,0.9945759233478938
3436_8,0.7770296434139033
10479_10,0.9451650437974546
8365_9,0.9702913956094866
12140_8,0.862660853843223
6981_7,0.47695545716135396
10447_2,0.019303783129744314
10352_1,0.024106661941360335
943_8,0.8754734200465746
513_1,0.02181361677859919
11192_1,0.08108048555383801
587_3,0.19251556143015455
3420_10,0.987547775893686
10030_7,0.5767663394848919
3026_10,0.6637520793957562
3145_1,0.3889108993555377
2230_9,0.4922341707937095
5193_1,0.06326026288072083
11337_8,0.9671932664441462
3601_9,0.9987677418920045
3628_10,0.6756716562749453
4952_10,0.9473997355756353
1775_10,0.3832562091194135
8141_4,0.16982372295738055
572_3,0.5263439601788776
6732_3,0.001963598134779783
4274_4,0.1403109850295066
5892_3,0.8476243648063252
7035_10,0.9965315030944688
5354_4,0.07748339032772733
4264_4,0.08883281456934272
8151_9,0.9943774535131709
376_2,0.12652023303013957
5352_1,0.012583191126481597
1365_8,0.8786956614534788
8272_10,0.9713797439581477
6942_4,0.21477764741837316
9067_4,0.5822268307174525
11428_1,0.03263657288104945
7308_3,0.1373419248808684
8349_10,0.9157662380560795
11336_4,0.6057846536506839
551_9,0.9653944738653345
4721_10,0.9600519445661433
4862_1,0.2974043025067535
5469_4,0.11541745952297208
3834_10,0.99563805486959
4717_10,0.9937717884216564
4202_9,0.9778638045046998
5335_4,0.8922884025710375
7587_8,0.8781683036965545
10827_4,0.22659330218075655
3432_1,0.028954110081617822
6110_4,0.8834595215228405
5618_7,0.8593132071297716
11808_1,0.0740272077693191
9293_4,0.37944930541648
2163_8,0.9020314447275634
4802_1,0.11845814129169761
5476_7,0.9777788364203812
9991_1,0.013769786941628531
2681_10,0.948234582845796
11728_2,0.9321027495531203
1466_8,0.9424097858468294
4853_7,0.8583167659387789
3668_9,0.8945481553082297
5334_7,0.910264659310142
12017_8,0.8794046463986731
2046_9,0.9755173426292745
2652_7,0.8651503662483037
2250_8,0.791823247326563
2253_1,0.024507444431560808
9733_10,0.8391016659792735
3_4,0.926559613892085
6129_8,0.28319256644365065
6858_3,0.29842809907944834
371_8,0.96627671684903
1111_3,0.08763335755770298
12330_1,0.03528257390142809
3219_1,0.003371056189039895
11372_9,0.9103534619393133
1434_4,0.052847774727209064
8232_7,0.9063435515990679
7883_1,0.005370341185524648
9151_2,0.6580441119390946
10574_3,0.05404975867730205
9376_8,0.9659107016876365
7737_1,0.4807367785806463
7410_8,0.9788204482357347
10488_7,0.8963536741190462
5906_10,0.843255895349434
5308_10,0.9527257848762681
11266_2,0.018186371938599195
7627_1,0.056406113926194094
218_3,0.054242113407543965
9031_2,0.03235727253127002
3427_10,0.9747833788178524
8532_3,0.02895198442477465
6588_9,0.9335423697466176
9744_1,0.00827058843382837
3061_1,0.04466519260773723
11668_9,0.9226687458421519
9331_1,0.03242675285795958
238_9,0.8733820217212757
10593_8,0.06451764753863211
4441_9,0.8702877810310733
3717_3,0.025347323619972682
5618_4,0.03386685108961754
4353_10,0.9463037829558841
1268_2,0.0864402351744887
5178_3,0.5000358988349165
2991_1,0.03818566920139387
9976_9,0.9754497828817654
7891_1,0.015137954704657647
445_3,0.1092456592047978
11158_7,0.7039904272935701
10328_1,0.008844725297236873
9137_9,0.9371623649951613
7399_2,0.10806173980012519
1187_7,0.8950637470358368
10642_1,0.005767691972686959
3939_3,0.10024728337696887
5310_9,0.8871773969538499
2087_9,0.7468738152387474
57_4,0.012518776287388476
4645_10,0.9941975929765152
1734_4,0.09708741036820367
8924_1,6.1036874910229e-05
4418_3,0.007076090993250147
9403_1,0.04738279747049442
12065_10,0.9973945037926423
6763_3,0.4140599732716341
3882_8,0.6758271868780542
7286_3,0.16167325219613457
9259_9,0.9672865764182981
5134_3,0.01808415139236375
10166_4,0.6357116117251723
8362_3,0.4977213848194338
9701_4,0.404563080935168
4227_7,0.918945098173987
8483_10,0.9619143350533793
6002_3,0.001886738912653557
5815_9,0.6556732901616864
9385_10,0.2571359200931203
11047_1,0.028452295330268818
6306_1,0.24310740370377912
9141_2,0.06596192405098304
4594_1,0.1067983988107872
10471_4,0.11343913571648305
48_9,0.9930792304950405
8133_8,0.824975437505445
8493_1,0.036159850683736935
3425_8,0.21987155752910578
5731_9,0.9985329880160465
4373_10,0.9417306733757994
4366_10,0.5608815154714821
6123_10,0.7213817879599524
1430_3,0.003929709538996228
508_7,0.571341551195229
11600_10,0.9688728577919092
11767_8,0.9505960925756519
1597_1,0.005909752970552637
7257_8,0.7792062794388958
244_2,0.0013317463122904335
116_4,0.3346505639025487
7856_10,0.6139829772001365
7640_9,0.9673550543748036
10956_8,0.9763474677461615
11002_3,0.03811806387051702
11666_10,0.9314154851572031
7683_4,0.9224706832578002
10846_4,0.00860181435387749
1317_2,0.2958396134144875
5_7,0.946102612497291
8526_2,0.0192604256935114
1526_7,0.8429194299720778
3144_9,0.8167629200639662
241_7,0.9551625264126379
8953_1,0.004262985773911144
5919_8,0.9879322269146359
7983_4,0.26860718823152635
5222_2,0.0027498187953460115
1662_1,0.03755559817985659
5830_10,0.8869675755982449
859_1,0.3889138232458507
10761_8,0.4537637131089299
12037_7,0.7839290242629868
2629_10,0.9930792222333318
1019_10,0.9818593867610592
11270_10,0.10659760349128254
620_8,0.9614777963438378
6718_10,0.5745439559973372
1402_8,0.8416771371209371
6804_1,0.06384203637284391
11743_1,0.1451343182719298
3117_10,0.7856751929389937
7441_9,0.8907695899649832
4553_2,0.12817636644124747
5182_10,0.9817487327349885
81_9,0.3581242586078124
8343_10,0.8117050585205082
2030_1,0.000441819693566975
7866_7,0.850673491647515
11132_1,0.15637486113085375
879_3,0.09613036750094327
6547_10,0.9913738486471799
11166_4,0.15406575077324963
7427_1,0.011351809785522249
5848_4,0.3998997763012233
10734_2,0.05396865626110407
11263_10,0.9996280433299969
9761_7,0.8895420808391671
7582_10,0.9578479123802901
3849_1,0.0004904718759213132
8242_10,0.932818855229541
309_10,0.9296591441290369
5492_1,0.019877844571263126
4294_2,0.8928690712536037
7222_7,0.11585255182943062
3365_1,0.0009197652988865158
11084_7,0.8515921638802535
50_10,0.9927826188666613
3234_1,0.23780502312038634
10155_7,0.5362505875637656
1181_1,0.0002885942997460964
1505_3,0.015324782317209186
11926_1,0.00876137948533868
12174_3,0.2286437892453294
4589_4,0.010365659888596335
12421_8,0.9913886766916654
1079_8,0.9403118588976912
4852_8,0.9144443237083268
11753_8,0.8917629231889572
11257_10,0.9000825421911655
8270_1,0.007974241156094861
7690_3,0.27439202165490206
12354_8,0.2528971259982954
11419_8,0.998268761361841
7587_4,0.7480890613435084
818_9,0.7106548294489425
10431_10,0.9935384153161579
12056_4,0.29471255876906066
7595_10,0.9923015930180922
2601_1,0.269784425852774
10022_10,0.9626430360960271
4124_1,0.13038529451821068
11573_10,0.99284761620644
9868_1,0.006994117927428698
7093_1,0.03285296203955492
4993_3,0.012536842075779766
3192_8,0.9626897156580122
8269_10,0.9952243894172004
5767_10,0.7340689378527852
8440_7,0.9394682237254204
1038_10,0.8679900828434658
525_9,0.9612468425762629
689_3,0.0011569931230953133
10989_1,0.0026216369162005994
6166_4,0.1630551744613963
6452_10,0.9042803765647895
3217_1,0.0025217906037788545
11629_4,0.5120430801131045
4338_1,0.05440717288192768
2822_1,0.006141134176310719
11252_7,0.016546229463600234
11097_9,0.9954939466486904
7124_10,0.9971511170026903
261_3,0.03591069627092301
7828_10,0.9542255986846561
9030_7,0.36875662930018205
9723_2,0.02295989210832725
6924_9,0.2208593209338285
11945_4,0.9145160232728977
11811_2,0.010020544448924484
3115_8,0.9565860420562905
4381_9,0.9556397556006513
676_1,0.7043545219683889
8002_9,0.51596999177452
9209_3,0.6346960757040527
1677_10,0.717288050201287
7094_7,0.912826458742366
12193_8,0.6495320796634417
1227_7,0.03566835312629014
9186_10,0.9925630211007899
6117_1,0.10327332337888027
8621_2,0.9999908815008652
9729_1,0.0003026587455341678
12239_7,0.42108004937258464
2465_2,0.026982025277017336
4360_10,0.9020989365931352
10538_1,0.008177743198923166
3439_4,0.44578580775388593
256_10,0.7517865382923297
7114_1,0.01434929928550424
3206_3,0.027806280637334143
229_10,0.21231690372290127
7501_3,0.12824350972789422
3639_1,0.042512837487214225
9751_9,0.9974203204474291
8277_3,0.17675684790850169
5276_4,0.015670259977692724
1804_8,0.8253153516505949
8497_1,0.00046112459820359553
7742_1,0.0010411532012619287
9755_7,0.566361733654124
8429_8,0.44433522723514246
769_3,0.10717375955441838
7452_10,0.9642608394527796
1004_4,0.7183090112541801
6393_10,0.9933672500433993
7457_1,0.009457585289789865
8182_10,0.9827236983989334
11589_9,0.858749359118262
4718_8,0.22770796399765134
5315_10,0.9767078685984448
9927_3,0.7645065875018605
6391_1,0.0075973619145244696
532_3,0.15862791209637803
10544_10,0.5670091181814242
3576_4,0.3731422484327133
5420_4,0.6235009801241335
7140_10,0.9732925162815071
11018_4,0.00047359535172706907
7443_8,0.9883461831404274
7399_9,0.6195694295351074
12129_10,0.9713118227098223
6876_3,0.17382400078906193
9227_1,0.5966664092523566
4983_1,0.0921276640395753
2502_1,0.10509182329096353
2584_9,0.9451837830082785
5637_2,0.02189882524406136
6497_10,0.9986832975026743
8464_2,0.03383436587397487
2070_10,0.06426414197174657
4574_3,0.016666628013634992
1642_10,0.5030371443301359
356_9,0.9034292533034332
8052_4,0.948682010608589
2457_10,0.9884779697602186
6322_4,0.1650092110761591
2218_10,0.7152238182364441
10669_7,0.9123965937934368
5296_2,0.055517777634319684
1118_1,0.05408908288973674
8588_1,0.006727967462705268
12348_10,0.7660987969371018
7990_9,0.7464529042654242
819_7,0.18216158610107502
10552_7,0.18148000554114666
9126_4,0.0706929273322445
11190_9,0.22225945162307822
6696_2,0.018262008430263182
4906_10,0.9921016156742263
6809_4,0.6583554950900963
10032_1,0.13380355249610623
2694_10,0.9700300796568517
6411_8,0.628815574499992
11967_9,0.8636725457475479
10190_1,0.014075737792063371
316_1,0.000967815361785171
5644_9,0.6611093658619482
12083_10,0.9972683641240948
9280_3,0.14281661109317392
11735_2,0.04108071362250678
5219_1,0.0585796184735164
6810_3,0.059217682730952424
7817_2,0.02703583551970357
6753_9,0.1465858719199031
16_8,0.7866209584819057
3908_1,0.016231389759505045
11502_10,0.9982650340368441
523_1,0.0012072731150029616
11213_10,0.9522296571079535
5058_8,0.767291191126413
3290_1,0.008628396357508457
2954_4,0.172669972474232
7148_1,0.38640972698080855
4455_7,0.7268853225727009
1873_7,0.4977386571978221
4796_2,0.06315025294914668
6317_3,0.8559322902508522
11153_10,0.9267558929139794
3319_1,0.09451106775708304
1247_9,0.9999171627048445
9119_1,0.001042392446176986
7904_10,0.9801398913832803
4892_1,0.049176998810208976
4608_8,0.7871996919120908
4756_4,0.004449424987167269
230_1,0.4619477968051825
6730_1,0.002849211299873902
6639_8,0.653392541457028
1726_1,0.011597458264731375
4540_2,0.004568522552269446
1898_1,5.7274269746691754e-05
877_1,0.1368667400810537
10416_9,0.9987489662399812
1359_2,0.0637658949349705
8886_1,1.7650062691832787e-06
553_1,0.050753394442438864
5252_10,0.9840429320219511
8808_9,0.7061893158432627
8792_10,0.9956917975666857
11723_10,0.99983982679077
6977_9,0.034312757919002956
5050_2,0.0029374472272476844
6413_8,0.7133524489899242
9880_8,0.9554920220691936
5827_10,0.9942542525870551
5271_10,0.6767231973531511
12231_2,0.03115213599700827
9913_1,0.0018544555359726563
3058_10,0.8797214161705416
1278_10,0.4473318358697483
4923_9,0.6691462128358361
4662_1,0.07115756857850286
10857_2,0.07893172297799506
5033_7,0.7329742173848051
7681_10,0.9956020665072272
8916_3,0.5664753911085213
10603_3,0.2706969856618616
8940_3,0.4514623410405934
2381_1,0.15312914566463354
9188_8,0.8540920359813766
5290_8,0.890860089430912
6746_1,0.3267719191720102
1001_10,0.9748315492097767
1190_1,0.0023587922469475333
1858_1,0.0017937629821507795
5645_10,0.06841498530037259
3021_9,0.8414682565101546
9801_2,0.19918966705512517
2498_4,0.008144065704675345
7972_10,0.9440937954834995
1200_1,0.000827020932005524
9626_4,0.6009188580218816
11750_10,0.9039036685736633
9571_10,0.753113685299992
11593_10,0.9977541874781961
4432_10,0.8835829133902137
10324_1,0.0566014229986385
9123_10,0.9990104907144761
10155_1,0.04080054342663028
12237_10,0.9864625245880041
2828_2,0.03301389499977104
6375_4,0.06486819427407194
8264_10,0.9995806316252726
6131_7,0.94214499903652
2950_10,0.9572536190436017
3584_1,0.0014189964805728518
3077_9,0.9673607481444603
8867_10,0.9900935093827101
4189_9,0.6625630624055179
2297_9,0.0922308538216043
3607_8,0.9653182964727832
339_10,0.7664590607376573
6450_10,0.9814164773620117
8537_9,0.901754306048781
5663_10,0.8121159934613497
7179_10,0.9994835920788463
1929_10,0.6549298646382158
7363_10,0.9288052042247659
7073_10,0.9995320533483422
8472_10,0.9824928185819429
2397_4,0.43550607381624434
5710_3,0.25187783037516154
12429_1,0.00287685234947739
4841_9,0.40665327219753244
5819_2,0.22823842697299446
7112_8,0.6137146771087468
1087_10,0.9891463242670206
10766_8,0.7306507285511109
10675_8,0.6307260420084638
11953_3,0.09843037875308677
1927_9,0.6474562206937466
10455_9,0.9200025582270869
451_8,0.9249151774554946
10796_8,0.7987286818823344
5288_7,0.9552426029915809
4368_2,0.011418402721027001
10456_10,0.84120212626607
9981_1,0.07291970893939097
11403_1,0.07161014113840838
5219_7,0.7838426890778227
11929_4,0.2670537802763419
5481_10,0.9972261175699677
3829_4,0.01252535550272112
11367_4,0.2488470765508646
8154_10,0.8728037640872673
2754_2,0.0047747351928423745
2299_10,0.9941104883502809
8868_1,0.5246994194821596
4566_10,0.9382945689253163
6688_1,0.17981341523009836
2666_4,0.027921067641335007
11892_10,0.9977658921611581
2667_10,0.8490260128105913
9244_9,0.7858018010489952
12498_7,0.11873609143048373
3493_9,0.1998453702933406
7565_10,0.8494878665263144
2916_7,0.7313492853885278
12473_8,0.8046884483846202
3142_9,0.9687965088145136
3289_10,0.9996553412571058
11159_10,0.9505928375500569
8428_2,0.20530591721088048
4152_8,0.6611040359135668
10754_8,0.9385809743784507
11718_1,0.000795370599228615
5408_1,0.005468281799316568
5686_8,0.6928157678820612
7479_8,0.9718310084633488
5160_10,0.6487513147438763
3138_1,0.007000536816101523
10343_9,0.9695212177221108
9524_3,0.4047900143842982
7794_1,0.009276613595502971
5433_1,0.19567672647850987
3380_8,0.9508708903393306
7222_3,0.03817825435332609
1751_4,0.7169049755125453
3914_10,0.7632580219108405
8022_3,0.3199220690955568
3975_4,0.34206909538456803
8177_1,0.020611510347777917
5670_1,0.05198801812481172
203_10,0.9887350031057061
4315_2,0.07917629975513711
8296_8,0.8958064876196032
971_10,0.8320560954045814
12018_1,0.022248187241022045
3714_9,0.6892926211522884
4342_2,0.8426090037040703
4965_3,0.8743340107394336
5126_8,0.2177100877812431
10686_3,0.0764156989302912
7290_10,0.9993484121051861
8474_8,0.9903659854371426
7633_2,0.7827851131104221
2226_10,0.3722084991593003
1436_9,0.8317741681674237
813_10,0.7925790232056518
11865_7,0.41670813297838527
4937_9,0.9907029270175665
4613_9,0.023268141327740827
8129_9,0.874348261490456
2376_4,0.453622894773186
6861_1,0.007363531684512089
9104_2,0.20684001280237738
10590_3,0.03480345449243536
11021_4,0.050241895152029516
9480_10,0.9920492744579283
12212_10,0.9265265346413827
11766_7,0.9928981570605068
5356_7,0.6481137738008599
9572_7,0.9966988261149617
3264_8,0.9263171124456949
11794_1,0.004798490893654544
11739_2,0.466207013825085
731_8,0.8229207052809481
6278_9,0.6332860555963273
625_10,0.9080293589258893
7252_2,0.1942920101566965
5171_10,0.9991355549829346
9149_3,0.3610287165277371
10780_3,0.01152436221961779
1568_9,0.7189061740354956
7291_9,0.994778798585235
2288_8,0.9683715494218326
3126_9,0.9458060934035908
3352_7,0.9648004602751251
9455_1,0.00024494598324447975
1709_7,0.4965209332466384
9309_2,1.827738784433141e-05
994_3,0.18210677535016043
4173_10,0.605712900530943
113_3,0.08040315618302334
10472_10,0.9307251193370862
7193_1,0.00039820788828885564
9978_3,0.48981014805614903
783_8,0.9631227053209203
7585_10,0.99946111151151
2135_9,0.6168259739078036
10887_10,0.997342416306126
4075_2,0.0026834721606803654
10521_2,0.015563724449166708
844_1,0.4549253797215718
6691_3,0.002011567811716745
3879_4,0.07151958527307158
3511_1,0.30835265812097756
332_1,0.566506356931944
7398_4,0.15907077206418277
1845_1,0.3159060091618016
3890_3,0.2734697703108082
3781_9,0.43993325904817393
3723_1,0.016299642978391874
2908_1,0.0009058213781826358
7625_3,0.0234887845842149
6310_10,0.9588903677317396
9432_4,0.7271281663350654
1820_10,0.9927906052859389
6809_8,0.981379597983025
9911_1,0.03185267164568673
12001_8,0.7728626072590882
7266_7,0.8456331433498012
263_10,0.9979266611015629
2109_3,0.06248724813848752
7293_4,0.04169237747367674
8874_8,0.9342680332357718
2143_4,0.7524018763161893
4307_9,0.9919212277077688
4176_1,0.0038609477132346645
8369_3,0.07531742643715597
12317_1,0.0014464393067915818
1687_4,0.00019894985749272068
12082_1,0.11023488321277157
3396_10,0.9486511033385718
9129_9,0.8410208798709776
10090_10,0.9252830234149672
11841_1,0.01613433132404061
12447_4,0.08240724780745301
11624_10,0.9959416946584018
8624_10,0.462037293732948
9290_1,0.44697380267063425
1108_8,0.3938214259625406
4300_10,0.9596515824368476
2553_4,0.9233340651063221
10550_8,0.016411565390556784
8884_10,0.4340630743234916
6760_2,0.02208500595439965
1177_3,0.26799421781169713
9939_2,0.1780746579120165
2100_7,0.9469882205906495
9677_1,0.23161363893239276
2511_4,0.0019344337547120144
4115_8,0.9970904443689372
437_9,0.6981858645852373
6698_10,0.971912625582311
11049_9,0.9379880235496503
10168_4,0.03158154831168193
8071_8,0.7592192411138776
12474_4,0.6040696837967393
3775_10,0.825252062303196
7478_10,0.4269765183461663
4312_8,0.8997403756751091
3105_7,0.8995170351945051
640_9,0.87471806673865
6891_1,4.904955435528493e-05
1849_10,0.997259433873676
8528_7,0.840732566334401
9032_4,0.2495458761715704
11743_9,0.9994678176414614
2813_10,0.2966010287514678
846_2,0.034318875704609605
3695_4,0.29424441555526404
5972_3,0.007731185219857606
4831_1,0.006008275635575034
11826_1,0.042969290266365284
7684_10,0.825593877719903
7042_8,0.9313181209912318
10247_10,0.6418750825387604
6766_8,0.9474620712428318
2091_2,0.07956028394231848
5108_2,0.013680756057662486
10644_1,0.0313686220317149
5955_2,0.28438700803290606
9451_10,0.7192987196364481
11518_10,0.5803978188784789
3871_1,0.0005012196067284158
5013_1,0.0011962603326692361
5056_4,0.13837670045196626
3688_1,0.017690949598079937
2325_2,0.2877773481150783
6330_4,0.02188210463859346
8783_1,0.008035312920347672
3848_3,0.0015480698680218716
5901_10,0.9831836407726815
10947_3,0.06657180372173206
4590_10,0.9921553429543261
4337_10,0.06399031119577787
11029_3,0.8432848899940338
10980_3,0.05865851643121391
165_7,0.8051327910457243
474_8,0.986499823744107
3175_8,0.9739257309642602
11764_1,0.09795339444304257
2164_7,0.9750630218488261
8891_8,0.7710486544270357
8294_9,0.956243971049401
6602_7,0.8180905264624582
8187_8,0.339114525484622
2609_2,0.19294282786958755
6506_8,0.9823528380816118
2207_1,0.0001246507235898892
2467_9,0.9407152544382807
7440_1,0.011482096284176228
6417_8,0.48197786913289037
12278_7,0.7908621750657341
4495_3,0.46507912927546635
8223_10,0.9598607104681519
3659_4,0.0511142624437443
1120_3,0.04099096017681974
9713_3,0.06018479149252102
808_10,0.9801508302037263
11164_10,0.8828073550246699
3536_10,0.9547284982458485
10930_1,0.009572878113025556
6868_4,0.00601795028928071
2248_1,0.26700885583113787
3624_4,0.20463587303410222
1442_1,0.0034728473447926626
10167_4,0.02756772020311064
10645_10,0.6586430720286425
4414_1,0.052289068172077874
6409_2,0.3207618739817183
10486_1,0.06877779597611126
2983_7,0.9309626714561958
4985_4,0.40228535807504634
3566_9,0.901865192441342
8340_4,0.11983062230356362
10246_9,0.8115793663325153
7380_1,0.8204703146178303
12381_3,0.32603608774538206
11723_4,0.20476963734532572
7478_1,0.07950022457691339
900_9,0.8886893024712375
3364_2,0.5792571527250456
6570_1,0.02079428182112027
9309_8,0.8806942482465031
6044_1,0.011905076449480861
9261_2,0.031054342286359914
5690_8,0.7578167021761236
5326_2,0.007514739279878646
11179_10,0.9925230087391375
8908_1,0.0005708721358568246
10224_9,0.6231278666666442
7318_10,0.9501989622727729
11098_8,0.674522179493215
10120_1,0.01309450087255313
4561_2,0.6566761962653705
4409_3,0.06021297591687095
4301_9,0.16693670865499147
9254_3,0.06419852230172962
10717_9,0.8636053754394992
10619_2,0.6481786751613553
5924_1,0.8831212140269366
11657_10,0.8274066187728802
6373_4,0.2592960555545958
10469_10,0.9112762873703824
5531_9,0.6901816947371578
1089_10,0.9426547716814812
5082_10,0.790836811340724
4267_1,0.012532698719808963
3006_10,0.9094470074802554
9318_3,0.059356147203598116
11877_1,0.00023566155491091644
7274_1,0.30977927051755827
12450_7,0.925229028605313
148_9,0.6565237490126496
10353_10,0.06431517399667741
1368_8,0.16221096021696793
9408_7,0.6213512210857731
5739_7,0.4616569783859303
7036_10,0.9679589155771332
11554_2,0.8526321037048065
4601_9,0.43969168591367763
10376_3,0.1751518634019253
2486_8,0.9783979457096583
5745_4,0.1668656729909567
873_3,0.2782949533884787
7009_1,0.09713405579183164
542_7,0.7324274653829802
12008_8,0.9640995021278109
8040_8,0.9396639091948934
4048_2,0.02361102769077346
4895_10,0.9588923168599025
11789_9,0.9998576197971721
5084_7,0.9639754110118866
9207_10,0.9949227351552712
923_4,0.7992440081034778
106_3,0.20439649840643812
1125_1,0.013189271781858483
839_10,0.7364498774814809
5285_10,0.8472797915458384
7444_7,0.8947661131365289
1566_8,0.9202415967994937
3285_1,0.0018806615770782862
6203_2,0.015458259885267665
11147_3,0.05636833705720135
11152_3,0.027383179342492965
3335_9,0.6846240962385285
6689_1,0.0007782858047351437
6557_7,0.9419279044513695
3362_10,0.9439558856212686
101_3,0.2554159905984304
10692_4,0.1816167050417034
4462_7,0.7070595554033664
265_1,0.0018275503806877117
1369_3,0.5461713404507983
9112_10,0.7978092257030277
7870_1,1.1059551192978418e-05
6102_10,0.4555744612310322
3973_10,0.9512926750575796
8232_1,0.24788629790188255
3177_10,0.5236517378061143
11598_10,0.5293584801142335
882_2,0.1902849262269533
5660_10,0.9363286166658227
1685_10,0.9898663549124842
2064_1,0.0310030719142825
2296_9,0.9528509230808304
3648_10,0.2804693669092071
5486_4,0.06959724780925255
2496_8,0.32171035637300344
9579_10,0.8972226015565857
10776_10,0.8662842672469337
5889_10,0.8771707064869586
8292_1,0.04701793262942956
10547_3,0.046031074825475964
10415_7,0.5182159036106149
10741_1,0.048829603706670194
10196_1,0.0014040844952876981
12155_2,0.10523281679045116
2224_3,0.35665425318519656
10356_7,0.37164231113833324
7202_1,0.005552702675186229
11973_10,0.7082767332436657
1792_8,0.5672612310412726
7894_9,0.994040346581489
11413_1,0.18469340022042777
10596_10,0.8099222820765969
2462_2,0.21411265742941293
9451_1,0.02961317133476945
2895_1,0.29400931718272266
2513_4,0.38227643229206065
11950_7,0.12802765392384866
10566_9,0.9369337855944888
2209_4,0.19365644834320153
9292_4,0.24118386734391994
5575_8,0.929033152578569
1688_4,0.05535551517234987
440_8,0.9188653443878835
6324_10,0.9948733750421842
8296_2,0.012271036981597703
9460_1,0.009397531402512564
3992_8,0.9886342302429069
11425_10,0.9982109025805194
147_4,0.6026512548261038
2897_4,0.17974649281412486
6214_4,0.28743712385739695
11157_4,0.15816045920328597
4204_8,0.9853827546008898
7255_2,0.4167634250264088
8435_1,0.6493837859148823
11354_2,0.013356341220749062
2136_9,0.6782848014136876
295_1,0.7096477965240279
335_10,0.9856243600494968
8791_4,0.1797372444109988
2817_1,0.00021206734259295547
1629_8,0.8503868290257096
6826_3,0.039466794625612575
5550_8,0.9427661922062672
3572_10,0.9602297184805407
4543_10,0.9550112645732549
2789_1,0.05963952821075232
12288_7,0.4747453915932705
9769_9,0.8272256003481718
1257_1,0.3025859200164968
6180_10,0.9820692837451183
8881_8,0.6814141567152036
7075_10,0.9995049026218066
10254_1,0.051465327199875274
12214_10,0.822488760078481
829_10,0.9055604673701261
5633_8,0.44844594755876205
6202_7,0.011321426104691775
4843_10,0.9977876938467192
7564_8,0.9409112153852398
3539_4,0.28544674760897576
9634_9,0.8223125954472351
7578_9,0.9977224753209261
6642_9,0.9923157036920448
3438_8,0.4271597005397753
11407_4,0.12422928724175512
9891_1,0.0090984106166529
3875_4,0.005277216109292635
6447_2,0.12843194668634844
5027_8,0.9999999440213272
11415_7,0.6748908928414022
7762_9,0.7930459851721117
7263_10,0.94274846914503
6556_1,0.6156928208130928
5491_10,0.9636964268674664
3418_8,0.27837410668557194
4137_1,0.17446218114493445
5519_7,0.8874742597806844
3435_9,0.7809206645168933
10199_10,0.9281970294619972
5212_4,0.39013156889637923
11891_10,0.9929494021767874
4989_7,0.9119490795129016
2883_3,0.8602441688491362
9154_2,0.4637932204908938
8384_10,0.8217123861954657
4082_10,0.9111095549989771
4334_2,0.0018665792260952351
5652_10,0.7254796218020322
4544_2,0.12662975486470557
4987_8,0.6226250234108874
9648_3,0.06589653482928942
10755_4,0.6384205570751053
4386_1,0.005223815210756268
4619_4,0.4231072371637414
5860_7,0.7153930633668025
11492_1,0.025027301426651036
2126_9,0.983161675791934
8355_7,0.9327640251056221
6560_10,0.7554385013328955
4026_9,0.9388426361955369
4019_7,0.4771720275829732
455_10,0.9984078629893256
6637_1,0.9985194172122408
7490_3,0.10754780556523484
10533_10,0.5933226819928924
7417_7,0.43646675580861466
3392_2,0.052250591071019314
460_1,0.0004469624813959243
5364_10,0.9979071205390344
234_7,0.9873601031140186
709_4,0.3374083665633039
2753_9,0.6747456983558838
9434_10,0.6820522901332574
2835_7,0.9287619796042769
6849_1,0.019017778838428444
11186_3,0.012777131202324953
10902_8,0.9388269622845966
2617_2,0.016112396518122702
7423_9,0.28127944464109567
4699_1,0.08587530632182015
12312_10,0.9770793438093126
6185_4,0.399276442868549
3742_3,0.02424895112096341
1314_8,0.9719500739631052
7985_1,0.593777905574097
3669_4,0.5130684397842808
2791_8,0.9868450042945829
2295_8,0.9796291793265127
12111_1,0.15044695879829317
11827_10,0.8319146803032462
10191_1,0.3184321535105744
5264_2,0.01724059218396436
11002_8,0.9020533597926366
12423_2,0.006992196064891946
3551_7,0.9631866850413376
10804_3,0.4084426818751175
3670_4,0.3983900098284201
8408_10,0.9958507244482341
1307_10,0.9909284713051769
10906_10,0.25919774649522026
4039_2,9.689320128440529e-06
1010_9,0.9934752625964298
8764_1,0.00481822130277018
10894_10,0.9941154337506783
1249_1,0.03107384729866164
1844_9,0.9999378588783506
3252_9,0.9681041040156302
12272_1,0.35227793193427276
5599_10,0.9932568170026339
6265_8,0.9958944681981956
4497_4,0.512152530446991
3925_2,0.0660410182451102
7935_9,0.9046543090723683
12146_1,0.020062098054793486
2345_3,0.2974194917621363
11171_10,0.9996035161362916
6726_1,0.00019494076453983853
11129_9,0.9686734177768246
616_10,0.9132333402099787
11349_3,0.02282095915395844
2485_10,0.9471475330127878
3212_4,0.030027604789809516
5578_10,0.9836617901095412
2252_9,0.9964406503221285
11643_3,0.05159776699810556
12081_4,0.2375111556437989
4104_10,0.735196476572272
4504_7,0.8303693990323717
6354_10,0.9208609311402715
12118_8,0.9844399107652625
9680_10,0.3483511118571369
7173_10,0.8423612388042406
1965_3,0.19411698824126186
2674_7,0.1786391298900567
1425_1,0.04600395681918713
4017_8,0.9951394635923277
3835_2,0.3852239595481404
1335_4,0.06949402735723029
627_1,0.04700807919025298
8330_3,0.937997231301962
8907_1,0.004715112791103213
11801_10,0.6618319804230307
3231_1,0.00635896443195668
860_4,0.1469597045535025
2902_8,0.24697449518814807
11550_4,0.4641109344914027
4944_10,0.9478371075776023
10190_10,0.39862592421304466
4090_3,0.0029983620129727033
3863_1,0.019361646334923426
3904_9,0.9971734923102274
917_4,0.5102527209048927
5540_2,0.017488917871908878
9183_7,0.9236491961931698
2570_4,0.0028560148349739594
11868_1,0.011579610294347299
7438_3,0.12515464854297478
10484_2,0.007106894120579116
1988_8,0.9925159963705559
46_2,0.12672228864618265
6624_4,0.07397813209560261
4666_7,0.7011296643164856
11479_4,0.8935878212513907
308_1,0.024196452083716402
5400_9,0.9751063142479125
5258_1,0.0062401547481485565
432_3,0.00034581926595349645
7245_1,0.17087793259231818
7082_1,0.4429347935563609
9698_10,0.8597866635184763
1085_9,0.45543301883198106
9999_10,0.9929234278787711
4235_7,0.9069998100664358
11603_10,0.9174966280751463
4457_3,0.28655528490324134
5022_8,0.9520205533812747
12278_3,0.202364409262015
12076_2,0.04420375206446246
7239_4,0.7784235604395425
4691_10,0.9228018947729512
9820_2,0.04205062051474784
5932_1,0.10528377858309257
10265_9,0.7876449648374211
9247_2,0.02577291383438854
4581_3,0.4888091832855421
11060_7,0.7207726929394798
10349_2,0.22659627386530956
9821_3,0.17457018268975258
3375_7,0.8118350212602845
5515_10,0.9051938188246117
3921_8,0.6183485571304995
6671_8,0.9357101202183125
7051_7,0.6491784920906726
743_7,0.8863961606148308
8230_3,0.05279018345384606
11203_2,0.052971764255094006
11616_1,0.00281277716142195
8033_9,0.8139969831182389
1472_10,0.2545227499511766
1932_3,0.05377739099229957
6827_2,0.0007422211533913594
6912_4,0.001945527290518359
12024_1,0.0004990662240029049
10625_1,0.5406774776710593
9528_10,0.9978380171819113
6663_3,0.44417231368669363
10727_1,0.6166300407593927
6646_10,0.7132017361370964
7632_7,0.8998188414977681
8518_2,0.008154982815551767
6398_9,0.9996042197761933
488_8,0.9131993149869464
4133_1,0.006862556823219854
4128_10,0.9205099391927836
5883_10,0.9957789774724383
10240_1,0.000361238231598235
8791_8,0.9989878538988136
10917_8,0.9145391857546625
9097_10,0.9982692024542219
8438_1,0.0019866993170775094
7536_1,0.6700288251320946
7542_3,0.0007656772566989143
3928_7,0.07707981914105291
12477_2,0.02945596594424096
9157_3,0.07942985959781781
2694_2,0.7259114680498223
3632_3,0.006804761822906281
7169_10,0.9789699032829708
6931_7,0.8071017301193961
11474_10,0.9955538492857632
2252_1,0.03009764443307397
1261_7,0.36505118201951003
523_9,0.6052535781601255
12233_2,0.00041165745606362014
4731_9,0.6396589923442705
12376_10,0.22416429412122596
11834_4,0.6539617199320295
7063_9,0.3898301903533236
5289_1,0.05271693026789845
9632_3,0.1324021323864252
11086_1,0.0064352131929152545
8224_10,0.9990420141121198
8013_3,0.16472736177069142
8003_3,0.00047514740809710004
2281_8,0.7753245320375214
4643_7,0.9822866412514685
7942_3,0.08476979674025595
11067_2,0.06380974890161158
5577_1,0.06853262978888727
5796_1,0.004857118508460747
11514_1,0.3809594771444001
1867_1,0.013677550151334079
4804_2,0.0016774942409636953
4547_1,0.06795346761420992
6391_7,0.5310754490797925
6260_9,0.9995967255624953
5355_10,0.826646729851348
12358_4,0.25651834520564226
860_7,0.9937741037778837
3768_1,0.842650626477043
8742_3,0.29942141325838284
10786_4,0.05814664482414706
5337_3,0.5792987668125964
11260_10,0.17898242070875092
7364_1,0.25016850319963446
4434_2,0.15824166022927483
10604_8,0.5765556258265117
9587_7,0.48563045864822524
738_1,0.21091651058943187
3757_8,0.9868561998158704
6970_10,0.999318959473655
6194_1,0.02315150217998011
4559_10,0.18444487987443992
2334_3,0.3255352047107245
10636_3,0.19459947562725818
4192_1,0.0019670534720698054
1579_4,0.49336457821063806
7168_10,0.9856293724558345
3789_9,0.9508687724749195
5617_7,0.9953971304978838
5757_8,0.8350499213236792
1431_7,0.6321747006722724
6130_4,0.585664540970904
12092_3,0.054531270800022735
7918_3,0.27616671275451815
5386_10,0.6104660329623824
2794_9,0.6873044744026795
2394_2,0.0010031651898115398
10690_7,0.9989782519563191
6406_4,0.5345291076214101
12288_2,0.11538458864663192
7405_4,0.3587481321695705
6153_10,0.4859064001051646
5577_9,0.9605491317005173
1462_1,0.1307330911002606
7732_9,0.7821237098437852
9046_10,0.8742789710804618
11086_8,0.9817762299239745
1426_7,0.9079274987884489
12174_10,0.10220139284059462
5537_1,0.003550645492140433
11746_1,0.03614120158713537
12203_10,0.9919611666433027
11585_7,0.8201256346550542
9765_1,0.02523526600528672
6295_8,0.08965301795301313
3991_4,0.8359380168444255
11134_10,0.9910073871110141
12379_7,0.09240462607426028
7316_2,0.37602236292866104
6955_4,0.2550899286645215
8092_7,0.9984955928545354
9788_1,0.005688371165882909
9494_1,0.0020283586344042163
721_10,0.9634366910716606
1250_9,0.9983287384247279
3204_2,0.3411739222182211
6539_9,0.9082084991378008
7944_1,0.0004305023704881584
8632_8,0.8114916472279143
2787_10,0.9987657620971517
11497_1,0.1625006709964082
8577_9,0.931279100102677
2717_8,0.9107136483343413
3251_8,0.9350247729184642
11714_7,0.7072740263667429
3868_7,0.9819506574333138
7394_1,0.3553425964137655
481_7,0.9800845381129731
5237_2,0.002912208678991069
11148_9,0.8867769598349353
11946_7,0.8089073966604441
7301_1,0.024626459420989427
384_9,0.732800856274414
8535_2,0.056149456459207714
8067_8,0.7754164454808364
8452_2,0.21455413644222798
7361_1,0.003094692621966052
4017_3,0.9553145545074009
6304_9,0.9798918517288974
7326_10,0.9860148382903662
399_1,0.017000210266112592
9003_1,0.08032508922704312
11314_8,0.7264641288629966
4909_10,0.47631403445526727
10463_10,0.9227010068415473
7355_2,0.12300909834280906
3553_2,0.831788457488933
4404_10,0.8857166183219672
9304_1,0.3046993378859987
7903_1,0.004489167821794029
4429_3,0.545206624326934
6287_7,0.8952192534939831
10461_1,0.00388884208973699
668_10,0.7717113492505296
7560_10,0.9380036335044077
2785_1,0.0007396495986090425
2801_10,0.7496503823653127
4318_9,0.7383097070838056
244_9,0.9944162550441911
12435_2,0.026573233902811026
2788_9,0.9884315130202321
2537_7,0.26610715006814556
928_1,0.010323727315927657
3312_7,0.9875408742778211
12147_10,0.999965502132821
5414_9,0.8227758961245881
9871_1,0.02120073609573134
1308_8,0.9464057750149456
7668_1,0.04117377805401673
5571_10,0.9906763947350413
2052_10,0.9832198061310671
7089_9,0.9502196952258183
6411_2,0.04831957193306444
8514_1,0.05806422091122858
5921_10,0.9433292842868115
3264_1,0.0030778527296468393
319_1,0.026804712119472964
3433_10,0.9620233408191519
1610_8,0.9777245883436465
8002_3,0.07010232957059603
8099_9,0.8378093674018117
5418_1,0.143477881447264
6247_3,0.037074856846668544
5153_8,0.9444372842538533
12201_1,0.003240976661508656
8900_1,0.00046583646160708016
10908_2,0.22326876292824474
598_1,0.04903623702756536
10590_9,0.1336679465672889
6706_10,0.8604058440093546
12299_9,0.8924843876917501
2159_7,0.23431466021338662
186_1,0.0003390132206982283
3008_8,0.9608137792646371
831_7,0.7596602391608163
2717_3,0.14166296733836597
5174_10,0.9994895420933294
3088_3,0.025439105033633516
6262_8,0.9512389761966832
12303_1,0.04258800657730276
9904_8,0.9989845225484878
10097_10,0.9017421884175488
6242_8,0.7954055027901084
9653_10,0.9264460424076632
12499_1,0.14100152089650803
894_1,0.7426510462603809
8935_7,0.9109718396819808
3184_2,0.1184702502091758
2226_4,0.5173427156276892
592_10,0.9996529078628503
2173_8,0.991611052720813
10967_2,0.0003649497952361217
3332_3,0.03282784900965095
1074_2,0.10219606676124009
2396_4,0.016699434117627386
2627_4,0.7026144366840976
5982_9,0.9309342590870848
1386_1,0.5607012562629823
7325_4,0.7300764722920078
112_2,0.054268869282838465
8856_10,0.8207203072109395
1948_1,0.019865590886475867
5791_4,0.1559415311852455
1007_9,0.8708500799052066
3758_3,0.10962525166544837
6455_2,0.046272435114424186
6464_9,0.9996377350389318
5403_10,0.9818970424560446
7076_10,0.998944743364638
6123_3,0.00015160679466031776
2832_7,0.8657799758456789
9287_10,0.9901042075628871
3665_10,0.9360005195555909
4488_4,0.6677885928271332
5861_1,0.00735990832579796
2222_10,0.9960839137804836
9608_1,0.02838785084915628
6225_4,0.3348928657787697
5643_3,0.05475717626655917
8720_7,0.4471210008955113
4955_7,0.9657059038624348
6839_1,0.02188756531122326
7396_1,0.003649282116935399
6234_8,0.6673531126453733
10423_1,0.6657104082851026
2158_1,0.003888537209769238
6929_8,0.6143822742416492
7593_3,0.3299036117288441
636_1,0.051753620453571965
2747_7,0.7830300557532137
7398_10,0.947748690270127
6852_4,0.05535551517234987
9938_3,0.0077833833748488495
3989_3,0.5093274608513318
1104_9,0.6913070466681358
5897_3,0.0584779041191623
5254_3,0.019515274257216674
4824_1,0.33821934190148273
10945_8,0.5591959683452647
11486_8,0.9933608952136094
2542_1,0.05993414719845957
1824_10,0.961090220271861
10181_2,0.015307207684308061
2492_9,0.8013994741684822
8111_1,0.022807885423434465
5844_9,0.959675276847266
1369_7,0.09607338047914873
10775_4,0.370291587178683
9617_9,0.767047465868876
4709_1,0.011610593685778377
7043_2,0.4107897267250971
5166_10,0.8301778318040076
1604_8,0.9830373325253268
8576_8,0.8976364808270509
1916_7,0.1882752085235509
10286_10,0.6307012353018876
10241_1,0.023980681867061145
12441_9,0.7703429969537638
4529_1,0.026114992505337806
1553_3,0.5638509243245232
3985_4,0.5373914704428769
5542_8,0.9277718641588634
10857_9,0.8847126554124581
7600_1,0.11286378499830219
12095_9,0.9917968253337937
3134_10,0.9749976646099173
9472_3,0.6968333855632671
1058_10,0.9626480322089954
7328_9,0.990672179967669
3865_3,0.08236883666732449
7409_3,0.16093396783903546
4795_1,0.00022344415864201491
11596_10,0.892156143198752
3758_8,0.4450755997328519
5099_4,0.07463565707317091
7707_10,0.984071450567457
1412_3,0.20707017088681215
4720_10,0.8827400761701383
978_7,0.9848447900726265
6165_8,0.8498956688060227
1307_1,0.005671726811254627
2322_7,0.20933131003462666
5328_10,0.5373058420645692
11934_8,0.787275705064533
1940_3,0.10432249443164962
6270_10,0.2138086791251903
5262_8,0.9765102884654491
4068_9,0.9578089999665309
1208_3,0.5877652761873793
10220_3,0.21933485902835634
5091_1,0.3422264995335891
2738_1,0.0181569176935593
8909_3,0.015472259264799955
932_2,0.3609422767007916
863_10,0.8670962680475189
454_1,0.1862541788016139
10525_4,0.10978887695932663
175_4,0.5450806301965041
4551_1,0.013238101642327724
5666_1,0.04266668644760845
4324_10,0.9455750153324476
8189_1,0.14214500037940866
12064_10,0.675593227774208
8622_10,0.9222079280190444
1115_9,0.028175659329879043
9593_1,0.02183762785738773
5579_10,0.9442725239232278
3467_1,0.16019576183252732
11409_1,0.007605571939324526
8682_1,0.015801436032615884
7866_1,0.04807709997534532
6111_8,0.4295735562748242
524_9,0.9676487545325788
9837_7,0.6264019675101796
2215_1,0.21011516044778364
6840_10,0.8786911469108275
7384_8,0.9303654417597683
6353_7,0.8455192548097737
8650_3,0.2074662076198174
1890_10,0.5360185114563842
10402_8,0.8132087014999554
3770_4,0.32565897428433976
3086_1,0.001149138516080668
1487_3,0.6250574165945827
2995_10,0.9951649781799207
2356_7,0.38701140473383827
5320_10,0.513015447651866
3235_1,0.01415417950488844
6802_1,0.005125079446472517
11329_9,0.6240589731970643
1143_8,0.8707901327303991
5768_3,0.030910821026602923
8004_1,0.04170999023792107
5453_3,0.5349678430082463
11288_10,0.26937723306869027
3278_10,0.9968027335574073
11856_7,0.7446101307516526
12057_10,0.8967304475801979
1825_4,0.01145487397413736
3319_10,0.8499584674678092
5956_7,0.9879668565904383
4875_10,0.8677651173699565
562_1,0.3303717908289147
11359_8,0.7799341680212835
12454_10,0.3244649433802163
10621_2,0.024229452899674885
10407_2,0.276363301334776
3532_2,0.04617344229064849
10162_4,0.40699177681429394
7084_4,0.5050717667863288
167_10,0.9923137288052342
3362_1,0.029416159329040074
6370_10,0.9645738129615438
2281_3,0.6724443799496509
10454_1,0.0023697617003012005
12387_8,0.353344703179807
8375_8,0.8164069738864989
9656_3,0.10996572043365324
9387_1,0.04316000016302921
4907_1,0.0018576143392056218
4697_9,0.7263966466555097
4217_1,0.0019981714211953668
8860_10,0.5006652139326673
7312_3,0.011463148536468928
9326_10,0.9875212168446803
3785_8,0.623950080873451
2255_1,0.1137323154194759
9950_3,0.009402968554268648
558_2,0.009463287914127075
413_8,0.8681376063652284
7837_9,0.985703820321118
9192_1,0.3680706427987406
7_1,0.009571334017710022
9674_1,0.05385882917193428
9771_4,0.03270010995135297
3331_10,0.7079036966764687
11444_8,0.19739708564072736
3009_7,0.9786587596108627
5584_1,0.011240634378506212
12044_10,0.9975712762081149
5952_9,0.8874211913595177
4989_2,0.053084058233390456
5722_3,0.003001132106943335
6207_4,0.14157904352620412
7646_1,0.00589434886491327
1811_3,0.5525217271760691
1197_3,0.19184858633491236
709_9,0.9756533567439872
8554_9,0.9744797685723764
1706_9,0.7923024351598886
10060_10,0.9988606404124655
6818_1,0.028395652256137202
7255_9,0.9474464871184245
3790_7,0.8054849365090718
7833_9,0.2915840403515352
7448_4,0.2937826551761444
3456_1,0.2752946374993831
3881_3,0.007848563004602046
11049_1,0.14069116124326572
1269_1,0.3531660665895055
7803_10,0.969582916412
1413_9,0.3013708941970807
1289_8,0.9647887721831276
3967_9,0.4730222504076143
7533_10,0.9469489710903627
5372_8,0.8575396233863616
1518_1,0.1296075055630955
10752_3,0.2620200894374888
4863_3,0.10895649991996381
699_1,0.0003121079471442561
11537_3,0.042249972811612545
9241_7,0.6245698033710543
876_3,0.5104875503434115
11234_4,0.5840008175114605
5942_4,0.9165191160071078
1778_10,0.012177053917587591
2631_9,0.9607057844338843
7425_9,0.9915676508660678
3410_10,0.9969452856192257
9155_10,0.9226804116854042
4396_10,0.9976003442286145
8894_7,0.5481865786377321
6034_10,0.8748786548784752
12105_1,0.015745155319487513
11645_7,0.9206589385062217
1821_4,0.05412570731905851
9028_7,0.29541940591901755
4670_7,0.9812601709526333
4720_3,0.03351278951372955
10001_1,0.002177665777925803
8363_2,0.008386644585206078
5681_9,0.9696619468781639
8165_10,0.953675694413836
11961_2,0.0032564363724157117
406_1,0.010642029946991113
8313_1,0.0069274470912905305
11945_7,0.6093288445609395
9454_9,0.22917661138199433
9523_10,0.8290841442753184
10516_10,0.8361407214501302
6036_3,0.08645730171074037
5046_1,0.04191818561938845
9019_9,0.9915405456701504
5471_10,0.9998720162045044
11862_7,0.8668989022973212
651_1,0.47385508502606055
3131_9,0.9693337871362455
9912_1,0.000529517769046957
6231_2,0.3223048538202557
5523_2,0.8723382190944575
1817_1,0.1877768850419997
8880_7,0.9682172509888484
6080_4,0.258444908251418
9940_1,0.9548976989371029
3409_4,0.385391675610515
3713_4,0.14476691527168875
3447_3,0.2599123829967737
3460_8,0.995658293846651
9397_10,0.5759415981661762
5528_8,0.8581141047980636
7658_10,0.9900310532634088
5893_10,0.9818739952040973
1646_1,0.026616287429559037
9620_7,0.7947491977731639
66_3,0.9328503185291763
1691_10,0.9466739534740928
4311_7,0.19167816718635272
12091_1,0.02896357666960158
5391_1,0.006842142554096296
576_4,0.05274736270839041
4734_9,0.5531027544846259
6008_10,0.9349132584179806
8527_7,0.8255077497649626
6048_10,0.6478092695284476
5102_10,0.9831179909960983
6794_10,0.9899705782016519
3473_3,0.16248852722295498
2025_9,0.8171885468581063
9728_2,0.04644667219981549
10704_10,0.5460736920135234
9094_4,0.9123496260681537
7838_9,0.9856339481802756
5779_1,0.022624829578025224
5342_4,0.23081839338871896
9291_10,0.979865653548174
7028_2,0.08062839355526073
1331_9,0.27450689520983007
9913_8,0.9666997053367535
10250_10,0.9567508604291437
9227_8,0.19237501343671198
6278_4,0.03544562692267266
2302_1,0.14852364372488458
7000_2,0.08524009500439314
416_2,0.6135067874940249
6846_1,0.016553846614529535
3253_9,0.8513514947877703
1712_1,0.03144660253952334
9720_10,0.9668996689319272
769_9,0.8733621940371388
6635_10,0.624434923476163
1421_10,0.6132940057755624
6803_1,0.7844049163277907
4290_4,0.706438574228029
2465_7,0.652209542613125
70_8,0.9850558568114108
5176_10,0.9820151697549431
305_2,0.005585009518020219
11094_3,6.546676879885791e-05
1109_10,0.9887653110621261
95_3,0.35489309579540657
2378_10,0.9142464874066718
3270_3,0.10639146293966825
6999_4,0.6908572016612684
7594_8,0.3838859796199176
9549_10,0.6496187346708162
8263_4,0.3390680590545295
10379_9,0.9931603757736934
11187_1,0.2168884285949097
2278_3,0.30833295984597414
11180_4,0.4993694123746788
745_10,0.9160052167220092
9794_4,0.5037312641011527
6565_1,0.003131145760508934
9608_8,0.958533571177027
12222_1,0.08232846555308908
9330_9,0.8329356575123235
3611_9,0.9893846622136636
1775_4,0.27504775553046173
3635_1,0.2692703160976757
3893_1,0.009411568738938739
2802_1,0.0060949467339758735
2481_10,0.8097152174584842
1540_3,0.24393345460534266
2205_4,0.23099951055426207
10970_7,0.9600233306209203
8287_2,0.05692051317332832
484_1,0.027103062386173916
249_2,0.1519946767562852
12073_10,0.9970247772770239
1443_7,0.46753655950423717
4985_7,0.771738287308439
12247_1,0.38598695007920575
3170_3,0.0013499673138202138
2900_10,0.8413122076813491
1930_9,0.8707264657764534
12309_10,0.8978115705656712
10720_8,0.9873948750617468
5260_4,0.2898139117145793
5212_8,0.6663230896778097
3872_10,0.8264065339165059
9705_1,0.06266459853612831
10367_8,0.9425814264168467
10063_10,0.9952151046324372
9682_1,0.18040504439934668
7356_8,0.46120340123833004
6045_7,0.8348092338683641
3181_10,0.9865207442502251
7212_9,0.23245852266643044
8801_9,0.9988765842725476
2910_3,0.664964462842995
5031_7,0.9893709907829941
1416_1,0.10754750328272097
8903_10,0.9936118725458201
10620_4,0.029245424984088695
8957_1,0.015994595805689044
3374_1,0.01079839799790318
9196_1,0.07048953973835395
5167_10,0.8955658491389495
10900_1,0.039092656666559096
5405_2,0.07955869671664165
1546_1,0.590840655219732
12331_4,0.154507282886743
4733_9,0.9982841922962354
6682_10,0.9542342260280339
1356_8,0.9126300981954798
2301_2,0.008083055734202428
11565_7,0.14971870704780518
8731_7,0.6975749551247347
1638_10,0.9400141471664246
7280_3,0.12097495513849425
51_4,0.4464190284137215
355_4,0.8088089192784933
485_10,0.969032700866663
554_4,0.10984231333532173
8059_3,0.00752870967299301
3645_4,0.41817906584567066
7332_7,0.6569389352102359
10877_2,0.10452616442002295
10837_1,0.0004961699689802793
6273_10,0.7365352406366366
11773_2,0.11462966834864954
744_1,0.2967169706961869
9762_8,0.9883354777696068
831_4,0.2264408486042522
4450_3,0.010325056080488497
5338_4,0.2862885396001693
6741_2,0.2777202899658414
5962_9,0.533120070795352
10363_3,0.26185515643763035
9063_10,0.9789943569624592
2739_1,0.20461679962961463
5920_2,0.00013902897939581764
5200_9,0.9583209024041229
6498_10,0.9986832975026743
591_1,0.040338277027880856
8010_9,0.9964552709254806
369_8,0.9826557493721676
9971_9,0.9937415374603733
11735_8,0.8553853679919462
11278_10,0.9002112923629353
1464_9,0.915242237209876
3787_8,0.9849830827619243
10097_2,0.21238203951067233
3728_8,0.9852145267949316
9996_2,0.20581148108258035
8676_10,0.5853451149114072
9718_4,0.01944981921382341
9280_7,0.761996837504693
8343_4,0.19709615506540837
3505_1,0.10136706871417632
8863_10,0.9928641664780162
5682_10,0.3368372019656176
4704_2,0.46250961014541997
11106_7,0.32542279210418146
10541_2,0.33757390036132645
6601_9,0.9817898313908501
11387_10,0.8834398590370748
8864_10,0.6435701958921787
7139_4,0.1970150005103394
10068_8,0.8670826549626689
2572_1,0.009449458547382323
3819_10,0.9306755035504816
11954_1,0.013266465931537194
2525_4,0.21397760536542323
12440_7,0.8984808837201921
1489_10,0.877449277686193
12422_7,0.13155002555441056
5463_10,0.08770618934694603
5684_1,0.0002151511445073455
30_9,0.9685916015002296
1255_8,0.9860276718560784
3993_4,0.5097249890522695
10386_7,0.8968767812914947
10111_10,0.956090939520977
2915_9,0.6191904562155517
4621_1,0.05216170340941253
3671_9,0.9713484048207772
1069_4,0.42402234430133867
2060_10,0.26330781730621067
3788_2,0.028431584389505746
3_7,0.566672930748724
7722_1,0.11231887139725327
9601_1,0.023988185101361182
3294_3,0.2761661227504177
4361_1,0.0029888847196605276
6626_7,0.2542193101422889
5799_10,0.9223914081291089
332_10,0.9999705840312945
4320_4,0.05251122994653033
4545_9,0.3623322328348229
6029_1,0.013237307013106138
6329_1,0.0016702823879893801
5586_1,0.010152912490629305
9401_1,0.06917542748945582
7087_10,0.9455427867526272
5200_1,0.09547634473250904
9707_7,0.4401823823734063
5006_10,0.4056864659751635
4702_4,0.8916010749136404
11207_10,0.7359761778710336
3593_1,0.058075079954638044
3050_3,0.33325874485649276
6036_7,0.8437538135399222
2221_2,0.008866547990448143
6895_1,0.011704753424347212
5678_10,0.6999368114808288
8395_10,0.967861668258235
8193_1,0.009146435794298151
11689_4,0.08608968577426016
10207_10,0.7271509375772176
5028_4,0.0030933941844056645
26_3,0.623778103592984
11774_10,0.38677614760537643
59_3,0.026358902588245116
7339_4,0.3019614633297672
2141_7,0.7527657565740787
10647_10,0.9183339843363881
7703_8,0.4025950896412407
5904_10,0.7186653720734395
11952_7,0.9259313392360708
6355_1,0.09101426051994357
7465_1,0.01075340551391016
1244_9,0.999545590830882
5129_9,0.9803448537362319
4015_10,0.9836748082845482
435_1,0.007740635397528564
8974_3,0.573308774455048
2294_2,0.0003505430293051033
5028_8,0.845953730519497
3850_1,6.56375859320772e-08
3162_10,0.9275609063446767
7690_10,0.947011322717129
10957_1,0.030754794903532355
8809_10,0.6087692334707289
8509_2,0.8494463689951343
2314_1,0.0012807896318321051
2587_9,0.9692801590267501
6823_8,0.996154798662502
9761_2,0.47976754152002504
2699_4,0.3071493497459807
10291_3,0.004956957528685071
3015_7,0.38602346707655977
10059_10,0.4392463979997895
8018_1,0.2962212565648988
9487_1,0.5361612003389998
12074_4,0.08012019231936696
2051_1,0.02484150126521551
3997_1,0.000654992986804267
9323_2,0.31573126592518236
10231_9,0.9779691095223494
10129_2,0.018789883040487464
1491_10,0.9785784456366243
5601_10,0.9801065102278549
6980_9,0.236821531808459
8952_1,0.006774164385618616
12021_1,0.021952652274909425
11719_1,0.00034082187030728413
4620_8,0.16084790588405595
9819_4,0.9544885836125867
1682_2,0.8284539026579848
5635_4,0.2634520542761896
4634_10,0.8260016775826486
8725_8,0.9114826739246537
9919_9,0.5106801088233317
5839_9,0.1617047110354554
10643_1,0.04908436236752889
4447_9,0.9033101227464317
7614_7,0.9348503032342297
441_4,0.77181059579579
1713_1,0.0008570605100957331
507_7,0.7505739124798383
6592_1,0.09690111775901027
6378_9,0.9689887848529081
10206_4,0.1991483997879464
11627_8,0.8166180202840496
11991_4,0.7005607240973543
5759_3,0.017256814446160226
2655_3,0.04230832327434684
8628_7,0.9908286542630999
12364_2,0.009270995935249488
11107_7,0.7312144238626914
3166_2,0.6617769765110796
4168_1,0.05370657762952974
10876_7,0.9036024042500387
5609_10,0.9731180342075951
600_8,0.9389968636468994
7243_2,0.0010829301977104396
7300_9,0.6630855873475092
9144_10,0.21137711081532912
4539_3,0.16602925671274182
8007_10,0.8874603556467717
8486_1,0.04940862822929077
6213_2,0.4283625158123883
4742_10,0.6628847196922926
1421_1,0.009696726660600018
4061_9,0.722397856908258
10451_7,0.9135644119108273
1062_8,0.6808690167156803
12281_1,0.05980656225935214
5994_3,0.0065162927864750786
10055_10,0.9215450174234169
2602_1,0.8451886684115844
11107_4,0.04244649254985225
4007_3,0.12131183671114389
10444_9,0.9815404594644795
1635_7,0.7039806713182455
12049_8,0.9944613522571751
3988_3,0.2568015014916268
12414_8,0.8943977485900286
7074_1,0.002983985583992429
11854_7,0.9158202207225973
2445_8,0.9830655187261369
2187_9,0.8898486085198559
11675_10,0.9200161261958341
5648_1,2.8126848156711156e-05
1614_4,0.2473589073708086
9395_2,0.25572218610834274
5372_1,0.10879808763149364
12082_10,0.9581698817549212
12029_10,0.8862949623507722
983_4,0.8850215990371381
11356_3,0.036132469103640465
4254_10,0.2422075665450282
6017_4,0.09632266109622671
2330_10,0.4046611920686017
1089_1,0.051904604401260344
8017_3,0.07688999077511934
5248_1,0.6007756041361196
9041_8,0.7936004314202193
3855_1,0.16876602005644725
10976_1,0.005137537042787977
7926_4,0.3667084538880524
7758_4,0.42518456104041696
8081_7,0.9113482598902811
9267_4,0.7672135033799118
6381_9,0.9678099203704718
6172_4,0.1858508199499726
12411_8,0.9862270244966305
5216_10,0.8504839115921582
10999_8,0.354731871451118
2460_1,0.12196114443098678
7815_7,0.9690372702650236
8586_7,0.9970360630944741
21_1,0.009723580586256301
2467_1,0.004926730586793207
7979_8,0.8987162533018894
3744_7,0.8257833114629343
7205_1,0.0014683509335419514
6862_7,0.9222849656242079
12031_10,0.9310166551161194
12458_1,0.0007459281576754448
10410_1,0.025158935302282855
2624_10,0.9504346960509212
12083_1,0.13820070173230317
47_2,0.444779218291924
676_7,0.950089046410591
5425_10,0.9306387839045014
1899_2,0.09784492861800415
9666_1,0.010840718443857615
3151_10,0.9879938368344854
1745_8,0.835594642231356
7646_8,0.17146398011039593
10011_9,0.9948359291523214
10061_10,0.9899193348798908
6792_9,0.9995056821903965
5150_3,0.019707969108801574
593_10,0.44739599479910525
6170_4,0.9820417914253194
2029_2,0.02603575757290878
3026_4,0.12022986638669608
1086_10,0.45523147152005594
1594_8,0.969647230607298
227_1,0.015329606008234489
5932_7,0.8925012986074381
2681_1,0.22517955364290787
4270_10,0.9508598878066744
10065_1,0.017242423355422195
6640_9,0.5283925726112633
1160_10,0.9511869683780336
3078_1,0.045493721877177776
1546_7,0.9499069619509829
12315_1,0.0034068947960082963
8699_1,0.0797542836549594
11438_4,0.01617075647962912
2034_7,0.4402007208735472
7899_1,0.008422343329343164
1006_3,0.03664001345455461
3732_7,0.9348741150709611
11094_7,0.44119770334914604
1477_4,0.3163732376784241
8912_10,0.7619891816575677
8140_4,0.23154679309280454
7542_9,0.9664059746151353
2556_1,0.8686849940518376
10075_10,0.9732597451351246
12212_2,0.4881161445871343
218_10,0.846102978490471
8385_1,0.0479133171489771
5716_2,0.021877435055005674
11655_10,0.9838309373181725
6235_1,0.0035870886988337704
2823_10,0.26685364345989215
7094_2,0.2893657028213318
465_10,0.8845233379984607
4968_4,0.007096280663515697
222_10,0.7142908695762612
464_4,0.14829624641078212
2593_10,0.586409791651349
11946_3,0.07072796203704239
6083_1,0.009414147971448593
8158_3,0.19422074656062285
2646_3,0.9453608153029098
8282_4,0.11560285922820639
12482_2,0.009810827466065396
1020_7,0.5091312286913261
7554_10,0.8296056357825893
4492_2,0.03679988592229061
4468_4,0.039435862707647866
7365_8,0.9326615028729826
9777_9,0.9389268217820264
9505_3,0.13598163791850956
10546_1,0.004203030830296976
2179_7,0.5129082758310143
9325_9,0.8979358787672947
9042_10,0.7055403891877845
7631_2,0.019564062252215606
1583_2,0.16831003957862503
10449_2,0.06495107253947457
8021_9,0.9481371246472472
9282_9,0.9858401818740137
5261_9,0.8925725319644228
9127_8,0.9919912762652483
6408_2,0.013234373998754642
7306_1,0.25212528154951647
2955_4,0.7029527895660609
6401_10,0.997656931401157
278_10,0.917063094439279
1954_8,0.6696674623715902
2592_8,0.9539111234854719
2040_10,0.9979258087750615
4779_10,0.9887086507383072
7274_8,0.8998879044515323
8094_2,0.0038447163902757407
9359_9,0.966710234157576
10732_10,0.9676158911682423
7824_7,0.8241528567430008
493_7,0.5711392839547785
2458_2,0.16347073747885735
67_3,0.09781334637532674
1495_1,0.014078998544225375
2984_1,0.018095511306021564
9979_4,0.6021884896458215
2790_1,0.09757945348780779
8948_1,0.958144574074949
4249_1,0.10406505447457727
5994_10,0.9526398814987014
5119_2,0.16732259311876008
6539_2,0.04968536789359401
12006_2,0.003269022833060616
555_4,0.12832743958007103
9508_9,0.9292677033094241
2282_2,0.2668178509855126
4119_7,0.9340100544119015
1224_8,0.9308517873113521
492_10,0.9658970150141567
7062_9,0.9950228333674921
6663_10,0.9471418592108327
9410_8,0.7519974001630466
6033_8,0.9664713812966776
4704_9,0.9828538214244499
1347_3,0.038881669920569274
6920_7,0.9658390504384098
7736_1,0.621032207205336
2884_3,0.12369557277310211
1870_2,0.12552220610079656
4058_3,0.45437276153069467
3089_8,0.7527045088940424
932_9,0.8995250024929257
5666_10,0.9936063483767157
5770_1,0.04830572964772174
10982_10,0.7577696353014675
5977_1,0.23324165264104788
7678_2,0.25713976181975234
7788_10,0.905271858973328
6328_1,0.03575703241840623
5806_10,0.9925478774274474
595_1,0.00325602880859201
8235_7,0.8640950116160957
10822_2,0.00504120888187955
12353_7,0.36197982372080795
5381_1,0.13866846289714962
504_8,0.375026665569914
4876_10,0.9779170003968796
5244_10,0.9492709115916985
12010_8,0.5767214540411146
7263_2,0.9673579949950838
10315_10,0.997120352316544
9967_1,0.006525203606947241
126_10,0.7914199816776778
3861_1,0.017440448800977556
10221_8,0.8358199630641433
7844_3,0.9307782359315858
10976_8,0.9744085601579623
9372_8,0.8480411025117164
5633_2,0.04511764329938788
3833_4,0.004183750044260479
5256_8,0.941864775328131
8840_1,0.0360069111956159
2122_10,0.9940328366028004
4607_4,0.047052165032008195
12025_9,0.8440879879167591
10884_9,0.9346146561539938
2473_10,0.06523925637106001
12330_8,0.39064454232954776
6997_3,0.06515869561365946
4505_9,0.9568163301145627
1302_8,0.7735852889091457
4382_3,0.04983045398141069
9645_8,0.7760741464060701
4138_2,0.0033430411502831346
2419_1,0.08664596263517113
3059_8,0.5983025813016587
8239_9,0.9906620833352803
105_3,0.21421293739730907
1129_9,0.5073854877534252
9065_10,0.936994096361588
3249_1,0.007873785957449525
4864_8,0.7902728693860546
11748_8,0.9373302299250008
561_10,0.9893740856787827
1261_1,0.011520057886468224
10944_1,0.10050078496204246
11503_1,0.5304375076090178
8089_9,0.5628650523550555
3224_10,0.7624044762720655
4550_3,0.14792655247271416
8097_7,0.9790082277727012
11042_1,0.009943887305149982
4590_3,0.21333442832686517
10838_8,0.7638273194438412
5500_3,0.08263783231006107
6779_10,0.9945274963267
7489_2,0.0006640180941833183
4145_8,0.8540830028546875
2477_2,0.6033603811598215
11428_7,0.7107170120721686
5178_8,0.8213778649761267
1604_1,0.009706791784211386
2269_7,0.943789382026647
683_2,0.310284696542306
12373_10,0.965574993322778
12362_10,0.9660404747497467
1486_9,0.47483208513436864
4922_1,7.720159153028405e-06
5689_8,0.5277806247361172
11287_9,0.5463769899599299
4578_4,0.00017844615704906371
361_1,3.8905394877446555e-06
6750_4,0.9471780377217058
10004_9,0.9912856760267265
3649_9,0.3524997186490196
12485_8,0.907997662778348
4867_10,0.9803884330748873
10463_2,0.03604169490650868
8449_9,0.9840663287222948
10573_10,0.9969717881243453
12488_3,0.4447766201056599
1649_2,0.1452703290024853
12064_1,0.14243263334094503
4892_10,0.9759949867347761
8877_3,0.22997650857352178
11816_9,0.992139404378662
10235_10,0.6689567560938113
8204_7,0.15462713548658685
8608_10,0.7763393717827062
475_10,0.9927698472347581
10150_8,0.9832588962843781
4661_10,0.6268921477369922
434_8,0.9592671986434224
10121_10,0.9994607540174252
438_9,0.9951845552994012
2866_1,0.09410139144184791
10667_2,0.45951525239409907
9575_8,0.9533008082377765
910_10,0.9915255973237538
1631_7,0.7297599954954554
10585_3,0.11179558592751078
1060_8,0.9697914825185618
8817_1,0.008768229265177912
10511_10,0.9955775522235316
11854_2,0.07019241952703825
4429_7,0.9332587210840774
7462_4,0.2477794446574893
7668_10,0.9997057180736891
6258_8,0.7307351624591146
12481_1,0.04190645734246799
3948_7,0.8876190437144588
624_10,0.8874142036226149
6418_8,0.9838077566261555
4211_7,0.837958610301425
10606_1,0.008476640382350601
3052_1,0.0008585641185938597
12091_8,0.9895173029472101
5559_10,0.9005273105199081
6462_8,0.9712479358881613
6215_1,0.16401480102461566
10996_1,5.0207483839218144e-05
1139_10,0.6982451497158001
11400_8,0.5976634173624062
10075_3,0.07563498094741916
9034_4,0.08353861211907863
8963_7,0.9358687941660223
622_10,0.9755378489135615
4570_3,0.49946816280422185
12242_2,0.0049913812561060865
10595_1,0.6535449585133071
5524_1,0.127621139495712
10074_3,0.6317716485082208
10761_4,0.1681575851081052
5215_1,0.401072188583478
7480_8,0.875911208513359
3940_4,0.8711671228512324
375_10,0.6860071293237393
11998_3,0.04809542043902553
11759_10,0.9643697631563838
12180_7,0.1132771229173414
9000_2,0.3848187797905907
4251_3,0.2384584011983708
7944_10,0.9495040979577817
12444_1,0.03939272566798072
7400_1,0.09837226266812317
4122_8,0.9754503927017131
8849_10,0.9609330601756045
5656_4,0.2585311690035219
4091_7,0.719795283102485
8699_10,0.9867751767222627
8750_9,0.5168433168453631
3813_10,0.9877586834700306
1836_4,0.4011167623239932
1644_9,0.9169454588870797
5764_10,0.9607788735269976
1328_1,0.47220384531579873
2332_2,0.1360524882731767
1851_1,0.07345267774379476
9281_2,0.22339943398473175
9870_1,0.28194165389438447
3201_1,0.07341510570652683
9589_10,0.8732378167149976
3137_1,0.09356755041522284
10655_10,0.9362788697833415
10722_1,0.5600914201936049
10338_9,0.745602757484374
2561_4,0.638315200397587
8646_8,0.8931585871285955
10077_7,0.9858413798598571
2091_10,0.8818482331418035
12110_7,0.9426416420580473
8961_4,0.09508658500772611
10497_1,0.01509870720292199
3909_3,0.3647705891227964
2535_3,0.4519189173606018
8969_3,0.758224769203404
160_10,0.8428817187719028
10280_4,0.41796424169949015
5117_1,0.033587224737532624
2371_4,0.25199307196773824
12014_10,0.9810290920154664
8665_8,0.7361049805521266
5386_3,3.5944864961137796e-06
1284_1,0.0005961184410502457
6541_7,0.4454482081901705
6919_4,0.19161337601541986
7066_10,0.9601260933476162
1189_3,0.1688637197453952
247_8,0.8144870131356858
4144_8,0.7245178992999709
1788_10,0.7080699062667962
3875_9,0.8263268858474463
9484_2,0.24788417710891977
6650_1,0.19237605363358706
526_3,0.09941824474867825
10810_8,0.5006930114470068
3361_2,0.366094439552783
3721_1,0.07692923793083521
8024_2,0.028886895373722864
11882_10,0.1306688392330687
6015_1,0.009098645764862206
10950_8,0.5572454913794933
10595_10,0.7176035505220738
6215_8,0.8341440447232099
7506_1,0.006128148780110406
9448_2,0.01093918823795146
10267_4,0.7925991236231857
1890_4,0.1903337177432149
11388_1,0.003018026448170854
4033_2,0.0023806289678310858
10188_1,0.6434338570077763
3685_10,0.8749571100418951
2329_10,0.5071300185803029
2672_10,0.8831899695433094
3356_10,0.6466836917843638
7505_9,0.9594203286831506
8789_7,0.9249776454622496
4655_1,0.00011056575117015971
7490_7,0.8565275209533457
10703_9,0.22019894170829407
2088_9,0.915198864506277
5114_3,0.005722877564501552
3317_8,0.2385153928361555
2826_2,0.563947576374781
8346_8,0.8999084815485842
2036_1,0.003343285099322928
11081_2,0.026599146742206044
5313_7,0.7648810668287178
266_4,0.34135454708345225
7378_7,0.8741166140096213
7420_2,0.14594676621415734
9637_8,0.9460204924619217
8788_2,0.09841077852503485
4953_2,0.25269389647779195
8212_9,0.9998146843922805
10437_9,0.9892817066226195
9397_1,0.04776480560835573
4598_10,0.726202357762554
2772_10,0.5004559174859707
83_10,0.9827405957237836
6217_1,0.016058210522985096
11725_10,0.9499203327224389
4380_9,0.9918567866009572
2974_1,5.452127926229431e-05
12363_7,0.9896513244118187
3246_1,0.1024473659411122
6087_9,0.9532093838140985
3419_9,0.6762780242295896
6587_9,0.48291191506586273
2450_1,0.06728142384322361
2475_10,0.9665465559117385
11551_7,0.7948385460662741
7614_4,0.4172399507231684
10136_10,0.7794589185701278
5844_3,0.3884185028650245
7473_1,0.005324117586583499
6772_4,0.28409307879465573
6253_1,0.025261621486373998
4036_10,0.049867621289081114
11948_10,0.9771818254644499
11435_9,0.9332946094589052
6106_9,0.9696045496041918
12271_1,0.16145080058080669
12030_3,0.05575595389231932
11640_3,0.20966642155760878
5589_10,0.3358913675605581
6352_1,0.5221349271232516
2523_4,0.46882275162845244
8198_8,0.5978161378288904
7283_4,0.30548461706982133
4330_3,0.37981246304508426
7882_3,0.3913856037933658
9815_8,0.813859877191651
1714_1,0.03160711839996673
3836_1,0.6045248915975868
8618_7,0.52718999016227
1759_3,0.5874072225045356
9317_2,0.06309732997677514
6186_4,0.05663495554734722
3779_1,0.003295671317206078
10096_9,0.967402467670901
3277_7,0.8423455022636868
6023_10,0.9810200461075343
4863_7,0.49765828123510564
11194_2,0.14602135831526014
11227_2,0.003870074605175733
11983_1,0.5285431580264879
337_9,0.97170704986101
11441_3,0.009820794531064884
6668_1,0.22417425736128382
4333_9,0.5983769532635899
3773_8,0.9127781755697089
5370_9,0.9683765619457015
4959_10,0.18923859820438751
9431_3,0.4094661102148275
6834_3,0.29029791611177974
9952_3,0.12491291508666695
9810_1,0.04896589917114348
697_4,0.09828518435567953
4528_3,0.051437750228621536
5817_1,0.006358398851919222
9052_7,0.022950945486933712
11494_8,0.8627429229814508
4516_1,0.021236478685118892
2810_9,0.9409281526711166
1105_10,0.7587523319218507
6873_2,0.09109070167571452
8171_10,0.8560124084649499
9568_10,0.883994819241768
879_10,0.987781879522505
8493_8,0.7656420915909377
9437_10,0.8953537194383808
3841_1,0.25440538822604525
3852_7,0.7075201712448989
7414_9,0.5930617017067089
6048_1,0.0012820414034225404
2921_1,0.00030083211050415076
6752_1,0.05287815956525847
7997_1,0.38219058774026154
640_1,0.002033392095873003
9576_3,0.03050306306340315
4110_4,0.6315035602255717
11407_7,0.9123723045901713
410_10,0.983049725634595
11167_10,0.9947417555840002
8383_10,0.9035642143342658
392_7,0.9849525812574393
1459_4,0.029102449702137555
11929_10,0.8924995798303227
12362_4,0.03450133633316252
4046_2,0.00018274938785740042
2597_10,0.6507715880063328
11246_4,0.13590643529723986
8692_8,0.9808802139539453
3986_9,0.4733365202181102
391_1,0.07222137114949037
2504_7,0.9377843970848921
11644_10,0.9375072416193717
1788_1,0.39404557961156
5286_1,0.01197903750391956
3486_1,0.9993496637601692
4486_7,0.7269221679548293
4614_3,0.6239552754479751
11360_4,0.010071722432305023
2315_10,0.9989221634182684
3637_10,0.9053498311004229
6479_3,0.9819112966109959
10306_8,0.8261567717242047
2225_1,0.10610758086557297
9688_3,0.30629118813464185
8999_2,0.005702921815590848
6793_1,0.004262985773911144
1785_8,0.825580937295946
3902_1,0.0675449286997313
3805_1,0.009978742689776159
6867_8,0.24689481027250684
761_2,0.1531494625849009
9493_4,0.008102208179122255
4805_4,0.9376355305491413
583_8,0.9949050802543425
9470_9,0.7823758340770179
9859_8,0.7987316197722198
6633_8,0.6537272409076631
518_10,0.8349236422231954
10730_1,0.12931473243502586
1855_4,0.32430787088550345
5191_8,0.7144808241031969
9191_1,0.017194776280558797
1113_3,0.3454482548939023
2973_8,0.9860788244836937
10712_1,0.015335763703755062
7729_1,0.007027749881731463
2730_1,0.006196919167907002
10170_1,0.0006848233702854142
8238_10,0.9299550692905593
9495_10,0.9424085020764041
11652_1,0.04898954150583729
4911_2,0.03483817194972063
7514_1,0.00424055339154221
8164_2,0.13018053732847118
10389_7,0.8327398554073895
7557_10,0.871224092622864
852_4,0.10859839586216079
1584_1,0.09023270639813759
2387_2,0.00117618521921106
6073_4,0.03760383669659764
7047_10,0.9910625779105058
6338_7,0.8495515154739409
1741_4,0.5191608333024119
3697_1,0.044767178270701743
5444_2,0.3741897009357863
10082_1,0.15520065578350417
6135_4,0.6527657230852199
9242_8,0.9684560714944663
7864_8,0.9752097921803685
3466_2,0.04141934442403838
9852_9,0.7875520662576762
12390_7,0.40089720833225195
5189_9,0.9636621742064445
6771_9,0.7302725512157662
223_3,0.21304288972061167
8322_4,0.22912915926039068
4465_8,0.8236099815388943
6597_2,0.2081194906894727
3477_8,0.9808979968632136
4736_8,0.669186732138179
4581_8,0.9663907972292994
5898_3,0.020088865656270435
12335_7,0.7475220092350551
7321_7,0.9883186581238933
128_4,0.4112260524211398
9116_3,0.4755309630928709
9152_8,0.9620032490388785
3613_3,0.16007055751720817
1095_8,0.9818373140584891
225_10,0.7605333660649327
12445_10,0.9027314556737279
596_1,0.18759479949601882
6693_1,0.3758196190288381
7535_4,0.6413071869716679
3135_4,0.7874113450525296
7435_2,0.02248050363853253
758_3,0.0002707015145041297
11838_10,0.9961522514853488
8539_2,0.10907308129928367
671_8,0.9196589238994723
53_4,0.46610311565448365
8718_10,0.9944464119239157
10447_7,0.6680136171124748
86_10,0.2683884721799076
7042_1,1.7361297608718318e-05
5821_3,0.12513690913096057
4604_4,0.09120018443342642
7906_2,0.006253702799067887
11449_2,0.07307200551602235
6505_8,0.9160238239978424
8160_3,0.13477837466158682
1054_9,0.9903764638378022
6300_7,0.9868933591287924
10058_8,0.9725164401940569
3990_10,0.9997289591956136
9233_4,0.40250557615518084
9314_2,0.03131642839928799
4213_10,0.7906305163857438
3407_10,0.9653507649663069
1982_1,0.1806694020102149
9686_1,0.08898359326450674
11246_10,0.3465229185024037
617_4,0.2931827598568516
12182_1,3.3251803243169465e-05
5687_1,0.1928550268221985
1559_2,0.008715727197364508
3596_7,0.9879142239384102
4991_10,0.8089731305649464
3315_8,0.477028798036199
1192_1,0.004177471906444102
1454_8,0.9858942319940116
9836_3,0.6448147094503981
8088_4,0.3477631484555406
1651_2,0.028865820549283945
4641_10,0.9862970323172842
10624_1,0.14578380759539522
2902_2,0.8306485649572701
10435_7,0.9026843060324916
11623_2,0.10413551374842966
1609_1,0.01985869686643085
2623_1,0.0024302317078652457
4444_8,0.8856063504266317
12412_3,0.18952136055988716
8496_1,0.020758385976770412
4279_8,0.7869702199541437
9053_10,0.010873967301421327
11747_3,0.0016282383291020307
9754_4,0.8950823662974586
1795_2,0.4510305482786344
6017_10,0.9787208811887622
8964_7,0.9754222479077581
1118_7,0.9852942056078547
11564_7,0.812945782432818
9897_1,0.0014160210933634094
7731_1,0.023706859359306654
7391_2,0.003569340509837491
6670_7,0.8999085352003222
8347_1,0.00915326472371759
5000_4,0.005057968155767428
3513_1,0.00039617378099968185
9427_4,0.2041412183480685
6840_1,0.12700381115618034
9217_9,0.9683092631565847
5545_8,0.9384273940551421
9858_10,0.9638317359434081
1909_2,0.001966493324579573
8416_10,0.8115309728687506
11079_3,0.06922999902538936
4638_4,0.6015345352351109
324_10,0.9412455348185399
9126_10,0.7697885737501122
9069_7,0.6824817991922644
10555_10,0.9949839450227356
9626_8,0.12021388131554323
6629_10,0.9794255319559291
8419_10,0.9997788150509316
5437_8,0.03113739800060279
2463_10,0.9932420757727963
10540_1,0.02939423555064788
10579_1,0.205848587844993
11517_8,0.37478266863292986
5306_10,0.8115877650841222
4996_9,0.9883346945657049
8251_7,0.8665885498922808
7382_1,0.017922438742369207
4284_9,0.9367490090631224
772_10,0.9331398986732808
5394_1,2.9108338117038277e-05
10576_9,0.7670381319974514
635_8,0.8182881682930048
9315_2,0.7690966773695298
9642_4,0.02724684893942329
7225_10,0.9700628956942327
1806_3,0.7359404611222241
4484_1,0.40563971608507193
4912_10,0.8596826396762214
4837_10,0.6811837120050973
11025_10,0.675888490573784
1419_10,0.7553498026816832
8789_4,0.13665511726159368
1507_1,0.14303265231896659
6478_1,4.938855614487433e-05
7774_1,0.0011159242798503288
7805_10,0.7351756522516276
11142_10,0.4501250097132947
3832_10,0.7791259600460859
1830_3,0.02928131841208704
2676_4,0.19688035097963016
1595_1,0.007610838764376215
8044_9,0.719184594340643
8476_1,0.008827008498426289
5190_8,0.6801228343209698
4941_2,0.07856047951978307
10114_8,0.8333721016269608
11931_3,0.22315098694279786
11970_10,0.8109635269153703
5572_1,0.02204970660716824
32_3,0.3860838749485478
10026_10,0.7820603433799502
10554_2,0.05248444522832507
6440_7,0.9874452626638386
7636_1,0.06236185493859023
7973_9,0.992997424858131
2920_10,0.9997211333552333
9531_1,0.130931173995781
568_4,0.14220281321287015
6091_3,0.16083969678308763
5700_9,0.6419450681757909
4934_7,0.9929783376896264
5988_10,0.9998862339199474
5162_1,0.1441981970499161
1043_4,0.005857107740313254
11574_2,0.15864901407278054
2592_1,0.19615375615674055
4881_3,0.6051104677548054
447_10,0.9925288256709636
6922_8,0.7979189413888467
9314_10,0.7229946497622847
10693_10,0.85524954162614
257_9,0.9579239895438084
2090_10,0.46119947407610995
7826_1,0.0014280282559701685
7851_4,0.5297591457626915
1606_1,0.4056421343854244
4446_1,0.01998454381145839
10655_2,0.29850482345404883
11116_2,0.007550158705221848
1631_1,0.12843541739449182
11696_10,0.9296141891222736
2114_3,0.039147373791329855
10728_8,0.939309520953624
8006_9,0.9634440409064359
5963_10,0.9791408387975743
2094_10,0.9219797453320846
10113_1,0.024378746407626453
2832_4,0.014111175389294467
9600_1,0.0026358481880933925
7776_1,0.07751302927021414
567_9,0.24097618295611747
4700_10,0.39834644065809705
1143_1,0.01318541687485962
7853_1,0.0008297428246974673
11178_1,0.661033051092888
7770_3,0.07573588397120459
11696_2,0.11847104692163679
6077_9,0.8930655656572026
5952_1,0.0034344728809394057
507_1,0.005524915809884371
11888_3,0.7728286673235627
7857_3,0.4283841128194703
1381_7,0.1507597004061421
5080_2,0.0018258184799929396
9831_10,0.46947391674886646
7231_1,0.013053776714886136
6012_3,0.011567759455063846
6843_4,0.5155767661359114
7120_1,0.0035445513768077148
9248_1,0.015056395134768124
5313_4,0.1644476941128903
8434_2,0.31565937581040665
10224_2,0.02332656440630011
7303_10,0.8942283825152908
1796_8,0.8338216109539763
9302_4,0.3303286004875917
2232_4,0.05578371197696203
5333_3,0.07814144098035955
1340_3,0.199031917486071
5472_2,0.06918491573415296
1768_3,0.07105599349542543
3140_1,0.968580768323608
6264_3,0.00880761810452566
6699_8,0.08904218888251632
2085_7,0.8276697695227934
5319_4,0.543835522549937
7561_4,0.9179274824461318
992_1,0.014967129490370303
193_4,0.07137650020967427
19_10,0.999315238668676
6225_8,0.8546215242066778
933_10,0.9118755032563632
11245_10,0.9123164689605323
6152_3,0.3877289416485851
10163_7,0.9722902820369436
9382_4,0.617133971270754
4655_8,0.9071149828657102
5195_10,0.5863709501637457
8989_4,0.114837540189209
5309_10,0.9417271211679805
2183_2,0.3231714644140849
7597_10,0.9949664471089728
1272_8,0.8171524526027419
10107_9,0.9781306894081233
3067_1,0.0026486569726755986
390_10,0.971403633035991
5746_4,0.0033026136510122695
7145_4,0.1092229114515123
1612_8,0.8939096397869709
7968_4,0.6087522313251699
3793_9,0.9823205631716905
2719_1,0.24131757822174144
1645_10,0.7874641236180002
9934_2,0.030844778909952013
9288_4,0.17163946430761748
937_4,0.24514482132574938
10385_1,0.007151598491106222
3726_1,0.015317509541045016
2700_10,0.8838463742491777
11824_1,0.0005399820125235485
4133_10,0.8432024755196894
9873_2,1.17446026571183e-05
8769_1,0.08387456886438993
11806_10,0.999020305418571
903_4,0.34990379826093515
727_3,0.39256387074697563
2426_2,0.02377391139892448
8663_1,0.568824577044171
11163_8,0.8525983264555967
1505_7,0.3413479077350013
4758_10,0.9850301099116321
2119_4,0.23730257233138444
7351_8,0.7249860396956552
5638_10,0.9824654037465199
11236_10,0.9673461907255558
9351_3,0.3944275481808674
8732_4,0.2450753621064154
4771_1,0.11055521525385976
4094_10,0.9456636547585345
8314_7,0.7188884241711542
5273_10,0.9904259887138634
1773_1,0.02006509249549385
7415_1,0.07244129038485958
677_1,0.10596871820060211
5585_1,0.011625736404982429
1523_10,0.9969617200936802
6855_1,0.044329372760319494
6634_9,0.973600018758646
3866_2,0.03164570674686046
7165_3,0.12910461710460072
7516_7,0.24154151993709966
2239_8,0.6828618739010927
1248_8,0.9993197187380163
6839_8,0.6870407046189269
2648_10,0.4709583559836109
5246_9,0.6683265937746405
9445_1,0.024979556980068117
4323_4,0.32365478482287957
4356_10,0.9148749728793848
9447_4,0.6718267730030073
4022_3,0.2899563001152324
6239_3,0.0024383317764144494
447_4,0.04612629692346573
6717_8,0.1270464136995893
2470_9,0.9806741962888031
4816_1,0.03677532985350321
1682_10,0.6593693337921552
67_10,0.9611255839382299
724_10,0.8330718503445308
7678_9,0.9872497129184213
2889_4,0.372103328242994
7487_9,0.9960393517774073
1411_4,0.4850045205934223
7447_8,0.9762237201696293
3856_1,0.03485851724758161
4412_10,0.6891768261679839
8939_2,0.0003702325722792893
3314_9,0.8061418628976237
2776_1,0.043280377038573854
7986_8,0.9839222897245906
12084_10,0.9945003420461671
9529_10,0.9983779273312753
11599_7,0.8800330787727475
11688_3,0.4146351734161437
11559_1,6.476286364945347e-05
5838_2,0.1447141364460417
6397_4,0.5156501194374397
3551_4,0.43785694975662354
5646_10,0.7498945115527991
7760_2,0.007288393731783489
4983_7,0.9677508992353913
3870_1,0.6305071235472048
5621_9,0.674260502809011
8716_9,0.7460720824533869
2017_10,0.8755953312993796
579_10,0.9886510271238769
2659_1,0.00010258752711373261
10364_2,0.4621465786122372
837_8,0.5358776022308751
226_4,0.2390670676059714
4836_1,0.06989220541900996
11389_3,0.4147363345212412
5284_2,0.0015253800619068208
4277_4,0.5041734917131792
3821_10,0.4939802584999369
6593_8,0.8254522196941614
5060_7,0.3642011804983787
5121_8,0.997771848545011
3810_7,0.085717294003475
3941_8,0.290025859388803
12291_1,0.05690344002375307
1082_1,0.05343087129252802
931_9,0.9235119678146081
10202_4,0.0696684011474331
11004_9,0.9940087788469558
5243_7,0.5952357255022973
2861_1,0.005998467266485852
11992_10,0.9287640726568264
11358_9,0.987446390536601
3996_10,0.9944245719463793
12434_8,0.7233343565197907
8310_7,0.7181758685978409
3894_9,0.9997197107268924
3021_1,0.2129270098599599
1652_10,0.7423941210531281
90_2,0.3265403433328163
283_1,0.17297527432166565
9809_8,0.9863482799274378
2693_2,0.1591160619892985
5717_1,0.022579139140533062
6051_9,0.9847530308836491
4542_1,0.007507100899447993
5104_8,0.9959043784813492
10139_10,0.4382743453695168
6129_1,0.02728011946267265
859_8,0.7781127168167112
3107_1,0.007739661756209181
2595_2,0.1156024708170718
2676_10,0.869022164695035
3634_2,0.27858512092919446
6953_1,0.09553320479584486
4430_4,0.1409302967846986
79_8,0.9821815114305045
7318_2,0.250834736076102
863_4,0.08102448443639204
6393_3,0.4214079085599026
6910_3,0.4828083512447442
4438_9,0.9706299026894335
4242_9,0.6282305655570818
5813_4,0.2281531226462104
203_3,0.16685114215735003
7333_10,0.9979119133741494
11658_8,0.9411295367345016
11206_4,0.006113878100137127
6208_7,0.7956127771026776
7273_8,0.9921950654393443
5518_10,0.959100541763919
7092_1,0.20227382346213885
10508_7,0.8134792002348233
1196_9,0.8326072521734376
10037_7,0.9891452406531179
6468_8,0.9558732937756532
8502_4,0.273212964920466
1017_1,0.008205738505081484
4_10,0.9859627663514251
8439_1,2.6140536851554775e-05
7048_3,0.06992562730797998
3238_1,0.14964296620727746
11610_1,0.009732788441791521
3468_10,0.9925432251468895
184_3,0.14224442139610555
12227_7,0.5474110523959924
4872_3,0.17093836700639145
11139_10,0.9997621652832188
4316_7,0.7959483915093027
3071_1,0.3586562649752876
335_2,0.0017668285387428195
10847_1,0.024183101329665325
4646_10,0.9866162623071152
9382_10,0.989716624685838
6577_1,0.04287516805435005
4549_1,0.0014012899872177917
2459_9,0.9545463628020004
102_8,0.11255596884561017
1581_1,0.022798917743689636
2439_10,0.998551504372316
6988_9,0.6759096847109043
2024_1,0.03151349829297381
12375_1,0.023310869147199594
6084_4,0.10187122765904974
6617_3,0.1263374917131101
815_3,0.0549866628702937
1857_1,0.06512515396545988
7428_1,0.05410471964769329
5943_8,0.4621528738942456
11811_10,0.9221577559896033
10844_1,0.00030627967518094654
1275_7,0.9930784839491955
1910_1,0.003087540334825843
3306_8,0.9891341447512313
4735_1,0.04766770843255976
10819_1,0.08784733831442071
9571_2,0.05481917628886726
1037_10,0.9766838107443645
7177_4,0.48840884219253267
5066_10,0.7658068847590636
4888_2,0.07227953958780926
10646_2,0.02405073138715476
7929_1,1.2349033361829265e-05
5181_1,0.0005163916074987719
1387_1,0.008993139063168032
1304_8,0.7893863410299066
2108_1,0.010327048819999636
9875_10,0.9931099985068589
10200_1,0.11143332446747435
11665_9,0.9906386747216713
6685_1,0.004387081805094509
10234_9,0.9846099257786314
6622_9,0.4827488974643511
9703_7,0.47652092351577174
7504_8,0.433109160212807
1267_3,0.17420012172464047
902_3,0.05371786238982446
10674_2,0.1589986766787739
5237_10,0.9464614359982195
5270_10,0.7549397489123282
1701_7,0.7848578636780486
3222_2,0.7532876074716168
6116_10,0.6219479452564408
11543_10,0.8277341257669342
8189_7,0.07779894987854508
8737_8,0.9947934897840891
6856_7,0.0037819138428405734
2035_8,0.8908711377501283
5011_10,0.7975744803278028
6135_9,0.9897425906676628
9172_1,0.0026599504901519354
5822_1,0.0005274984357983447
8816_3,0.3122084897239155
1124_1,0.011838404385154
5422_4,0.08141839230316321
3275_2,0.016296107008991197
2076_2,0.02004333099471751
5223_8,0.8395373079966293
1814_3,0.301278716999712
6171_2,0.11903427602990341
3228_1,0.02273729435152179
3693_3,0.29650246946522396
8891_2,0.02626439344236872
1171_8,0.9872285785514833
9496_1,0.6499495639862617
8702_10,0.7012182083166945
11287_4,0.1943855794180471
2157_10,0.9706275906721107
6058_8,0.5966174642311209
4025_2,0.0053705700868411435
5097_8,0.9642627635962386
2335_1,0.004704937350526943
6945_1,0.005312306347889167
2970_4,0.026599000813748372
10473_10,0.9392215727694296
10139_1,0.1025907301075627
7680_10,0.9863148653124092
10705_1,0.008344062496264473
9883_10,0.994926960180151
2808_10,0.3606449752895125
6543_2,0.15003745352538372
3482_3,0.5643514550105546
2547_7,0.43370232840772266
8378_4,0.0030220286473631396
7746_10,0.9994733653541574
5007_4,0.04652570331926301
1623_8,0.9003156338580232
10762_9,0.9679970439621958
8604_1,0.07354300367335455
868_7,0.24561485312447426
7902_1,0.0005044019431427683
3644_1,0.4408320194229297
330_1,0.010151094868068039
2519_7,0.8959003680795974
716_2,0.7857833441396204
9908_1,0.02118966926570449
1410_2,0.7915695505306743
1154_4,0.1946300938939972
589_10,0.9624128068488327
10182_3,0.13016175004003067
6872_8,0.9339851572473024
7232_8,0.8386470634262844
4339_8,0.4841031011792788
6652_2,0.012943755253420106
8692_1,8.908715810298415e-06
4585_2,0.9433343607511856
5846_4,0.23094018322229964
4401_1,0.05321856045402233
4848_10,0.24798025958742384
1727_1,0.0009424654091603154
8038_2,0.9108634507254556
2532_1,0.12914955262232147
11010_9,0.7491667522612423
4915_10,0.8552838170706764
6047_4,0.11366466016692711
10358_3,0.043869802800921225
697_10,0.9986854103160134
7648_7,0.9851278947125687
5495_4,0.15946068478852007
6611_2,0.15806100117551983
12099_8,0.9848806980566819
1109_1,0.0038728989657949883
6874_1,0.006110066816867165
8072_4,0.6493685068344596
11231_10,0.9839248365596034
10871_7,0.959902143088327
9990_10,0.9169555652745698
645_10,0.9994016309254784
9345_1,0.3651634143024046
5298_1,0.09366721891785564
5971_10,0.12093715203685979
5079_8,0.9318641530518337
6022_3,0.0012787958114632003
4954_7,0.2861621904909915
5063_8,0.6645358627185742
843_10,0.9264678043962845
556_7,0.7755380658364095
1498_1,0.0003260799984890805
9374_7,0.4689576335213076
8728_1,0.1749998247625669
8297_10,0.6102609459799441
5760_10,0.17449363859461547
7403_10,0.06402090047931012
964_3,0.09860112606247431
8842_9,0.9460250005152087
11552_10,0.7736432926293488
5592_2,0.08382013989992582
3531_9,0.8385508934215222
9383_3,0.5950081441055861
6576_1,0.007268206335396027
125_3,0.025361744406371386
8382_2,0.02639354334647193
3786_9,0.9813035226040626
8636_9,0.9618816071268507
12225_10,0.9256745506003112
8958_8,0.9940568479158899
5981_10,0.9662617685877956
9594_10,0.9571082577636154
9802_3,0.002116185606451063
4353_3,0.04003579319972811
10567_8,0.9995321546135102
3982_7,0.3588440321364107
3292_7,0.6581576853536214
1739_3,0.003271133015577699
3356_3,0.051680616687693116
5253_4,0.0189515437189289
1186_10,0.6992916508763177
12218_8,0.6856214671321921
1361_9,0.9262397977928251
11423_4,0.020258316107243237
5649_1,0.1307419397284128
11988_10,0.33127988008644244
393_7,0.9919916897891466
8081_2,0.07473764759145192
10290_1,0.09937234044176527
5548_1,0.30501688165756424
2266_3,0.26783886585867356
341_1,0.0001185799884655572
2081_10,0.992195082076702
6268_1,0.11346088080677892
2267_9,0.9975083027040044
82_3,0.011500020292722537
11259_10,0.9894328042519837
6760_7,0.19169746656478093
6352_9,0.8337880354231424
10733_3,0.47251811811456257
7418_2,0.0016867459521126963
11562_8,0.9052519586429831
8895_9,0.9956441834414728
7911_7,0.3767955928785523
4885_10,0.9658064412397145
542_4,0.9830715501441614
6099_7,0.4437754133532399
5355_1,0.022033854642029078
3969_1,0.03683686179476918
11541_4,0.8400229132726977
6413_1,0.06553029406094933
3725_7,0.75115142650723
11757_1,0.021002286367336198
7663_1,0.04906604925331706
3161_3,0.02879536687237823
9119_10,0.9433467008074825
7726_3,0.23039840083592558
1764_8,0.9879693092031525
7211_7,0.2601769240247753
8069_4,0.08894824740049449
7119_2,0.3139278088855716
1163_10,0.9818159976888421
5836_2,0.0006205270721940257
1921_8,0.952032839678201
892_1,0.06237679049807265
7629_8,0.8963232259922115
5605_1,0.2355173678876169
3955_10,0.9996159191665281
5093_4,0.05067062316566187
6366_4,0.5789940966596674
11267_2,0.018186371938599195
522_2,0.15635650609838295
7659_10,0.975386720830527
11779_4,0.5518763783910606
5226_1,0.3251731501946715
8767_10,0.8087057470474152
1315_4,0.030099040737811975
8179_8,0.9835576602257957
10270_10,0.9779475802248032
8218_1,0.14244628461576853
4363_10,0.883592079491071
9701_9,0.9063566101862451
9774_10,0.9975778878721251
8326_10,0.9597332239274273
1529_10,0.9648852259955316
9090_8,0.9974541868491912
8596_7,0.6074103074066487
3508_1,0.2533735279111251
2272_8,0.9570604753696987
1226_7,0.44748674207310973
40_8,0.9180464680273763
1159_1,0.03573096300206268
11508_1,0.007608572420151213
2869_8,0.9684055489503528
4068_1,0.02152329816483293
7510_1,0.0010355993665837767
2967_3,0.6838405333278096
8307_10,0.7318715790049847
9920_8,0.9520536488938399
9102_1,0.2290575503179276
3586_4,0.7288140398592546
2278_10,0.998052644180558
9459_9,0.9856123993931903
3080_10,0.9503864948983792
8960_1,0.004460110232398417
11294_8,0.29068390216745554
5241_1,0.012494218131337814
4515_10,0.9991868706724062
5855_7,0.8728798397749107
12107_2,0.009479062475297369
6435_2,0.14834410959123495
5813_10,0.9995919441642382
12008_1,0.001698697749950928
1613_10,0.6165108168902701
9381_9,0.26162088237050835
4467_10,0.7475747931315962
1439_8,0.45102883281991685
1021_2,0.011943990773026098
2718_1,0.049654551750673716
11439_8,0.8280828886462132
10931_10,0.9493201107402739
4326_10,0.9767063671368567
6216_1,0.1286863801338911
10369_4,0.5054340009012714
1586_7,0.521887595913639
1310_2,0.07894684648374474
293_1,0.04807176022150262
5968_1,0.2188602519752493
9338_10,0.675939263854454
418_4,0.0885713837099017
4522_1,0.015229970208604206
3925_8,0.37878582414138684
9748_1,0.014498090786428343
7142_8,0.9928754736663354
8862_1,0.03519734300080395
10812_2,0.017461170312136377
3262_7,0.5997771068923562
11540_10,0.20980198652941692
1236_2,0.20310396034394454
10321_10,0.5010919799548212
5782_1,0.005095294580661152
11765_8,0.9919582544683175
6365_7,0.18384867101901242
6265_2,0.34727729281634573
5426_1,0.004066513441903034
5312_7,0.818661537325888
1786_3,0.031313945244597734
10137_2,0.611621928710418
9816_3,0.07863377966314405
11925_10,0.46698982256874944
3041_3,0.05167169289687419
6742_1,0.0003929355558237212
10786_7,0.6809246564478019
10687_4,0.46918447667009194
7057_7,0.15871566722377492
7532_9,0.4601842627468504
4162_8,0.9403505110448077
9911_10,0.8771402110481844
2369_3,0.6176525397245595
2967_9,0.9777365165958677
9515_7,0.8293534941139997
12035_9,0.7960818756792605
9088_4,0.29161070123053495
3037_8,0.5217002264427368
1198_10,0.9578567681286273
8186_8,0.6191372834543267
3455_8,0.8593698388771517
6676_3,0.4318188422404055
4071_8,0.9777786300170024
2244_7,0.7131808782762996
1252_7,0.9182182677155717
12178_3,0.0016617157878971276
5623_4,0.11897608753127134
10938_1,0.0021982033869678086
2265_4,0.49186354209083755
7442_7,0.21185900127003074
7676_9,0.9867962612779799
10666_1,0.004747204062788418
9430_3,0.7866094887871886
8329_2,0.009967036498940903
11933_10,0.9937583717632663
7868_1,0.00239094966599713
6471_7,0.9701103600181595
2191_1,0.0018197151393214673
3918_1,0.30066914372312187
9767_10,0.8467451585056088
11297_8,0.9066480339065983
6763_8,0.7117817156805757
2621_9,0.17782392254313312
4056_4,0.0859616980427695
8584_4,0.0031442371815959286
4541_9,0.9928105911298386
1474_4,0.6629683472162283
3748_7,0.9733446032422268
1314_1,0.002100037991008097
6195_10,0.7888890976649812
3485_1,0.04361384136924909
5448_7,0.5255181179474262
12392_10,0.6403884096910513
5807_10,0.9821810905056366
11783_4,0.8677525609055254
5693_1,0.037807176360916656
5031_3,0.026761974589631216
9684_1,0.025889993682830688
924_10,0.8272454742025848
12254_3,0.7711598742819604
277_1,0.06223512226022868
4384_10,0.8826739387099273
8288_4,0.10776623305185068
3056_3,0.027059105627168994
4683_9,0.9258697787454222
907_7,0.9547870135006963
6720_7,0.4617703725090675
12192_1,0.03579866535760565
11090_8,0.5087496198326877
4682_7,0.7799453869695074
11698_10,0.1537613757924718
1530_1,0.01468927305639015
3017_9,0.9136102938014281
9702_1,0.043447323411165036
5761_3,0.16181301486427763
9920_2,0.6988646733453425
8250_1,0.7691906255146014
11900_3,0.15937763744573047
6128_10,0.05289441462775921
8667_10,0.817658081957057
8304_3,0.046889967441930074
1049_9,0.9996490677931432
10262_4,0.14984521047146346
7315_3,0.03270777096369572
4935_10,0.976747122303996
2453_1,0.008395660835244683
4820_10,0.5086624057102972
3111_10,0.8853357314217627
10351_8,0.967759214295274
146_1,0.02734772095098064
6093_9,0.9612907090090924
7215_10,0.9776317161608497
6098_9,0.997222023414984
2873_10,0.9762780326937097
2683_10,0.6359980499917878
6886_9,0.9879480589003453
4992_8,0.5931134661013152
1038_1,0.525220818098091
988_3,0.012789490253084516
212_7,0.3833389122832136
6838_1,0.22264036866931453
4865_8,0.7419728490221865
6908_9,0.9923098364230957
8548_10,0.07393305833745936
2297_4,0.3532486298244106
3455_4,0.15737005315443775
5743_2,0.07221609065717426
5820_1,0.56499860628715
4636_3,0.1411697411903218
8184_4,0.007399155071100251
7413_7,0.8255313987773294
10750_7,0.9899529074086842
10064_10,0.9768047435677855
408_3,0.3346736815616914
10388_10,0.8797840539882199
8380_4,0.17214645172840823
8904_2,0.16523820277221404
10854_10,0.7536227864599901
11511_10,0.8263741495681076
259_10,0.9947391279286233
1580_1,0.07584541665602816
11775_1,0.08022515840513897
8674_1,0.019044987004531465
9540_10,0.9963377348705784
6177_4,0.0037541443465892175
11074_8,0.9622077796970194
7191_7,0.7221641513989392
7496_1,0.10233607716542673
4424_9,0.8763995269241563
5733_9,0.3990341214847907
2887_2,9.035006146178134e-06
239_2,0.03954898555934991
10920_1,0.08095463076177666
10342_9,0.9851153484106776
12321_1,0.006051088573533155
1833_3,0.12259772829790969
5494_7,0.4155448792737257
8687_8,0.9563335464604399
1076_8,0.9411410077260586
7638_3,0.2762314675500769
1361_3,0.47214076814590794
1884_4,0.025701488216660708
2056_10,0.6696997878371929
5_4,0.7578635454326548
1034_10,0.9129155021864918
4008_8,0.9948030573630778
4239_4,0.24304354162215772
7257_4,0.8696360915445943
9541_8,0.8646687672696368
5869_1,0.00589441934882292
1326_4,0.015559111746000165
936_2,0.049629215979794195
10473_4,0.018604923819402076
12413_2,0.05111866801012477
5934_9,0.9927645449772902
2419_7,0.9090541843443115
49_4,0.29976885209458964
2129_9,0.9276067377011974
12356_1,0.010613851720103647
9268_2,0.02098781264477495
7915_7,0.714653123488519
11405_3,0.34244180606170593
7526_9,0.9461063905455747
6639_2,0.10487278828442204
7939_1,0.004339240597298318
8934_1,0.19405552931546532
2422_1,0.01106309627519418
3885_4,0.777685679025441
1703_3,0.16570674513397313
7530_9,0.9960174680798286
5833_1,0.0002555502855177707
9858_4,0.7005277417883539
12307_3,0.014950690510828701
9341_10,0.9387611122364529
4490_10,0.9885447950722072
9292_10,0.9705984924943083
7830_1,0.014824082703401666
5329_1,0.0002240102508347942
5205_10,0.06302365136813645
2172_1,0.0495193784832796
8857_4,8.462751848900725e-06
7933_1,0.02366835302325131
12277_4,0.8373100405154316
9853_10,0.8736197073474071
5927_8,0.9994850923164293
4453_4,0.06278032072384442
3034_1,0.002278546017241295
3469_1,0.07983592500346906
12014_2,0.2324921568667452
3802_3,0.5404959578109197
10911_8,0.6179075503046321
7519_1,0.0033841166355127786
4155_1,0.13539345240312975
7873_1,0.012689353389428126
7002_10,0.8286684114158303
11597_1,0.4309125467214848
9043_3,0.10193509646432472
7623_3,0.3610907005601198
6615_9,0.9972814400931308
5982_1,0.008687560675092304
492_1,0.013632768518437678
7105_1,7.412740383267039e-05
7072_8,0.9892174343489779
7585_3,0.44021177709283765
114_2,0.058895114986519795
675_2,0.20304442972793826
5141_1,0.15277986837589752
11299_1,0.012335251055847592
7008_4,0.5576106930864012
4963_4,0.21327370225718884
9363_8,0.20370722997826732
12419_8,0.5111100906865818
499_2,0.11090386991094722
4741_1,0.0014976034063487445
3160_10,0.7486882938769253
4605_7,0.4579873949665141
7181_4,0.8899646851080084
2620_3,0.03274257499860007
7101_7,0.4772855756284694
3358_8,0.6886611467102446
11150_3,0.17391531157206305
11555_3,0.02243153304577523
11975_2,0.7544789799282157
44_8,0.9626106399122631
4699_10,0.9228018947729512
6042_2,0.08292324394616268
10368_3,0.5401052362858716
2409_8,0.7042918108659776
5933_1,0.11022350677189104
7460_1,0.000404414780197762
11653_3,0.9695827198603681
1699_4,0.5257988905788543
6189_4,0.031202955991827784
12263_10,0.9963757356461002
700_7,0.7779484970961137
1974_9,0.18642205916214838
4664_1,0.2726905557332499
2083_3,0.12390143916503168
3454_1,0.02419640909240495
3196_4,0.8776368995745142
7920_2,0.03620827511395602
10257_10,0.979314697662444
12344_10,0.9264310628612362
130_9,0.9202164624973309
315_4,0.5567962233008423
5923_10,0.9913137582237916
1234_10,0.9963638530447004
7402_2,0.1001211619143008
4634_1,0.48678195136521807
2558_10,0.7392174800637465
11220_10,0.4193998613204061
7652_10,0.4306624757775165
1070_1,0.20101303268146822
3018_1,0.21363438516349073
6365_1,0.04783217634510792
6081_4,0.5160942902970845
1015_4,0.36332214922379763
7071_10,0.56469929046794
4682_1,0.008303031306838822
5242_1,0.6551721558382178
5125_9,0.2612627834470667
11299_7,0.8434515877929958
7445_1,0.001898696183211741
8206_10,0.9820188681563563
7878_7,0.8871959498070485
11630_4,0.11722736399505655
9391_8,0.6901064881239521
4755_2,0.00031936911261941825
36_8,0.9123186837917001
617_9,0.8383891197292951
987_7,0.9260943145632171
1185_1,0.0010551137374372836
11135_1,0.001371678002355918
6457_2,0.13658997022854183
8337_7,0.8276975206159438
9931_9,0.8935108525980326
6932_10,0.7534638910861265
9504_3,0.1564649512768715
2333_2,0.013564370237741263
10397_10,0.8582828094451082
6200_4,0.08704350187558701
8004_10,0.9906191622259651
10818_10,0.991893965387384
164_7,0.4680506992075548
6945_9,0.3436542779112868
2551_10,0.6816843081438535
10887_3,0.0022836930450026802
8942_8,0.8935028110570705
6779_1,0.006823692473092398
9818_10,0.9255073127880866
11352_4,0.09827840090104144
1035_9,0.9906177786363093
9212_2,0.00044773136124851666
8530_3,0.6610792026383603
7858_3,0.15275007333597743
1777_4,0.0872197530257939
6976_10,0.9170282275283965
9426_2,0.006462944964938578
2154_1,0.14136802763607967
7037_9,0.9604510663474608
1501_1,0.002660348394630975
12448_2,0.00011124808605735246
1005_2,0.02110381033732178
8031_1,0.17946866716629664
8084_8,0.6031866952860515
11933_3,0.005233447435490882
3206_10,0.9812404756304832
10197_2,0.10057649541902754
8838_9,0.3209206007378463
7720_1,0.001752550597564703
9739_3,0.115703225101793
8312_4,0.05745592948566278
3492_9,0.6054578362518926
1133_8,0.9893097301363636
3255_9,0.6833323637040732
10625_8,0.9038638054309756
12307_9,0.8988034472263923
325_10,0.9992140268275527
4393_10,0.9334092779772488
8755_2,0.0008958294361421351
2645_4,0.009321101640202932
10712_8,0.9653613629951222
10358_7,0.3849475080681517
10913_1,0.09194608683648733
8406_7,0.3188213577048699
12131_8,0.998980393200758
8306_7,0.6591084366210264
8722_9,0.968497368858096
6363_3,0.0007049391140002937
6876_10,0.9777558993610512
10802_8,0.1970987962887529
6078_2,0.16187227926075143
4558_8,0.9908265616942916
643_4,0.006321477967626312
9956_10,0.28490967455927707
7267_8,0.7657516065004467
10491_7,0.8484217114023095
5105_8,0.9580776011240237
7213_10,0.9731444816439919
8442_2,0.209322699837896
11035_10,0.8435532737492458
9961_3,0.09591382981530285
2616_1,0.040738351552208604
7666_4,0.24546346858422613
548_4,0.5772322168900537
2425_10,0.9967979659403777
4173_1,0.012306340855669994
3558_10,0.8838089528404118
4117_3,0.40941737701439346
9803_3,0.6281630946688952
1545_1,0.00466887749656433
6564_7,0.998124452038373
1306_1,0.01085279053028609
632_1,0.01336948001479289
3132_8,0.9696934624437559
5755_2,0.04219630549911961
5282_1,0.01732632898460307
5891_10,0.999608406314563
3961_7,0.8565604717162992
4107_1,0.2233410449453471
2370_8,0.9293270879245181
1363_1,0.04608044266479553
5359_9,0.9992807125103915
759_10,0.98674657370886
727_8,0.9805367980217627
1875_1,0.09855766351012159
10586_1,0.012503729816947761
4906_1,0.2959093136551291
11685_4,0.05621110755664621
1632_1,0.22366696451615437
4913_10,0.9801424208478489
11375_1,0.004252059463094393
423_10,0.9590284425231944
5957_9,0.8948021136198132
9389_1,0.005504899642379492
10450_7,0.9379898828590731
4205_1,0.3861244560610293
2983_1,0.0013664143004531821
7895_1,0.0012712799046126733
2761_4,0.08489140519878473
3359_1,0.0011584906352285183
687_9,0.7072763790268745
8150_1,0.04632572579372923
1647_10,0.6935335238714934
10920_8,0.9954267825380261
4813_8,0.510766184982377
4628_10,0.8577308271837644
5738_4,0.08768973295022155
11255_3,0.03449395919779399
7801_10,0.609115369633081
3258_2,0.08139058149033616
10513_7,0.6579992345208836
9358_8,0.9843321670853445
6864_2,0.011279109794634319
3038_8,0.18424443945395386
6928_1,0.6871027866725362
10277_10,0.9985442870833492
9231_1,0.021470212292825454
8098_7,0.753965035311841
11550_10,0.4081979752509999
10233_7,0.6047946684220785
180_3,0.15558917052305996
538_8,0.942497406638376
4977_9,0.8100527760875819
11386_3,0.7695954806102155
1045_3,0.4241029977181881
61_1,0.1324269117361798
6907_8,0.8489940758620091
11368_10,0.6661529620292187
10_3,0.2259035133447803
7034_3,0.33359825663639386
3051_10,0.9446340133676544
362_9,0.7635498339982233
8037_7,0.994576423662683
11408_4,0.06596721872888209
8783_7,0.9907160076390144
1755_10,0.9799746745599399
3610_3,0.0017528427485135898
1376_3,0.19748231838595745
4970_9,0.5973077748486223
7802_9,0.9692484786058039
4169_1,9.25541037058428e-06
2063_4,0.7168159529622781
2825_10,0.9991958109546447
10758_10,0.9998617140715198
10778_2,0.052478309691683336
979_10,0.9901599608359087
11700_4,0.9435450530812843
7848_10,0.5580406545254042
1294_7,0.9951321280302672
4806_4,0.6826662639217693
10159_4,0.47780093285914077
3461_4,0.3570004894488679
10312_1,0.3790945085685886
4297_1,0.01648577424757965
5081_2,0.33596114866381993
2156_1,0.02899941412621741
8417_1,0.06973615459807168
10182_10,0.9811655338886773
11732_2,0.159211287983298
10078_3,0.010664133787637073
4772_1,0.010833332562951577
6187_4,0.027944020582718124
4219_10,0.9216515888016558
5208_8,0.6168416925120925
4935_2,0.005835338767565004
6528_10,0.8841892330773973
4080_1,0.4996529990088695
6147_10,0.8771955297728111
1352_2,0.176949956609109
5675_9,0.5704988054718333
3024_4,0.005742704241519229
6930_3,0.007063871017191577
7005_1,0.1033126134243181
380_9,0.5370652282627965
5923_3,0.8304524064346321
1246_9,0.45492576724821726
3081_8,0.9801091266124243
11913_3,0.16865095193969407
4112_8,0.9289818957185272
1440_8,0.9958660449209804
12123_7,0.6529022266530259
3731_1,0.007579972216044678
420_10,0.9993037867817381
5862_1,0.004785118388952865
10864_7,0.9374726194350085
3484_1,0.05459974039905251
9438_4,0.15787141912077632
7032_10,0.9995616296577489
7670_2,0.3610570857380065
5251_9,0.8291899828888876
5296_7,0.8733976096984069
9161_7,0.33764944694739996
6446_4,0.026180800128176675
11694_8,0.8329130972704761
1674_9,0.9394062699275998
8831_10,0.13620236244457562
11813_10,0.9962099959241605
3380_1,0.0024496298708242205
8653_10,0.9799591710498521
10485_1,0.03589746702545114
3771_9,0.43611036871446884
5534_1,0.026535622951174707
2_7,0.7912115506754948
2334_9,0.9966254693449809
8327_4,0.40022567793549774
8552_9,0.988717669447268
9117_10,0.979845514089159
11953_10,0.9876061055922383
7015_4,0.5478721720415575
9649_10,0.9889118082988035
1701_1,0.04720883709106682
1946_3,0.06912185546306884
1536_10,0.9676662762364185
6419_7,0.9270003682176294
6619_10,0.9808971211345585
3715_10,0.9993996260522936
6001_9,0.9665391998858746
4555_9,0.8097281501844094
6367_4,0.2790161150973162
8350_10,0.9507065639670782
8376_7,0.5510645389420847
8231_1,0.0013871313662541511
11595_9,0.9967416838729038
10372_4,0.3402458818325793
2711_8,0.8532964236899336
407_4,0.009874028491155649
10798_10,0.4759861939672309
5358_1,4.932657594337552e-08
158_1,0.3877007763922372
6578_7,0.9520171983763147
217_8,0.994133255608691
4535_10,0.9896158611309459
4887_10,0.5105000628000608
5595_4,0.7709175621885515
1837_9,0.9060251261158886
7723_1,0.0009355564919434865
1935_7,0.61818780332633
7357_4,0.1859327026206323
3293_3,0.23074283659147882
5176_1,0.026817400087472437
10930_7,0.7442868738800884
4618_1,0.17784766798601637
15_2,0.08954247666767498
4009_1,0.5971451557064371
3854_1,0.014394087576291495
2889_10,0.9949721329767368
2737_1,0.7904708107696112
9811_3,0.16922052954924915
12016_2,0.12284905929828743
8470_10,0.47321444232731863
2965_7,0.6180997690307792
6620_1,0.051230594382345764
7447_3,0.13044286492950655
1197_9,0.9978885460486063
9750_9,0.9429525325349359
3001_1,0.18451360942818362
8068_2,0.08229692793700637
5660_1,0.05963484514780298
5595_10,0.7032110810762934
4377_4,0.1593274361563666
7354_8,0.3119039747682358
11858_1,0.0486581034736857
7611_2,0.05469268218493497
6855_7,0.7518380026071491
11522_1,0.011774671183359722
21_9,0.9883265416974021
3423_9,0.9732282852536486
2061_8,0.9833466044418641
5594_10,0.6501798467918967
6106_3,0.448441579783575
9222_1,0.35332210279529785
2305_3,0.021343974456690916
12493_4,0.6316621018349384
8841_9,0.733413909142658
3824_8,0.9104379585430749
703_8,0.850299536246034
1638_1,0.004723221448437307
11339_4,0.041935393849016726
10173_1,0.02386364287721179
6481_2,0.4232846001470664
9468_2,0.38866522389611635
1830_9,0.9997676548757651
9940_8,0.5836685226932096
7768_1,0.05656435948353344
414_2,0.20056220281247766
9554_3,0.0011005766551107138
2894_4,0.00025159486228644727
2509_7,0.9235211413903657
2430_2,0.6065590639614159
10244_7,0.8504726194599342
2874_9,0.2759431050613856
4615_4,0.5577266059801366
9011_10,0.9907559167756421
8977_9,0.8315256962474081
6709_9,0.4882563526542647
7963_3,0.35144933058908695
7531_10,0.37546112206015525
5058_3,0.12085764293581282
2875_2,0.32625255698940026
9191_8,0.16623602245637853
2596_10,0.8400738853394053
9660_8,0.56909501277792
3682_1,0.06917180138150106
4189_1,0.004510058818281729
739_10,0.9353398872769947
836_4,0.37003021444237477
2422_7,0.6340569945909358
4318_1,0.004986519965296077
1443_2,0.03468524320722202
2782_8,0.9720127758428541
10260_1,0.7937025598268205
10624_10,0.9156095748658482
3288_8,0.8144752349380036
155_2,0.11147801231154322
4941_9,0.9755873072218167
1449_8,0.9996197583157438
10575_1,0.03596514315929723
3568_4,0.5432892934050672
261_9,0.9979075873484424
10420_9,0.9556451395304317
4008_1,0.12823294377467065
4263_9,0.8994964151174691
11924_4,0.11719930463813336
11488_7,0.6305473818460421
1599_1,0.03668251456155951
11383_10,0.954709674478695
1800_9,0.7918880116899215
9705_10,0.8248711508863006
10044_8,0.8805220239036752
471_3,0.35779757426700637
3494_9,0.45933458310691466
11492_10,0.6115457290605029
257_3,0.31809891991378736
10745_1,0.14272420452823403
7305_1,0.017944566940661915
6239_8,0.7336662861819797
3068_10,0.9680064530525518
2862_1,0.0005253140494448195
11217_4,0.46247368068508216
10650_9,0.909715303065279
3588_10,0.9725208983426823
8345_10,0.10205194747172701
9980_2,0.05991067001785
8901_1,0.3294492625221311
5438_8,0.9846616746695394
10879_10,0.99995639290659
9064_3,0.5446101620283537
193_9,0.6072916704016035
470_4,0.7252939411667577
5128_7,0.5554812147957187
10542_10,0.07568367841363537
205_10,0.996858508835977
8091_7,0.9943160413312594
11383_3,0.055429401034361385
10274_2,0.013158285562075935
7865_7,0.9779734456370341
7525_1,0.12834988291242477
2168_2,0.0007362587262562861
11082_8,0.571305204416581
1991_2,0.33002157094210627
10524_10,0.9965970988364085
4628_3,0.7493390273682404
4269_7,0.9149274676842944
7367_2,0.1648604546935776
1390_1,0.1296540514713897
7158_1,0.3184699223628916
12442_10,0.4864167489795335
8388_1,0.02656689308067076
7980_7,0.7085986041919639
3054_1,0.06609711374632833
11143_2,0.28051955965407677
2238_1,0.25877889698057066
949_3,0.7966217622499827
42_4,0.3384624357886181
4093_7,0.6844316247218521
3657_3,0.8880927370321083
9812_10,0.995909420760281
6879_3,0.7100543737736394
2189_8,0.9729345547426256
11804_1,0.02347476506732822
5280_10,0.891144436887845
411_8,0.169424280134002
5673_1,0.04749145675363014
11633_2,0.00359888552751686
10389_1,0.0020841363230669797
9516_10,0.8437860157792264
12169_8,0.9993846311925597
232_7,0.9490682898897285
6061_4,0.00824336419629799
6755_8,0.4928171837903195
2880_10,0.24910238112627398
4187_7,0.8774266839211443
4175_7,0.7869223572009063
11674_3,0.7630589110663069
10397_1,0.0027350021714739525
4334_10,0.6305399461935186
7654_10,0.9026886561740917
1657_9,0.9276459346150506
2025_2,0.03416616124090394
2276_4,0.015700857073891832
1957_10,0.615556422912138
11627_4,0.11690319102814498
11799_4,0.23481326718287823
10251_10,0.9986034798806788
1231_4,0.0962213939407557
8302_8,0.97328913681166
12342_7,0.09159812766673543
8105_3,0.5791228479110512
3892_4,0.06404561873185373
8473_9,0.9284968328090758
448_8,0.9279197333718981
7317_2,0.22175599885498268
2074_1,0.022478558986170787
12249_7,0.8891180194331874
5467_2,0.020763272332449508
12109_1,0.20733689398193278
11511_1,0.005126137143283387
9476_3,0.9193181786358978
1170_10,0.9734811243215795
8970_9,0.32116632227810804
12308_1,0.06353182195250781
3101_8,0.6635599736690699
3066_1,0.004552220167281784
11519_7,0.41897972689694213
5314_2,0.04976578051587285
9160_4,0.1312744805297473
6512_3,0.5743095872389934
7836_4,0.3390519008956554
11429_1,0.4126195846308221
12043_9,0.8779836506363159
270_1,0.0030831726523429274
821_1,0.38455503276248515
4572_10,0.9976787934496579
11437_1,0.004419376643007549
4899_3,0.3535030902589824
8226_9,0.9288059373204213
5445_9,0.9958556348596889
2459_2,0.10429978263951098
12192_7,0.9082577848550152
5459_9,0.7891549892888666
7308_7,0.8880017909244327
11308_1,0.4741815638302935
4122_3,0.000654235521117195
144_9,0.9353676571517511
12145_4,0.9502944711532488
8511_8,0.23129288483020907
11319_7,0.9365436341075939
9257_10,0.9950683897907274
6737_3,0.0008577210245574663
9327_9,0.9607200275642992
1246_1,0.0058924065638729295
11239_10,0.9957113815650392
2915_1,0.14226396765890992
6019_10,0.999230924317219
1151_9,0.9867659127735536
11796_2,0.16994444704351908
10400_9,0.4983551788818818
9599_10,0.5631376616926472
2283_3,0.09529817378332668
5474_3,0.09435799391504589
2670_3,1.8944844094020277e-05
6_3,0.4923742260470583
69_4,0.2926972118450907
11234_10,0.36018448603652975
6575_10,0.9997518094462017
9391_1,0.0007739140174629558
12053_1,0.008024449663337659
1387_8,0.8342022595807036
2649_9,0.5805906728798225
9004_4,0.11246729796700262
8723_1,0.050503624485980836
11609_1,0.03209148399853449
9585_2,0.5858830204514344
2736_1,0.005003180223365787
6607_2,0.30402094378312483
11939_2,0.0001943408732918149
2024_8,0.8444475684972192
1503_8,0.23439343473140353
10177_10,0.9998055256688854
10266_1,0.004026277826394689
547_7,0.11425705490472149
5272_10,0.7388277737223491
5204_9,0.6402457660834477
9369_2,0.1287498335895152
6273_1,0.02031222427448606
10825_7,0.84490195048621
644_8,0.8352871299227185
347_1,0.007028936656863206
12309_1,0.004445641621186689
5502_10,0.7957915123924587
7203_1,0.0011816289495713856
8714_2,0.11151650104371129
713_8,0.9267909787478026
10289_1,0.24226445446518166
7666_8,0.2311858553322957
6753_1,0.1836841730838367
6350_1,0.003342035432304841
11232_8,0.3097739728279294
10551_1,0.013237222253512215
5967_7,0.9580233692783958
1049_3,0.10843371421502404
11238_10,0.8386382459975013
8043_9,0.9229676390148243
8751_4,0.315523751392996
6514_2,0.17697009420128051
1461_3,0.022697332356813076
12137_8,0.7973650908271553
9884_1,0.001843651455799956
4652_10,0.9736459243451329
3169_4,0.06729714127729698
4138_8,0.9911484605327563
6125_7,0.6191556396573514
7298_8,0.9450175322167274
4602_8,0.29295520891975196
3523_1,0.15617642259926537
10990_1,0.01883871703858684
9278_1,0.025966279760196807
2614_3,0.0015509053584201217
4762_3,0.045742499871174264
2557_9,0.8923257042524669
9390_1,2.0731731659290244e-05
7144_10,0.8715569542894384
6655_7,0.48155609697785456
9806_3,0.019807288459653422
986_10,0.7543417818854314
9969_10,0.4783015940662455
8915_1,0.17559803091968004
3888_2,0.023907030249487284
1963_1,0.01113299628225319
10523_9,0.941308067492662
9995_2,0.5031223600627217
4491_1,0.4625152034820584
926_10,0.9582089686630249
5679_7,0.6302119458896754
5201_8,0.48698439008671607
9785_3,0.002192254614120005
337_1,0.008734494299537845
4129_3,0.134808613010675
9231_8,0.7922735704253488
2058_2,0.00162836846366909
4801_10,0.9804701869780733
2116_1,0.06568803403013151
11539_10,0.9993806929636715
200_4,0.29860862218853546
8271_10,0.9976012856156444
10088_8,0.4337860312937602
10816_10,0.9755576690738835
80_7,0.4803436273767831
9331_7,0.8103624402098879
3866_9,0.998132446254003
4534_3,0.2245385127051795
8981_9,0.7423047386848882
510_7,0.9225773408135
4980_1,0.0020671413627261696
3336_1,0.3010963175052588
1934_7,0.9337604973460577
2815_4,0.9943983037789991
6606_4,0.9613266947004895
11802_1,0.11795262076595409
6312_9,0.954733900044702
1914_2,0.007404425247071077
1970_8,0.9995788372436553
9791_10,0.10154538971609192
3721_10,0.7849412963983167
7947_10,0.9369541410005435
8009_10,0.953197131567584
3370_7,0.5940166960939717
8943_3,0.7640144133475777
5873_10,0.6969662345517957
7379_1,2.749407790014554e-05
3585_10,0.9976701894392866
6934_10,0.6260463226684305
5841_1,0.032630593837932535
1354_7,0.9690968592049257
9215_10,0.7973930259370295
2668_4,0.0029506333420164827
8441_8,0.9196375718540104
5255_7,0.021675136008681185
3649_1,0.006888724513834484
1169_10,0.9977328361622206
2366_7,0.9176887643369721
4229_1,0.019634250690617014
29_3,0.6167334730852457
6109_2,0.35276531224426344
11174_4,0.15443045443353698
12477_7,0.6190488442026073
11713_1,0.0008442611197149801
2231_2,0.006081162294922157
7598_8,0.9850207223302412
5095_3,0.12636725088744938
3062_10,0.8715144913516634
11451_7,0.9932296977623747
7100_3,0.0028962654646296896
11005_1,0.021508885846040316
9902_8,0.9952716085140793
8850_10,0.8673767111926685
5542_2,0.1846921115582038
9371_1,0.10771736293182194
8042_7,0.6718237592455274
1757_1,0.03743499501199566
2256_1,0.33147731411134584
9793_3,0.31265174300479837
11791_2,0.9159362651950012
4814_2,0.3758584876063892
630_7,0.7609234182611085
10622_10,0.9094246870886695
5781_1,0.08115667599397945
7422_10,0.9919951704792549
10084_10,0.9581049643666387
9550_9,0.9650277303589857
11646_8,0.6746998706401769
110_1,0.07967636417745069
4811_1,4.386817647888857e-06
9559_4,0.07372388820659363
2755_10,0.956806610479422
698_1,0.23608054750620497
8437_1,0.6493837859148823
1470_8,0.9076476646751048
11449_8,0.19771013249655384
8078_8,0.9074409742051416
238_1,0.0015092386822377494
4950_10,0.9945728000524469
10793_7,0.9220352946459328
8497_10,0.998577485134211
9160_9,0.6597220324282413
8472_1,0.3424526459518731
1583_8,0.7852887830696896
2923_3,0.39530478641652356
9770_4,0.9358304407126338
10706_2,0.22380573672011822
4573_2,0.34502284379352116
11176_10,0.9696712570910327
616_1,0.00038979989677836557
4574_8,0.9229461596963221
8465_10,0.9756257695943212
4049_9,0.9967472556968129
3707_3,0.0001421728170416213
4398_10,0.9473784606009955
11727_1,0.02276787358789879
7244_8,0.9927742459138861
549_3,0.9494920204597823
9461_1,0.5479011947438304
6748_3,0.14030395349477115
7093_10,0.5728865048284714
9115_10,0.9968966700564432
8284_9,0.9970904761118846
469_8,0.6284621986398008
1281_9,0.7447635466561879
2816_3,0.11645881329598637
11001_7,0.6932445279414524
6987_2,0.008880953746821732
5428_3,0.014032325461064057
5992_10,0.9970565245011049
2315_1,4.589209337608741e-05
7329_7,0.9662660147898098
3956_1,0.14630100435587803
11453_1,0.0581358697026517
726_1,0.0033535737861854487
10517_1,0.11122914938299631
4494_8,0.6372129542066103
11980_10,0.9808679191995167
2926_1,0.2488707947435067
1671_2,0.3961761490774165
8291_4,0.157986393317826
948_8,0.1894118421221602
8122_1,0.20013165356230186
9343_10,0.43642245220756354
6011_10,0.9707031710172925
7156_4,0.027746853916354022
9596_2,0.1155516388461598
10583_10,0.9975016002979255
3190_10,0.977997616482769
10841_10,0.538067266008756
6122_8,0.114561647070704
1315_10,0.7796555658791378
3667_1,0.03149130408990034
4225_2,0.00775885162540162
11268_8,0.9565872888482628
412_7,0.9406383005063835
4891_10,0.9050424630153123
4791_10,0.9921273352702609
4463_2,0.015191819082347019
3173_7,0.8933917454434989
2937_8,0.9282554392108571
9438_10,0.4721855352069693
9900_9,0.9544300639943528
424_10,0.993866528376118
955_10,0.9430663637774598
10060_3,0.03857635757307957
6063_9,0.9910841910135538
1960_1,0.01028532071669098
1456_8,0.8248009664004101
1859_2,0.041999096657037736
1262_8,0.8887308666248823
5325_4,0.47087676379220444
5944_4,0.14356407285392575
2805_4,0.5009561651392832
11591_1,0.001052492145587769
3257_1,0.26215844363051205
11444_3,0.14726083782870195
5446_3,0.136966889319987
11801_1,0.08241069125942928
8653_2,0.006792704517642738
10939_1,0.012156496605305992
10079_10,0.9833078622457706
8188_1,0.07728134041768926
3825_3,0.08437343992939694
6659_2,0.08360062461987733
9779_2,0.02125502363265774
2852_2,0.09841601502588969
11117_7,0.9871145522582709
4367_3,0.2704317222201097
7538_4,0.18236277785151617
9183_3,0.7100517480275121
1910_8,0.9166155466267947
4563_4,0.29419873278751785
7743_7,0.7575553674472352
6770_1,0.09511815508277213
10133_4,0.31866615157553013
6279_8,0.5001896373757146
7907_1,0.02606852042779446
1458_2,0.04547669687830366
12427_1,0.30624398306740636
3221_10,0.904069784086831
1614_10,0.9723809138536064
2761_10,0.9818221866448931
5151_4,0.07283384398800576
8803_8,0.9949407399813015
10726_1,0.01268418068432762
824_8,0.7896201583564934
12377_10,0.8012200652941345
3401_3,0.022868788175896822
3603_7,0.7138559765246362
3655_4,0.059865941955520516
9963_3,0.14504184828464042
4266_1,0.00016158581765948266
1176_4,0.024879378054240224
959_4,0.0689353134147707
4494_1,0.4306971837671673
12381_10,0.947748690270127
4603_8,0.5935976366021876
625_2,0.46013885209657734
7597_3,0.05878882225543231
594_9,0.8443551144684964
10998_10,0.9900341835717957
5122_10,0.9369459866505935
9820_10,0.9564169440618567
2428_1,9.803680822347928e-05
10928_1,0.012699782972357394
9083_2,0.17966907920400782
8669_1,0.10143205831445519
9159_9,0.9224146693263653
4171_10,0.9360446504808231
7985_8,0.8910855767427004
4181_1,0.21842245392322598
4577_8,0.1275134658274059
910_4,0.46867971690501464
10673_4,0.33492502218130943
1530_10,0.9015669623522093
2436_4,0.04920619671136157
3934_10,0.8539099137175273
9273_1,0.10623571117278102
3188_9,0.9989751060058223
1826_4,0.0022844056005960314
4777_1,0.07762449117461928
7449_10,0.9954136517472937
490_2,0.9550345914825212
1351_1,0.0011962458796520763
9172_7,0.79873950984107
6211_8,0.8303805957325104
7114_8,0.1980564360866304
1316_2,0.0019138671902480676
6531_10,0.8384264675445329
4381_3,0.0020077762983008937
10347_1,0.02175413046571235
5497_8,0.9975061358171774
7041_10,0.9949465902983373
4466_4,0.0695065861952398
1690_1,0.002174430834538706
912_1,0.03090031003060977
10342_1,0.007212293843233172
6323_4,0.2992892655664255
3243_1,0.03184614355638943
9143_1,0.06274323100474447
7175_3,0.1114817424164257
1962_7,0.2919202940437437
11135_7,0.8281360849457515
8524_1,0.7651878645707935
10026_3,0.30643001222593863
3031_4,0.48762405036537376
1766_2,0.08235665839692739
6042_10,0.6815682979301436
3357_7,0.9039435819480452
11065_10,0.29072353566484116
11641_9,0.8322139033616014
4389_2,0.0603618477501512
10946_1,0.004216776524228623
6385_10,0.9542027485471476
5520_4,0.9711273298692952
8036_8,0.9407017041726807
4726_4,0.5686772868263499
1510_8,0.05684437180880925
11016_8,0.8443477432618993
893_1,0.031075178714209062
655_3,0.48516567576619696
12226_7,0.19919840052116988
3878_10,0.9372072737143747
8589_8,0.8906415210775213
4108_10,0.8511235161351132
8586_3,0.04568241610386564
2326_9,0.9124703544500743
155_8,0.4825331029599037
11073_7,0.6312606252761461
1672_10,0.9211650014056689
1715_8,0.551635243128823
10443_7,0.8959882575457875
9673_1,0.23295401323957032
10731_9,0.5253480521312794
4427_3,0.6935539295645524
422_3,0.002295999685942797
7121_3,0.2825288287197164
4415_4,0.2936710129371779
11599_1,0.881402955352516
6015_9,0.5594455378429853
3470_1,0.00604077030189195
3951_10,0.9931595268660237
2665_10,0.8985754382694755
10295_10,0.9152906032552577
3220_10,0.999264590069633
4748_1,0.02952541219344199
189_9,0.9971962833069976
3502_9,0.40968159860192266
10561_9,0.9891734044442472
5051_4,0.910451175339227
7644_7,0.8998771003621673
559_4,0.4542930944873085
3236_1,0.09462925906492944
9985_9,0.9660766761060327
3512_7,0.9157137406476303
10318_1,0.006554528865277446
3509_1,0.07700133394077481
7686_10,0.8485595110597672
8947_8,0.9469094996980577
6783_10,0.9604107735343694
9836_10,0.999302267049802
971_3,0.057541652834045345
1127_1,0.0027651989174024443
8953_7,0.880349093822863
5763_10,0.6942956344362383
9147_10,0.6686673176663399
10688_1,0.002036077518701475
2148_7,0.938507287219736
8997_10,0.8703302078489159
3094_10,0.895985513039734
1152_3,0.32842659987274436
1907_10,0.9695626297959732
1845_10,0.9806169395809616
6852_7,0.22696673167376177
5573_10,0.9796353068334217
8709_2,0.5329392040181091
2882_10,0.9910632263022267
11230_8,0.7216327768194538
10124_3,0.6905865605555168
12361_1,0.9077613299327874
8117_4,0.2778908867813962
1192_10,0.8418210201573789
1657_4,0.15320442452295593
10319_8,0.16702139605551544
10954_1,0.06470141294135058
2048_10,0.8865409637544571
5763_4,0.1769579045186072
9491_10,0.9787789837013083
4081_3,0.31862474161762727
4877_9,0.3124865309347324
10981_9,0.9979181948046036
11440_1,0.06687626985921027
7608_2,0.006517729360564429
194_1,0.13063661653348896
7116_7,0.03480660202664902
2118_10,0.8386955717834973
9997_10,0.9804762214003375
3880_1,0.06717138496485123
4197_10,0.9348719599617198
1166_10,0.40079511392217154
3504_8,0.9250563749536886
3170_10,0.9896498417512855
1477_8,0.9184692932621137
881_8,0.9717820324714493
10229_2,0.19964894037325157
9515_1,0.00012906196254744114
6714_7,0.7565350762644443
8570_8,0.3201768073098107
6892_10,0.9962512378516073
8710_10,0.9833946221631451
9135_10,0.7809311545018007
10924_10,0.9966460245911288
5252_4,0.4988114208718919
6581_10,0.9709953732087613
8837_10,0.9660175582762969
3820_1,0.04157254520279251
9914_3,0.004833743763283673
3141_1,0.015844321441344043
7893_1,8.606925799319044e-05
306_1,0.09918151535789115
2527_3,0.5961733665197646
8148_2,0.06830262973789004
9778_10,0.9903478270948751
10438_9,0.8255324437678392
5230_4,0.09002867182532347
1691_1,0.642928247092136
6124_10,0.696071367210693
5256_3,0.4137190849679986
4294_7,0.7989442077409686
10575_10,0.9584517237050678
9610_9,0.9687696022553883
563_10,0.7957620134346515
6328_10,0.999296254711008
6903_2,0.0006204334610076541
6899_4,0.1140337700202354
7166_4,0.38661403739400085
2993_4,0.0987933602075318
10771_8,0.9696229657539324
11298_1,0.008795253032414053
9101_2,0.0030490529120420205
7716_3,0.09603636482983215
2722_1,0.11819070001445071
5227_8,0.9410317105017056
241_1,0.03865511068997751
192_2,0.01144977251649028
9006_10,0.9967717357147532
5505_7,0.5189541581156053
10822_8,0.9736879922048132
1046_1,0.08946292958413415
1865_3,0.05296510573785959
11845_7,0.7728397515184963
6675_7,0.9073197374700743
6240_1,0.006068637719601567
10392_8,0.9951923095050184
3405_10,0.9960461206262188
11919_10,0.9833557860481582
2294_9,0.9970237209616188
1097_3,0.4262438610890812
6888_10,0.9981435196075709
12373_1,0.04555963303899346
11785_10,0.053854985959768994
11805_1,0.007628761637799816
2328_9,0.8874844283082446
2636_1,0.006254670425531729
12359_7,0.5437840203687521
7733_8,0.7623824558245469
9877_1,0.18213633490200254
12266_7,0.9170038300526361
8274_1,0.09086084379979038
11727_8,0.8730150205553914
12389_8,0.8904843462877872
2464_4,0.2273275028505463
4930_1,0.06912464410532189
11304_9,0.9837542776652037
2140_1,0.07247744441499687
11168_9,0.7160307130541912
1772_9,0.953812142240761
3857_8,0.9837717266112543
4559_3,0.03369437430738612
6986_8,0.2581488259485785
9647_1,0.011860115641783575
11714_1,0.014151067209112779
5436_2,0.106488827454587
2736_9,0.8478979902174064
4499_8,0.7969446170665326
2701_10,0.9982682131364738
11604_8,0.9377924175084188
6133_1,0.11595216516744256
4151_3,0.8526790916361948
3978_3,0.02570296800757562
1973_9,0.9349243371504947
11752_10,0.9474281644078001
10192_10,0.6746907665432083
8318_4,0.06956081469731913
5685_1,0.0018384859854509708
8978_4,0.5273690248067263
12289_10,0.874303324644933
5603_9,0.9422338402096624
5209_10,0.6829388967693932
8360_7,0.868239274830668
5690_2,0.036283823259099714
8463_10,0.2271003928031886
5304_10,0.9593590438291778
720_10,0.9624494059304667
9301_3,0.11324894512105663
1392_1,0.2282971067422329
10893_4,0.30500409801368294
1299_9,0.6758967256097216
5552_2,0.08602935523645923
4348_4,0.07458384926320376
12384_4,0.03396864583819294
11947_2,0.18647055223854261
1740_3,0.024323199490054195
7869_10,0.8582152318958016
5959_7,0.6108174483629403
2301_8,0.9987225753682416
5572_7,0.9492258463379633
3716_1,0.40608253358046575
8558_7,0.9018073053867857
12210_1,0.01225616778869016
3744_4,0.056391914425124305
12487_2,0.1325992275250987
5348_7,0.46623390691988126
1065_1,0.05065980746509615
1414_10,0.7967314880852827
2672_4,0.14465232248571075
1014_8,0.21595235102697824
2248_10,0.8754019585449971
2221_8,0.37315801640483576
4576_1,0.7899238584601566
10578_10,0.9474311980925169
8525_2,0.22042742222220416
5332_8,0.31293829865650813
12007_2,0.011419051804237955
1107_2,0.2918395305380276
8295_10,0.9946301524608739
10093_1,0.0014791884613373212
6441_1,0.19683225337764135
10422_3,0.4064626346741849
11034_3,0.3080044378592971
3379_9,0.9234098430298662
7512_1,0.010918679010943708
12165_1,0.2171138546935806
11634_10,0.0297661903908403
4567_10,0.5351243683961978
6971_8,0.9151953211665452
2145_3,0.7047515980591221
5639_1,0.0001255365071979202
8049_7,0.8888979514112159
7953_1,0.08781812487503207
12440_4,0.15345602549852594
9134_8,0.992219287436109
5720_10,0.9655712579789183
1851_10,0.9170145608252359
3673_10,0.8433622402641925
9037_3,0.7521078738513721
8547_10,0.9871313536345865
111_10,0.9121607157487873
5279_9,0.9530801841163985
2379_9,0.8275426301323215
6000_10,0.8655964004934604
990_7,0.5074803027908578
1519_9,0.8897851030926268
5987_7,0.8452056596731268
2959_7,0.760695410330147
8898_2,0.04682837412748939
5746_10,0.9923372349385785
6268_8,0.18755982600776858
5449_7,0.13661324491145643
5561_1,0.0018752057875262116
11470_3,0.032992984845282694
11837_1,0.012255917616004211
6761_10,0.959232395197796
1590_1,0.032302341872133065
927_10,0.9466851999240491
1495_9,0.9343636112945288
10529_7,0.9101155290126877
7704_2,0.3423338197070455
10707_3,0.08765252774414482
3862_1,0.00854781005292317
3612_7,0.9827397083423345
8212_2,0.01605374697633958
10649_10,0.9962170910970919
9767_1,0.4403075548695036
4054_3,0.10194103928926888
9783_3,0.031211800868783002
3116_2,0.4263162241325335
4631_10,0.8154161911246088
7228_1,0.09547634473250904
2744_8,0.6992538209962962
6028_10,0.982297590017643
10812_9,0.7012928463580459
417_10,0.9724081882660794
11876_10,0.998781673852674
946_7,0.12739239068001124
8265_10,0.9748744779169544
6833_10,0.9929020017856007
4150_4,0.2931232637328329
899_9,0.8303704230509232
223_10,0.9296091445640143
7369_3,0.22210830139318588
5075_8,0.8820486287141642
6634_1,0.04066437742846878
3486_8,0.9219639666968101
11473_1,0.7055292006557631
3276_10,0.9968027335574073
3272_2,0.13791402410912848
2727_3,0.14964891302999536
4134_7,0.4393704934667386
5744_3,0.14150408675310924
8715_1,0.004804908776396153
4812_1,0.0033554473279065284
6841_1,0.03462541292395085
6822_1,0.4318990344291317
3211_4,0.7215113237249507
5489_2,0.07100733728054404
1168_1,0.27615870883320937
3056_9,0.7427641768042247
4516_10,0.9981643003021524
9542_1,0.014844826494440508
4400_10,0.9812897534190436
2766_10,0.9899769048794956
6470_8,0.7981007059811847
5434_1,0.023313471634573462
1406_4,0.4436635459870524
11479_8,0.5764234602464656
9881_10,0.7127834541563199
10276_1,1.6401821590927576e-05
2875_8,0.8723152269355725
1254_2,0.27963839128091983
8017_10,0.38345918980725946
9694_10,0.27281470476011477
9522_1,0.15172104020781482
11379_2,0.04008510996304865
7357_10,0.6921102826812751
6080_9,0.03284384504865533
2039_10,0.9958643175475962
7086_8,0.936566622870185
4757_10,0.9574299870126167
2472_10,0.5406439207685962
9442_1,0.0064554417455394445
12438_10,0.9007785641546807
747_8,0.7984100436200755
6786_4,0.2908821557363663
11942_8,0.8267403539867247
8611_9,0.8268908884052197
9240_8,0.8305948845933108
7411_4,0.015082734109377759
5196_4,0.006262409672624808
5709_3,0.2808703859940955
6758_3,0.014080274847917301
1933_9,0.9782019981902876
4464_8,0.8618386497154905
11100_9,0.878163884335033
3636_10,0.8482822108685875
12328_1,0.316880430409153
6783_4,0.3004045045587493
11381_10,0.9999220821088165
4509_3,0.052823252089511157
4775_7,0.6718447017541589
10633_8,0.9397735049454904
9161_1,0.2638149330795207
2277_8,0.9985804800821951
7402_10,0.527686067016471
2713_1,0.05025702133118631
1312_1,0.0006804808238201121
3633_1,0.04136057036570006
8943_10,0.9803650802777101
11734_3,0.6202279913253427
12120_7,0.8592565088277877
6285_1,0.3987628489905432
9296_1,1.5046060789420777e-05
8696_9,0.8803144594160012
7243_10,0.849682375726527
10135_8,0.7113658306813515
6094_10,0.9768634253255873
6962_4,0.060885848055808114
3916_1,0.035480821760259657
3650_10,0.4287777579560893
58_8,0.9993492233574877
10858_1,0.02347620765509562
11894_8,0.9285621446067847
759_1,0.16599729827012022
10311_1,0.9336423437407927
1127_10,0.8000395143345174
6723_7,0.9937528974935123
4966_7,0.9384319637653221
7196_4,0.267765580702798
6244_1,0.13393784270728554
9510_10,0.9784297336570431
3471_10,0.9067865234433652
9840_2,0.45856128481986475
11886_9,0.8613314705786943
7880_10,0.9146145655369944
6358_10,0.9858326845212343
6280_2,0.6789260750553545
2580_3,0.05308920503728466
122_4,0.09594576407010807
5713_2,0.035346262191994625
7187_7,0.6807580092936701
8601_8,0.7556135860245224
52_10,0.9821419964909729
2447_7,0.7186724255127855
4828_4,0.005934954342598773
5371_1,0.16963303105381614
5066_1,0.035485150912444405
12184_2,0.6564061607280621
85_2,0.0664899971799997
10067_7,0.9077618515339422
3999_9,0.9966515421635308
11623_10,0.9157712143990543
10826_4,0.05910649651787177
3780_1,0.001674969200043942
10195_1,0.0010986711667570694
7875_4,0.06303838215680042
8510_4,0.42452856751101675
9916_2,0.08960930491549841
10023_4,0.3691197779942391
6870_8,0.6717343665334139
4753_9,0.9684613169440673
11120_7,0.28053568202337964
2516_10,0.33383209570921724
1719_10,0.8679462843239908
4426_4,0.3550736614372618
7835_7,0.19128632685262056
5148_7,0.7974979388952667
2997_7,0.47969740846306713
2211_7,0.8022544373121057
626_4,0.8331714177266598
779_1,0.23967618730731607
9712_10,0.5985238187440289
1504_9,0.8886714144626011
8903_3,0.496929538497693
359_7,0.8584031405568096
7465_7,0.8613891268942686
10966_2,0.07188340364030932
8227_2,0.31181638499659065
10746_2,0.02216046359256941
10356_1,0.5436598413690135
12286_1,0.003820242059845124
11128_7,0.9483681089482511
12489_3,0.3752368075997161
1264_1,0.00914790530873154
3871_10,0.9904688142382828
9248_10,0.5228537049181003
3094_4,0.6136872821817334
7472_9,0.9918944121623142
3537_2,0.140981545541482
9727_2,0.1073243452940346
5453_8,0.4079406372956513
2283_10,0.9999912086238744
7533_2,0.011220586999591515
6468_1,0.0022720217365884685
12274_9,0.9862024117515973
10713_3,0.008479410665405827
8518_7,0.7232147607096311
1838_10,0.9973363449094144
5304_1,0.4671690095176117
4227_1,0.46708466994030257
5342_9,0.9414009339791881
1754_8,0.9230499777324482
4800_1,0.007684729373656907
10717_3,0.8007761817937451
1919_1,0.02390229128181289
6851_7,0.6831777454374489
322_8,0.5648251630417073
3028_4,0.04822294643964406
7463_2,0.059444652477591266
7999_1,0.09440049213813784
3036_1,0.004296572158312807
11154_7,0.7801477405356662
10501_1,0.02527200402813608
12272_8,0.9977491430421617
1738_8,0.9737421801532488
3242_1,0.023698921247021897
6178_4,0.3564813567896378
3405_4,0.06487636185567704
4663_7,0.8109867583965236
11348_1,0.0025664977405617764
7304_1,0.010646456177619047
2962_1,0.07966890762746318
11701_8,0.7782197541039687
9354_9,0.9608962644563647
9846_7,0.34558237647997986
12496_10,0.3039442700724289
5652_1,0.11338361730411207
7371_9,0.5917051651214031
10131_3,0.03907291294904582
9826_4,0.18906469546666868
6141_10,0.9957704820386258
7472_3,0.08586629320968059
2622_8,0.6562668115468095
10281_9,0.9999811251116888
8668_2,0.003962555823330299
2348_9,0.8890558795230369
12047_2,0.024957926641668623
11373_10,0.8234544645268546
4254_1,0.3597861796371495
524_1,0.28019052006042605
5808_1,0.06799055882449594
515_1,0.00018509309985597
6414_9,0.5311409154667367
8938_8,0.9680904371837739
12391_8,0.8693715304947986
776_8,0.9135873387750684
12197_7,0.8492073651979036
4582_1,0.9574131813442214
3638_10,0.9844932789875823
6338_3,0.01226815066452467
1165_2,0.019414616811072084
5574_1,0.020046785937691027
7319_2,0.1416844044037443
595_10,0.989971131037752
6694_1,0.02544865376407985
12209_3,0.3308025668023374
3268_10,0.8954581964603953
12492_4,0.3862645458233657
4738_10,0.9457340992987078
947_3,0.21634566215983622
7726_10,0.7975889984914863
94_10,0.7033508590188193
11760_1,0.5281202706460338
10978_10,0.9999806090053348
10072_1,2.467961992723064e-05
2346_10,0.9943317226964623
5008_9,0.9782211674816275
5135_2,0.020657133314933608
7979_3,0.9242147411489797
10863_10,0.7950144697326267
2862_9,0.7240852739373687
7562_9,0.9641516015025658
8023_4,0.2711934901368273
341_9,0.9049017669030557
6321_4,0.3494463146422832
9936_1,0.04751590859194569
9581_10,0.9917121738581001
3750_2,0.28109092976924327
8298_2,0.0828259686975182
5900_10,0.9993201795101209
6308_1,0.2233108273320606
1609_10,0.9848058110513723
11054_1,0.0007747363787825212
7031_3,0.039418960651849015
9507_9,0.9964401927229332
3121_1,0.019859541740551788
7521_1,0.022771418064951063
4830_1,0.24972685065013447
6686_2,0.026438824248463607
1618_10,0.02170766928331857
2190_10,0.9971914770979701
6943_8,0.8428303733479275
1385_7,0.9677082018143569
544_8,0.5898272866855175
3225_10,0.7683742905521002
1044_3,0.15080669774431407
11691_7,0.6205042533358026
6124_3,0.016598587423810433
7326_1,0.004389508484765046
1471_10,0.9933719462678736
5010_1,0.13267777300412037
2695_9,0.9599031902512937
1222_2,0.39004343434119215
1012_8,0.3956848184392761
5459_1,0.23559056958360353
4734_1,0.0021825346582653136
3138_8,0.8817436864734713
5674_7,0.6408677015289137
6815_1,0.03626513714566565
8285_10,0.9958159804790713
5504_10,0.30248253783367407
6800_4,0.04737391719440288
5292_10,0.9875703386257566
5121_1,0.00854891681201943
9861_1,0.5469826961092894
2645_10,0.9885470005193621
9422_7,0.6803484259595421
5144_1,0.00017687802739251688
3877_9,0.9120573371856437
7822_8,0.999903309265997
3324_2,0.3859126133706329
5559_3,0.07480149633762728
9969_3,0.1316452407391038
2296_2,0.2914766510188282
10021_9,0.9749296938306181
11111_1,0.0010194946682873403
1371_1,0.20933139926548525
4321_9,0.21578699282868802
9706_7,0.037877134702751974
11782_1,0.003062135692984074
141_1,0.43751761776103903
3106_7,0.9164240282565025
1817_10,0.9879258926558223
4508_10,0.7274052403604871
10922_3,0.16427083641628257
2304_7,0.9666810830094759
2229_4,0.2735259899344921
4283_9,0.4247013580639592
9087_2,0.21247803626917663
6003_9,0.767485512538794
12126_8,0.9999259606453427
6067_10,0.9622982842896906
8714_9,0.7994153520027506
11932_1,0.014421283202416006
2293_8,0.9998759013170063
6184_8,0.6271862606628972
8448_2,0.10758626218143313
8269_3,0.027677619226714342
7495_7,0.6867253084894371
8282_10,0.9887564322313966
2351_7,0.8258215483603882
11688_7,0.990013552338929
3805_8,0.7558782902259924
5158_1,0.008175777864599396
12476_8,0.7636987352031213
8265_1,0.08850301271204863
2194_10,0.970195345817349
3465_3,0.013996204898900584
5234_10,0.9350713488789344
6903_10,0.7984295153171749
8085_1,0.02182716309914264
869_7,0.9930729798878425
12034_1,0.03166488281692926
6297_10,0.8628200037416319
3194_1,0.00044686606159201624
8725_1,0.18612900136992633
9563_10,0.8394247360386905
11075_1,0.0016192924500363474
5734_10,0.9889676104437103
5357_2,0.08544544706123239
6453_10,0.9689104214407145
3263_3,0.034539977025495466
12360_7,0.916017644720479
6477_1,0.12611955562334326
11863_8,0.9381711902630224
8459_3,0.08802950227447333
10594_10,0.22213636836441766
2237_1,0.3129984605251935
7511_7,0.5973582814437408
3626_3,0.3873681217935413
6288_2,0.012774655329268029
125_7,0.6162546127001499
3318_7,0.6205933969530258
5525_7,0.22772135363235996
9695_1,0.0006450489907598762
5917_8,0.8707738076304304
8486_7,0.7675328911732437
6032_3,0.06600589339707612
7759_9,0.9753484722318214
3456_10,0.9472574549645085
1692_3,0.3714065105247346
2107_3,0.009068430135330726
11215_2,0.030083500369115487
1309_7,0.9524549784226327
6650_8,0.8093320577784078
5722_9,0.9696008388425246
4479_4,0.37801336081590636
347_7,0.8370082551495085
9399_10,0.9999567340813988
2475_1,0.12730019986600516
8229_3,0.10141764288405258
4869_2,4.91651545703615e-05
9691_1,0.0373174919463723
1227_3,0.10869585911050013
360_3,0.424919166126071
10047_1,0.09242982520714055
1607_3,0.30429106228636876
797_1,0.034748845500461825
9489_2,0.39364050113683563
1742_7,0.45466143406160786
10531_3,0.23465754333114833
4947_1,0.03513019251402075
10873_8,0.5346356021640912
1429_7,0.2529012776981094
10962_3,0.025471373554655934
3305_4,0.05514339730487738
12160_8,0.865214789669621
9236_1,0.025597838939741005
3718_1,7.292060147072673e-10
3434_8,0.9424383600921543
10933_8,0.9223828252701084
798_10,0.9235966100880018
9879_9,0.9138790654833494
6644_10,0.6520722636903683
10978_1,0.01817701425024805
7867_2,0.06365301565815137
4369_2,0.011418402721027001
1251_4,0.9044346044330674
1500_2,0.07104432791247225
7574_10,0.9979485044422762
5470_1,0.01905827159765214
2407_10,0.9811662831554476
3451_3,0.39025863950527284
9385_1,0.08081611220229722
4078_8,0.5645148666809212
3229_1,0.03910874043865077
1786_8,0.8521510406033646
5173_2,0.6678160295566479
1211_8,0.5490505434425125
4303_1,0.01025104578779947
6011_3,0.09145082888762995
4513_4,0.717259686677973
11745_9,0.998144573433371
9675_9,0.9553170491303153
11981_3,0.2513931385140014
5977_10,0.5722543209376606
5023_4,0.4290933943021591
8704_9,0.5794013620002327
8644_10,0.6997127715957202
10557_3,0.016345559930286867
6549_7,0.9700045177551464
5557_3,0.04382202100761723
6402_2,0.6956844991243437
2642_4,0.2165253402443149
11796_10,0.20281239622409158
7102_1,0.016395558045802283
7968_8,0.9584619069597209
11764_7,0.40879048695242265
9415_9,0.9331669448430372
4817_8,0.8901615154236585
1007_4,0.38504395346700954
10943_9,0.9313123977471156
7280_10,0.9838131634970507
6068_2,0.5710061502276884
845_10,0.48384946249556166
8377_3,0.0007307105449802139
8445_9,0.9715727112887989
563_4,0.9319530757096233
8761_9,0.8921593478662379
1552_1,0.01511818697478208
9630_1,0.0005223602841574852
6444_7,0.7983259460978809
3188_1,0.044604473302443444
2142_4,0.013317602266649775
2045_10,0.9895555506933089
2477_10,0.8918722157096196
2597_1,0.06611758075279292
3137_8,0.9520539294581271
1345_1,0.17698669975555875
8498_7,0.8641039124462092
6550_4,0.23817375295600426
9583_9,0.8800712958625414
7506_7,0.5692604809644887
9316_7,0.42698261183266994
11473_10,0.9541856043484287
3003_10,0.9362486097136996
8532_7,0.06734688588950827
5654_1,0.43057685716935507
822_10,0.4401185017398396
1312_10,0.9996907116404394
9665_4,0.3147530428309634
4442_10,0.8134062637173688
11758_7,0.9638699688894943
11185_1,0.5493284132128505
11588_3,0.13115451022809727
3366_10,0.9418041616068197
7050_8,0.5906166044171265
4778_4,0.016587852556973925
1_3,0.0411235501798802
2838_2,0.01810156434883044
6910_8,0.697717977067597
3257_8,0.9382828039497996
9111_7,0.9633666844372123
6458_7,0.7531554895481473
5622_8,0.4142323696724547
12469_7,0.8773671803259554
9670_10,0.9959573370682796
8092_4,0.002572661779388756
1683_9,0.6018533679648232
6181_4,0.08757740783257438
8965_8,0.6772262680987492
5186_1,0.009359823831211301
1250_2,0.013880612899774903
4705_10,0.9673725470102007
10261_8,0.9845780531609281
350_4,0.9286061991023745
12302_3,0.0022512775863486054
776_1,0.7524867461606216
7424_10,0.9910647577996197
10383_8,0.995969725391507
360_9,0.9981487057322065
5798_10,0.8633164154430936
10720_4,0.18785195277810193
6009_8,0.9396215611116808
2319_8,0.9264225332211156
7053_10,0.8045191652377516
11210_8,0.8445306373633856
1985_10,0.9534409798390158
6056_1,0.34927178010535037
10315_1,0.6215563580103719
9_4,0.4055924848281885
6530_4,0.026353325871886494
1367_10,0.07915375177154851
4564_2,0.007257321912952836
4343_10,0.5942293234856029
654_3,0.2032677561931415
4857_1,0.00395505419031482
1377_10,0.9493603391150546
8072_10,0.9955477373125234
11433_7,0.8911950941387471
6586_1,0.3957222105779992
10255_1,0.8848428078299879
350_10,0.7287738689765183
6853_8,0.4436581012210303
3693_10,0.9750917613033384
2589_10,0.48222487663476393
895_1,0.3006924719618463
6854_7,0.9724892406920941
1274_2,0.07797137924891459
9179_8,0.9725273139534596
10141_8,0.6671376789418295
10727_9,0.9829061189478261
1158_7,0.8395995851767118
9949_3,0.05657327737770331
7798_10,0.9945724066558176
5964_7,0.7326347126188203
11221_10,0.9937531798766669
3053_3,0.053944084481449335
8817_9,0.8152085604280386
5850_2,0.01668313014677666
9635_3,0.07031976036420294
5000_10,0.9728007942455792
10040_2,0.19667835212397825
3065_1,0.07923995070067139
2196_1,0.4872480597142685
12428_7,0.3898550548722694
8454_1,0.36470346711475177
11456_10,0.9657221721107583
5918_4,0.5662237974845892
10687_7,0.9258263055706792
10507_7,0.32876888822596256
9051_8,0.9422826122361915
6315_4,0.10430923331394809
11266_10,0.9609411872602056
5890_3,0.604252425245206
6257_8,0.5591378860865858
2923_8,0.9830941559115827
2952_1,0.002543017540827118
7269_8,0.8510850526692664
1116_1,0.09674760473697552
11084_1,0.06795519320308555
10287_1,0.04708689879220596
5704_9,0.8537559599671166
11218_8,0.9590669387046461
12275_2,0.2574618762092165
1414_4,0.20949922807523075
7998_4,0.4520276115967807
3286_1,0.020237839154084714
2515_1,0.6689936247544349
851_1,0.2705959670278086
5181_10,0.9964512433292827
5358_9,0.9296695537285984
2677_10,0.9397603282582424
34_8,0.8897987985131172
9232_8,0.9072671460725368
5835_10,0.6062518662037988
10796_4,0.06611101175862975
5553_8,0.9914982269652354
666_4,0.40666565162730833
9450_1,0.007254255573270182
10820_8,0.984392868765544
7994_10,0.8043949861363053
8948_9,0.8834612895464883
3301_2,0.3292756229136911
2801_1,0.143031754782272
4934_2,0.0012502186615274298
1539_10,0.9834349933340037
10949_4,0.2382630396125885
4394_10,0.989905867994694
4098_8,0.9704507129631504
1617_7,0.054896862101536194
9569_3,0.3219754539164113
8593_1,0.00021847493979966186
3449_1,0.03634260071070579
8372_1,0.0700159050318107
815_7,0.8883513492174404
348_7,0.5806314581258671
7220_1,0.4589433344735971
2633_1,0.009038943348739009
1752_3,0.5229428704455977
3347_2,0.2988502343307928
4967_7,0.7860421554358884
10910_8,0.9478393323007469
3147_1,0.4340751296987108
7791_4,0.207486235615351
1588_7,0.9496460922960429
8405_2,0.46454349318694965
3826_10,0.5564644187427626
3178_2,0.07220682089979057
4420_4,0.12198180166898444
246_2,0.020977794604693747
8462_7,0.9042162814702125
8264_3,0.20761208556509625
2695_3,0.07939898444871493
7258_4,0.3329372124820443
5787_8,0.8072816395408232
11668_2,0.1345241059630002
5529_4,0.9915203539616111
8923_2,0.008343714468929165
4784_1,0.09551109262149222
7730_1,0.257651749011022
4455_4,0.016916954272098696
6416_1,0.02357738239047099
87_1,0.03833740930558867
9548_8,0.9612994515170353
1285_1,0.005263452071335432
7695_10,0.9818101624082466
4364_10,0.9122929957340249
9394_8,0.3488988406134808
1253_1,0.106486545585499
2481_1,0.15192062018170863
6790_1,0.004759829292308225
9989_10,0.9661278463133713
1483_8,0.9542327734572725
8772_1,0.05430664791365424
2993_10,0.959528640710832
1801_1,0.08564705936202958
9434_1,0.003097475779663327
7938_10,0.8558511450120966
2262_1,0.0019981714211953668
5076_1,0.006841334461944997
10994_2,0.009394394062458865
4749_7,0.9577720007516127
8309_8,0.2595135531199006
7031_10,0.9682580588032795
2711_3,0.09342613180337452
8655_7,0.792307625507648
11329_4,0.9826748669615258
9076_3,0.20272966502661094
11647_10,0.8537419031441614
7934_1,0.029072369358112114
9114_1,0.007437030051340471
6510_7,0.03750280655909452
11487_1,0.0036663864791545613
2348_3,0.4396312908234433
12325_1,0.14889217115569794
6405_10,0.9420167592822254
357_7,0.8513180771191694
12253_10,0.7919669690990342
4927_10,0.9482960532257569
8636_1,0.011763403799411242
11184_10,0.9918781917607145
9974_3,0.17628008512888219
6516_1,0.4685154149689588
2167_9,0.4295480167073781
10794_10,0.9660408546790562
966_4,0.05308580945778739
10040_10,0.9977338776614788
5940_9,0.8616733101698664
9181_8,0.9310940416323594
2196_8,0.9916090368197471
6361_4,0.12420475588843989
4243_9,0.6653950033732634
581_9,0.9922357674656805
7195_1,0.07101776477364351
2986_10,0.9948302224299284
4344_1,0.028946022802163573
7176_10,0.3645854782229902
7857_10,0.9507782161811907
6487_1,0.017038091841636047
3692_10,0.9698708552237507
12198_10,0.9474696045204111
10569_7,0.5334059583591383
9850_2,0.3777238424915199
6415_1,0.07143258241375282
6373_10,0.9229705929231081
5103_1,0.2997989280582387
11048_8,0.994757745123859
2055_1,0.04462934725135142
2920_1,0.06133546373166487
8667_3,0.19418052434606123
7059_3,0.41188809833145124
3887_2,0.09814244899311861
12356_10,0.16811267541398797
5402_2,0.39823853827155065
10274_8,0.6041974285764987
11831_4,0.7648184308829467
5375_7,0.9063309952609148
7875_7,0.3778529002454401
2733_8,0.6660297479315006
6420_8,0.9386032109304553
2240_10,0.3768691448964418
10627_9,0.8459094033514222
7319_8,0.8348027299230322
7782_1,0.015198471268951954
857_1,0.025088901965028648
351_4,0.4458154242233889
9260_10,0.7079685041758661
6891_10,0.9832640397549864
8205_10,0.4603048416144575
1179_3,0.0017221659668200605
9061_4,0.36408541430247465
3571_9,0.9673423540696192
11352_9,0.9992333777666373
11770_10,0.9066092214931244
10714_2,0.322059717140151
5397_3,0.15749712053043016
2360_1,0.022101516445739617
9459_4,0.2465613087658527
7493_1,0.14372406070900734
6799_10,0.9995215671608846
2313_8,0.7590259437039418
7602_10,0.9780337586240325
1731_10,0.9917487720818237
8502_10,0.677547255967808
5632_1,0.0004010809277860988
3723_10,0.9857574661452859
6473_3,0.492542923255114
3596_3,0.0035889893533041714
8583_7,0.9120939114852546
10902_1,0.029991162904604886
1032_1,0.5279879540833738
2931_1,0.003734386652717192
9930_3,0.3488902317142483
11825_10,0.9625598230856502
5384_10,0.12506883450741196
2492_4,0.5594516409500894
5008_4,0.13850414736039815
7334_4,0.1432603749705266
10082_8,0.15576527307050306
1395_1,0.014992440173466138
8140_7,0.6085446137956523
2400_8,0.9993779934809287
11462_2,0.020268554187580324
6632_10,0.9086302519026217
11499_3,0.9277878689461069
5576_1,0.022939514898761153
1172_7,0.999199363168273
3053_8,0.968464281210255
4119_1,0.027580430394460204
8165_2,0.10370387926546498
8333_8,0.8342213163705425
2242_1,0.0037509752179364438
6132_1,0.166180160736181
12270_9,0.7966411284577428
11456_4,0.6875991176354083
6898_1,0.03164255339977627
2512_2,0.08055979356960234
7045_7,0.5297077511673716
2808_4,0.0013747891806039796
6257_4,0.015169960314293941
1971_7,0.9246147190077187
10565_10,0.851082746592846
930_10,0.9620713284336037
196_9,0.9182659883825524
6535_1,0.11914968130803529
5257_1,0.00043053159675715205
6759_4,0.18723307789744015
5016_2,0.00644449357385561
10959_1,0.005709083746288933
4450_10,0.9895484450047696
6678_10,0.7539965874686142
11286_8,0.7366629923013033
7200_8,0.9952989027110781
6660_7,0.5375559224234028
12481_10,0.9814285233772678
10278_4,0.2687892437914998
6233_8,0.8357836243965698
579_1,0.029149311280899568
8519_3,0.13442634295082106
1220_10,0.8750415586698908
2342_10,0.9947885525776059
1860_1,0.012063714018283947
7273_3,0.13472652079084524
4653_2,0.0886409236889604
6878_4,0.5252412796419323
502_7,0.9100122519535088
2406_2,0.022304171485088
2021_1,0.0005904394947114237
874_8,0.856409800799685
4949_2,0.027428094237672083
5054_3,0.3831769062372422
689_7,0.9660368929548823
9643_7,0.9892204084328119
6445_3,0.00180882848297355
2377_9,0.685955758303566
6107_8,0.5409907990107826
10368_8,0.995650509100469
10444_1,0.0005609607275451543
5498_1,0.13282340280371557
1018_7,0.9792149675959545
2718_9,0.4185800927966795
2418_2,0.8484957180376527
7412_7,0.06689132032153264
213_10,0.8820953345249452
9417_2,0.007217823476276635
1194_2,0.036547141204807135
9366_8,0.9650082468977306
4769_1,0.01523288030291987
6667_9,0.9920994096617092
9361_2,0.47302177431744363
2182_8,0.8674060902441433
10677_4,0.0021590060781308423
3931_10,0.7793459786982291
120_9,0.7026884732410473
10837_10,0.7979645277785301
10830_1,0.00033941070478111417
3679_2,0.591780740203645
9094_9,0.7014552548718284
7880_2,0.11793125000797584
4969_9,0.9885375634469732
3418_3,0.007566285992233877
5490_4,0.15713663908456732
264_10,0.9901643218824594
1602_10,0.8362301553911086
5019_9,0.8206335748346281
12000_9,0.9374528791067893
10794_4,0.8286776752190032
2504_3,0.9852518295825787
12340_4,0.6411922439810422
7732_2,0.5876011561021265
2028_1,0.008344065639362573
3986_4,0.2833195499377583
5100_10,0.9545306499965569
2135_1,0.004497410108125389
10227_7,0.35810546144539696
4413_1,0.8884214826044017
5205_2,3.051821521982516e-05
45_9,0.9804577510514287
12151_10,0.9704235478139096
11055_1,0.0012355831906055578
2632_9,0.993610583562213
7047_3,0.08707822611343562
1915_1,0.0024183990625658604
9666_10,0.9107085110235086
10027_1,0.1542186326608223
11024_2,0.0499333268141104
6482_7,0.9046916541193176
8060_3,0.1115871678121229
9876_8,0.5082687212420112
3839_1,0.01975248608018863
3682_9,0.8128982273854106
5962_3,0.140938691261204
222_3,0.02627679868939126
10460_10,0.9832579422854117
8543_1,0.07441668957554895
9443_1,0.00741193181089694
10201_1,0.9411100149134348
5046_9,0.9972447891584605
5899_1,0.25407213481561225
10140_1,0.011985996129572764
5009_1,0.39614377099634934
4626_8,0.890613214096669
9033_10,0.9878918276841551
3243_9,0.9746814583277617
6379_1,0.118090881929257
4949_8,0.9601203780684214
6119_10,0.8888532969003161
10336_7,0.8891213998897398
7344_1,0.0017794434401846762
3294_7,0.9066412521244994
4385_2,0.14889116943837255
2172_9,0.957930040395714
8295_3,0.014585718635626186
1031_10,0.5651967993114672
7577_10,0.8278814129227466
6778_4,0.34293318098337944
3154_2,0.672237432125295
9585_7,0.48443962830447607
3445_2,0.31939835679501666
7416_3,0.146795948676345
9780_10,0.9786072127234433
480_10,0.6928649464575352
837_4,0.41858181957428436
10166_8,0.9913373508351678
3695_7,0.05811708023803712
12417_9,0.13470068631338603
3932_3,0.015355306943141026
11790_3,0.04799819074947679
6917_9,0.9869782376394686
1975_4,0.7021948881097844
11249_10,0.3662666756738827
7366_7,0.9464787736716581
4579_8,0.9906547125134296
8415_10,0.9362618914828751
2004_1,0.441680064448062
7599_3,0.04038281222184662
12259_8,0.8787880448462381
11005_7,0.9148761573907678
11914_7,0.29638963707289906
8498_1,0.07603289916798818
944_2,0.019049212945575763
7183_10,0.9747038923971436
4422_10,0.9987994717225476
6791_10,0.9323499084001966
9286_1,0.04176022166427974
3325_10,0.999605250852491
5599_2,0.0005195598809552904
3064_1,0.12169536333523792
209_4,0.0013067382655539245
1904_10,0.1024024676635287
10699_3,0.46669193722510677
577_3,0.12792759671813797
3157_1,0.28509687132697586
1582_2,0.16591600886474642
8044_2,0.16918661162675766
11208_1,0.09812785184028675
4708_3,0.25810266302309526
10439_8,0.8194394459837513
11083_7,0.7180240769018666
8066_3,0.0876124576013104
11327_8,0.9941126092495565
9224_1,0.08989776376715
2165_8,0.9513602875382974
9892_10,0.9982090121044057
4402_1,0.0010904682092088616
11804_10,0.9993076120653157
1296_8,0.8044613276750772
10562_1,0.23591547091961165
5003_10,0.5519389028242391
10448_1,0.0006081865851588324
3274_7,0.9610115041395763
6344_4,0.3961255938607493
8129_4,0.17109036703590433
9525_2,0.0001750103802662848
661_1,0.08458515060547867
9398_3,0.2222925428650321
3639_7,0.9689556890266182
5527_7,0.9430596057898574
7790_3,0.4231548610799062
9550_1,0.2263385361514686
2042_3,0.04014510448472179
366_1,0.004418191851111397
8446_3,0.7028768852279309
7859_1,0.06242186759429658
5587_3,0.2922742253880992
10604_3,0.00999006074878672
5245_1,0.016612873579903167
804_8,0.8537957853719328
9098_3,0.07055601761014073
6240_10,0.944370389232147
3960_10,0.7531218900571235
10536_8,0.9994805470539923
8793_1,0.08006882180203942
1586_1,0.00012250005703175407
7131_9,0.8957936238905709
11338_9,0.7619712676071728
1053_4,0.025590184557379044
11170_4,0.0991455979377168
6806_1,0.6780298000896927
3741_4,0.41655925945103695
1231_7,0.5426626686335544
5499_8,0.9654754410463396
12452_3,0.7066119398291503
5331_9,0.7344462410485446
3302_7,0.8963639162893694
6214_8,0.806253410067533
6908_1,0.15318864438246504
8510_8,0.4278388700805584
10522_10,0.9926206046318486
2844_2,0.056998470289516
11797_3,0.1274592139210673
11237_10,0.9613434067865564
6762_3,0.0375281439083033
897_1,0.013379316654653283
10312_9,0.9928955050127584
10272_1,0.043303090100527374
10814_9,0.8051440065871324
4504_1,0.003711167081044262
9389_9,0.18739003120971173
9035_1,0.007043608682096137
11306_1,0.5336628428527679
6309_4,0.7119156232807328
5179_10,0.9373603303561557
6099_4,0.4017811031912473
887_8,0.8910597282838508
10220_10,0.9808683767313663
286_10,0.7921648094011176
5809_10,0.9454932600050137
7725_3,0.09332832954059543
9722_7,0.8886931544197321
9104_7,0.33953636610162957
7313_7,0.9688919550225153
1706_1,0.02598169024346756
11737_4,0.466666134969555
11203_10,0.768416170350343
7767_4,0.05074929258268488
1822_1,0.0012066179277878972
5113_8,0.9795769861649173
5456_9,0.7380898817774076
6005_1,0.22741281406255043
2026_2,0.001642432704040177
1379_1,0.4878696112341615
3048_10,0.9922141080448779
5070_10,0.8486244803219931
8985_1,1.4605563115865088e-05
1643_1,0.11844391514156344
400_1,0.0006626697220116684
7546_10,0.9853500403254613
3438_4,0.15989269549098975
12136_8,0.6694300331456848
6850_2,0.14250474058367815
9054_8,0.8360851172952762
1555_10,0.9943123862221066
7103_1,0.14107410594896
6218_1,0.19450571081075935
1619_3,0.003398828733797262
5187_8,0.5087132335108587
8575_2,0.005665254789292405
1593_10,0.6042143257066734
3910_1,0.00835628701676528
5743_10,0.2969932570584944
3061_8,0.9549555159991048
9633_8,0.8412504101208332
2488_9,0.8085663132465827
11711_4,0.41782827316874893
11282_10,0.9597845734614338
8919_10,0.993810247134104
6139_10,0.9875016425889324
8032_1,0.005700856370565435
4287_4,0.19710120604543976
11044_1,0.003753976447863446
11123_8,0.9948647567682646
1828_9,0.9959176726107692
4232_3,0.07251931752284027
7258_9,0.9829629094375496
1078_4,0.06911270057731829
9967_10,0.8571841430626369
4975_3,0.29181443069126256
9974_8,0.8361135458481723
424_2,4.546624798505283e-05
7181_9,0.9534327696101568
10703_3,0.15234412645553688
3157_10,0.9727121925402697
11096_10,0.5617042314313954
2185_10,0.9995168240430451
2779_4,0.05060397602542027
9342_1,0.01562272679423583
3615_8,0.9644634107566319
6777_10,0.38140066708859943
5440_8,0.6698625004691844
706_1,0.8493028678428938
5909_8,0.853588293611104
9578_3,0.08617301514752436
3393_4,0.15354626377320627
428_3,0.061058261815104174
651_9,0.9981061776460309
12433_8,0.3594975741892048
8643_4,0.017965370296402966
5826_10,0.8973014928645844
4060_1,0.2968905201520369
3310_8,0.7003973627785968
8941_3,0.6173511252721436
11493_7,0.48198857507631515
7896_8,0.7529530538541656
541_7,0.832620448735647
10614_1,0.07698487616226786
3751_1,0.012840991882168657
7851_8,0.7916148571410142
5940_1,0.3143540616891668
911_1,0.0015155382194489261
1233_1,0.2637396546185044
4995_1,0.008076610522493742
2771_9,0.7675068999115591
5085_8,0.5859908468091888
6521_8,0.8495123407905305
8106_3,0.042366913346064294
2962_7,0.2767989443319433
1621_9,0.9129898919148204
4981_8,0.6693766924498668
11884_2,0.13408585609387416
6038_10,0.9915617019605157
7118_10,0.9830422099628794
10365_1,0.001160854076680314
677_9,0.9149923779583693
95_10,0.9737829871077804
8211_3,0.681066182744093
11906_8,0.9039974455299709
3038_2,0.03743947690844836
10503_1,0.01396449445195773
11260_4,0.21268444540911804
11333_3,0.20739065389519054
6954_10,0.9759207920046323
143_8,0.6223970155196891
6458_3,0.02773651158321092
8784_2,0.00586445653298284
2604_1,0.026496454180566807
4374_9,0.914312790571771
1323_3,0.5110077822483307
2647_2,0.09202514754405931
363_3,0.0695734820447527
7556_1,0.28133633731241336
11101_4,0.8090745402925535
8945_7,0.49052682549619286
10630_4,0.05727331064924343
11174_8,0.9555423008529258
7927_3,0.0811373893993568
8433_1,0.007968198394351303
8814_1,0.02268291573405204
11746_8,0.9986247234741958
2462_10,0.7649841170501249
10036_1,0.0005446078977471145
10628_1,0.006734794945038001
4782_1,0.011144529786424337
11244_8,0.18184952522971343
4815_1,0.037599211292995635
6974_7,0.9483671927900481
10180_1,0.013204195261889545
3538_1,0.011654453022267742
9319_9,0.9580420332833086
3542_2,0.006810407630112762
5583_1,0.010240231607161332
215_8,0.8167351989345892
6949_1,0.0027862806132678474
11401_10,0.9412013576980782
3468_4,0.6642919755519348
9478_7,0.6194130977840151
12368_2,0.024742793903347864
7534_4,0.029156826666344487
9256_2,0.12460763837827968
2192_10,0.872973127423587
10617_3,0.11598169749417866
1464_1,0.003311977194579792
969_4,0.19205352403257123
702_7,0.9302741678430697
470_10,0.9850643934860225
2575_1,0.00021929078503395976
3059_2,0.03329011862640527
7229_3,0.042126679411450915
7437_3,0.2508602775430296
2560_7,0.6540724626143938
8444_4,0.027422783865668935
1900_4,0.9300816767679143
9057_4,0.897870265393006
10101_4,0.008528559032988754
4914_2,0.011738848586078914
11896_4,0.9679083585411161
10430_1,0.29446882694240634
786_3,0.033458145024319194
9834_1,0.2539867880516724
2040_1,0.0024420935926655475
1435_3,0.012674609580501104
168_8,0.6877093226951566
6504_9,0.9994078674123055
3677_1,0.009832548419691771
3652_10,0.9965049118116533
9821_10,0.9924044343280706
8695_8,0.9130397653700769
5728_10,0.7018332651854472
2856_8,0.4588564282938377
11548_3,0.15175619794245834
9435_7,0.814221098194678
7910_2,0.05381137127749352
4658_7,0.39186407151824404
10111_1,0.023955256373626877
12306_1,0.038232130353912826
6380_9,0.4493066915024285
3507_10,0.984466521834963
11085_7,0.7467104976518355
4268_8,0.7651736743807195
1702_2,0.3413436528558964
3045_9,0.9938124902964114
3338_2,0.9250758581184059
9288_8,0.9701451895420804
1580_8,0.703497810683452
11976_10,0.3658563472237571
9216_1,0.0035824129481109635
2015_10,0.7927251509509228
7665_2,0.38497661638843916
10545_2,0.17126971026962232
3819_4,0.07245617701654251
8005_10,0.9595954898080389
772_1,0.005470347899970628
3882_3,0.12415743206371209
9001_8,0.9747591609466119
3000_1,0.0020832577823112377
3357_4,0.08086261648576153
2559_4,0.5478995000547643
2178_4,0.4060295297565586
2249_9,0.9958264008967004
9616_10,0.994996544098122
11797_9,0.983022646039008
9061_10,0.9011756758237275
10994_10,0.8550152135685609
1076_3,0.04563254828752494
10774_2,0.17820047382115328
10983_10,0.9553255630915415
9271_10,0.9104540677354223
3205_9,0.6252657676877162
4987_4,0.47121864306266864
10926_1,0.12593275526961978
9150_8,0.9628682358078892
614_2,0.03976465551829497
12332_4,0.7466875688852587
9100_2,0.365665883755426
10499_8,0.29795325432751574
6143_9,0.9822298306395185
4113_8,0.9680880582740601
4705_4,0.0068560508258907115
3115_1,0.013556753952759099
1041_2,0.0355132439105727
11601_9,0.3902496450128185
11045_8,0.6929876817335118
10615_8,0.733375846779676
7631_7,0.766982691327925
11829_3,0.1802786289880825
6941_1,0.20698837048700544
112_10,0.7852794298517907
4220_8,0.11143385298328802
2812_10,0.6803100045168983
10221_2,0.04175824307109449
1944_9,0.8737448354117888
5866_8,0.7795040254368677
11615_1,0.007888034846675359
3066_10,0.9854408682691194
5757_3,0.019551389869317495
10569_1,0.0002545598074424241
10633_3,0.061816133128779205
58_3,0.023353118435850893
1126_10,0.9459570447510186
4357_10,0.9107728248608262
6768_4,0.725269864341657
11354_10,0.9013202044110787
6412_10,0.40096129619464954
7547_1,0.1296075055630955
5198_10,0.9110611189211594
5697_3,0.000636462244863186
9757_3,0.3454967515296421
8034_3,0.019765303206283776
8612_8,0.8682616014486714
8691_7,0.7941666077076123
6731_3,0.022646100989108676
12190_1,0.3809314614379981
3180_1,0.0009722672495107434
11068_10,0.9744565320576439
3752_4,0.029351006336896926
1995_3,0.33742896979077425
5517_10,0.7334473394515902
6532_9,0.9575345632622482
4435_1,0.4540755236876283
5527_4,0.3629783591360168
5059_4,0.15259436336989754
12044_4,0.7670089697924786
3479_3,0.5112051813887217
8399_8,0.8221049245912719
8897_7,0.994567576358699
8342_9,0.873138219092246
7018_3,0.2730811177938164
2497_7,0.983505604555564
10152_1,0.007153988613746955
11583_4,0.07569242187617527
3156_10,0.5120040735115432
5259_4,0.7834420477167501
2581_1,0.061744523062509424
5224_7,0.9750039687354229
9024_3,0.15338736333119843
8026_10,0.5500124060036827
9588_3,0.05150406598329934
11001_1,0.01670686426607657
6432_9,0.9869336896863063
8524_9,0.9850699028234171
12457_3,0.030664935031568745
8426_8,0.9707087249543771
11355_10,0.9404994584038308
10337_1,0.020260370916991167
11911_3,0.054971825946481756
2655_10,0.9128014255912456
4265_3,0.5461338599029963
6542_3,0.12899650258697587
9681_1,0.007233898244909133
287_8,0.498939121527447
1864_1,0.0006649593668665613
7655_4,0.30598646406539753
3613_7,0.8807618377340793
11041_1,0.3239393080350218
12070_8,0.41433300939971396
10856_10,0.9808844887040078
7365_4,0.08354061365528549
10025_8,0.9907730088410526
4693_10,0.983536266859745
9580_7,0.8591163681223176
4669_2,0.5928529063287605
274_9,0.9906725543399403
1570_2,0.175406558731066
11040_8,0.9929521184867557
2243_7,0.8330280928135111
7043_10,0.09319065597917449
3719_2,0.011110901442189966
7635_7,0.09065921668260189
2327_2,0.012044187500419416
4229_9,0.10327570347810193
4121_3,0.07696553921639894
6064_1,0.2294580927871968
364_10,0.8091231949528024
1161_10,0.9653264984229024
463_1,0.020029163909010883
9291_4,0.17343644473876033
8827_1,0.07922764363477484
2292_1,0.002270622775132643
6935_9,0.83082552230554
9226_1,0.0026584148460407704
7612_4,0.20606346551797888
8575_7,0.62349523371154
3475_1,0.3244534377805864
1880_7,0.3752592269627976
7265_7,0.9307648404572076
8626_1,0.014925829236341214
733_1,0.056517259388718204
12100_10,0.9950498986927723
1069_10,0.9832792089757606
11364_10,0.949913498639482
5496_1,0.06341809596985326
7253_1,0.018474057278631946
3159_1,0.48774406486610766
9131_10,0.9998749741199017
413_4,0.4073878402443708
10818_1,0.007586300976710653
479_3,0.6833840589170891
173_7,0.6781812835155406
9522_10,0.9811982140579439
333_10,0.9524788453659594
2819_1,0.000124017994243618
5723_8,0.8266091670366724
99_10,0.9848880202284701
7247_4,0.6602420717573858
4711_9,0.9344121735355195
8555_3,0.048299539417621884
6330_10,0.9967627501575528
8921_1,0.02833528367732563
803_10,0.5453351324848283
6219_1,0.12281716881424981
10077_3,0.11191864549011901
1274_7,0.7159904690768489
2307_3,0.10200847962747826
8114_8,0.9521682527736935
1503_1,0.03621241496608386
2004_10,0.5916277859028287
712_3,0.6591904393075576
557_4,0.01553399383268243
9651_8,0.807510767432856
11701_4,0.2955888318930651
6325_9,0.7820426169497072
1684_1,0.05032523646953621
1435_10,0.9987826731008437
5754_10,0.2364757102204725
12098_10,0.8222206897026072
3707_10,0.9807354058216985
2521_1,0.06383288732029994
1793_1,0.002087912638574505
2725_3,0.05597699216626466
5051_8,0.9570016361893418
2691_7,0.8558095376976111
4111_10,0.9959304656394395
3239_3,0.030293360232444156
8124_8,0.9595284953848214
4990_4,0.24232289457648798
9565_9,0.9927196886166363
6657_3,0.1309251347290515
5882_4,0.048559868757157405
8571_1,0.0882922359073841
6815_10,0.9907275798183354
487_10,0.6775641693925691
11567_9,0.9670291782536257
10631_1,0.015365716891188921
7070_2,0.05555045383051752
8708_10,0.9251656424615757
1889_4,0.24692341052359879
1838_3,0.23340091698416485
6383_3,0.17313522078037302
4735_9,0.04447499479909706
11430_7,0.6733668318706991
11590_1,0.00010917075744833954
11023_3,0.5315376969648836
10870_8,0.962384256449065
6734_10,0.9555091651480393
10174_1,0.04707994268934708
7905_10,0.992193865324967
9555_4,0.020435364455943288
6303_9,0.9813797469258566
1426_1,0.15627516756695675
5482_8,0.9533972803395995
7605_2,0.02837193917668008
10249_1,0.002449674240425246
2466_1,0.45230321565641707
4055_1,0.06886040261593834
9839_8,0.6506637373305137
3953_9,0.9662441947653769
6563_4,0.06900276369648406
10776_4,0.4192176882731217
7596_2,0.023390336555749024
10490_9,0.9958207945541314
3800_1,0.10358743463558365
10669_1,0.3156574724025039
6276_8,0.8557171405464161
3110_1,0.15224672313384113
12434_1,0.0268264600234007
10189_1,0.07065314703825096
10639_4,0.019106854638901587
7734_1,0.3535184287699388
8763_4,0.27356271783491803
2702_1,0.14238567178070835
10179_1,0.06324636467647661
2317_7,0.4645860160998681
4677_8,0.9975349321720965
11805_7,0.7615192761744163
1339_2,0.3019500389095797
9919_4,0.12384337511921768
1425_8,0.5449014212268767
3926_7,0.7672921278325852
12395_10,0.9434985166407606
6284_4,0.03393331320951509
11069_1,0.24139362735570516
4998_10,0.9825382745966449
8055_2,0.09607633469743576
9179_3,0.12285041397380135
11577_10,0.23206498144331716
1480_1,0.1063783047242924
4561_10,0.928215698064517
4698_10,0.981324024369504
9312_1,0.0001407435748246195
6561_4,0.1535202646079909
8353_10,0.999839152837004
11580_3,0.04592520979934818
10536_2,0.6814096324671364
957_10,0.8236368157565888
1768_8,0.8148082573343355
12197_1,0.0008137879152275629
11459_10,0.7208242816288881
2271_3,0.3247893940259356
6973_1,0.03932251810936514
4199_8,0.9612269542125743
6582_8,0.1331237781756275
5843_1,0.006530541370121447
4140_9,0.36432230542415794
11105_3,0.021467281024152376
2395_3,0.31881259044466903
10715_9,0.7344249730649229
6611_7,0.9867103399466006
2043_7,0.9411977390884402
2884_9,0.9364746647900086
4946_8,0.8742692239913179
9642_7,0.9170092482013283
5211_1,0.08879375908941592
10661_9,0.9931259772248773
4368_10,0.7701839177819595
12086_4,0.6845026944266046
6465_8,0.9321304797077338
4706_1,0.00857676321856181
4694_10,0.30505080810169505
12150_10,0.588350881517495
208_3,0.5085374283726607
2587_3,0.008804986415434328
2804_3,0.5184406179692904
2837_3,0.11581385974913086
11070_1,0.031801400301320094
11909_4,0.2635177116112127
9945_10,0.8396944057081314
9281_9,0.8641926492054489
8458_2,0.40669596181404244
9882_2,0.00833145878920371
172_7,0.9765012958325897
7632_2,0.0032757903369006634
12246_9,0.9913500260598841
3889_1,0.01912235214207492
11140_4,0.19228716660246964
5240_9,0.9388245403324273
7965_4,0.4686546788142116
3387_3,0.02162026509312357
10817_4,0.008352678191438047
3332_10,0.7440039022955198
1156_9,0.9743819591224218
6585_1,0.0059643139347108675
7931_3,0.015601835033219385
8268_4,0.04508573086952625
6443_10,0.577923525088847
373_10,0.9195520404969098
5912_4,0.07633800721203156
11475_7,0.5839218180657146
10738_4,0.27553442865999667
11175_10,0.9988685960742065
9008_2,0.6579625088224694
2218_3,0.15382975770189314
585_10,0.9630221345111135
3448_2,0.19194702369095945
3860_8,0.9550439007447726
8335_7,0.7242442535388582
1907_1,0.021143188510505923
9169_9,0.7212136572661114
10375_8,0.9921268538099021
10432_4,0.48007659624155147
11399_1,0.05479537929781382
3430_7,0.9381091755536457
2859_4,0.049360474769384016
3899_10,0.9961389991941203
9648_8,0.9755452259481566
9233_8,0.7725071515677426
10574_10,0.9905876681029132
3489_4,0.6781622560492566
8115_8,0.723160461123096
11495_8,0.7636868987845313
6885_7,0.2833929340351313
1534_10,0.6141349455778365
11721_9,0.9570284143166654
11610_10,0.9439305421711502
2712_8,0.9331323923510814
3140_10,0.8553057049270847
4880_10,0.9805440379724242
1592_10,0.9999948596642935
425_10,0.46217920148909475
5798_1,0.0011692835658533645
2212_8,0.9797393306585717
2685_3,0.0006309049250405722
9625_2,0.02403784558077443
8492_7,0.9256709367193375
4932_3,0.2033182592106526
1704_3,0.01746572997070354
301_4,0.03404307522606991
2599_10,0.6037736565386982
2364_4,0.06409486993262936
2323_3,0.037000094394689986
1885_8,0.500630898537235
1232_1,0.016992492624475504
12055_1,0.0009621974047519272
2894_10,0.998221970100799
5347_3,0.21006014586044305
1799_4,0.3663590337419376
7460_9,0.9714081557924169
8798_10,0.9571842986482143
2134_4,0.22663346865476697
2964_2,0.261716516383462
345_3,0.11925664461784923
2670_8,0.7393017321607753
10282_10,0.9966363850005466
5587_8,0.8973739101837982
6115_2,0.020274397214087095
6974_1,0.05191607144934983
8500_10,0.8449067640384063
5073_8,0.7271712331270354
5291_8,0.9150386721214389
11728_7,0.7461222512130056
3207_4,0.05990721119623446
2553_8,0.5334875197944515
10896_10,0.9813959794808014
9321_2,0.21976683628386426
1484_4,0.12597250877793556
2106_2,0.08891282753940283
5487_4,0.016234386131893555
4835_10,0.8609910663485307
1023_3,0.5666473605689588
11524_10,0.976065216774007
10672_7,0.5011430351212101
9769_3,0.05446226751569559
590_7,0.7563821718492255
11530_3,0.02030715850782627
349_2,0.12154051137286372
2165_4,0.30617226047496265
1574_9,0.8527644283579788
2792_1,0.009170182562497077
980_2,0.10703690016452798
5745_7,0.12868982795574396
4323_7,0.8551162234881877
11569_7,0.7900006693936837
3637_1,0.11801706664417622
4511_1,0.30133198850568993
8404_10,0.5047463099948456
8947_4,0.2626434021350808
12317_10,0.9801224873533075
3927_4,0.5357937928956039
461_8,0.9005388635786084
11651_2,0.0002716271043102002
7697_4,0.1997586588407592
7799_10,0.8536156437623781
2111_8,0.9923506720074525
9745_7,0.9996043919310821
4419_4,0.31633547266210665
9337_4,0.810368426502247
3908_10,0.960455326201001
9211_3,0.11394163274262845
489_1,0.06430122180312131
9229_8,0.19883183887865064
381_1,0.004523389840066047
1355_7,0.8755344999652287
12100_1,5.240008335285662e-07
6126_4,0.3253741304681093
8315_8,0.999399538114287
7513_10,0.6332177615633923
5547_1,0.3633503784146026
8050_1,0.07765816622745758
7332_1,0.07083479438845355
9044_8,0.9995014528336066
8491_1,0.3059947101434785
1919_8,0.9877730026995956
4076_7,0.9117691493163839
9251_2,0.47401414008718495
7325_10,0.9919189388252381
177_8,0.8953634482392717
8104_4,0.0389580235485721
919_4,0.30029070641282263
9417_8,0.9880358224319525
9440_9,0.8692825706294892
11105_9,0.9017102185984476
7670_10,0.9948603552672167
7404_8,0.5035129754283444
5120_2,0.18609075505645792
10153_1,0.1881377004771692
1763_10,0.96337833961017
9316_4,0.3223096226102906
6396_8,0.6889295234053524
8865_10,0.9740894578112602
4552_8,0.20352967907990707
874_4,0.18172251767279377
6690_2,0.07364949741070581
11970_3,0.2643712255344544
1202_4,0.26977572355155127
6024_1,0.07627792425965634
10117_9,0.9618842941580472
9511_1,0.12930454704342487
2314_10,0.7065489238635944
6053_3,0.0012005271507888088
10165_2,0.7967933951086911
8410_2,0.1358587578877412
1457_1,0.6764148087232089
9651_3,0.0944761087071554
537_2,0.00012615522728855882
7191_3,0.879889983273492
10258_8,0.916825375003896
4774_8,0.4299128190304282
3560_8,0.635680354173005
5960_1,0.028315461868791445
881_4,0.24266327752046982
2420_1,0.3952021602689348
4959_4,0.24907671989140584
7138_1,0.009271233000051797
9317_10,0.9731301535084679
5454_4,7.179930218641557e-05
7450_9,0.4852316761083498
9679_10,0.7883720781659986
10988_3,0.2722652014079289
2932_3,0.11909100859102417
10110_1,0.00919853128578644
9165_2,0.1224046800762707
11712_2,0.005871665057819255
8979_1,0.06785624236408623
12426_3,0.06368095987761042
1630_7,0.8525740366309739
11990_10,0.8041023933170329
5395_10,0.9990037421624826
896_1,0.09885735588530926
11463_9,0.9080997267727984
7096_1,0.03133086482565101
6198_10,0.5461365313478846
8141_10,0.9974099584244606
2650_10,0.8456206665271998
12337_9,0.9604451357773259
1995_10,0.5501331069629721
6349_1,0.17992344160159315
12270_2,0.005133155685468162
12494_2,0.049355738373298756
7081_4,0.4632312918454043
3010_7,0.15147749476496783
2924_2,0.12125251243919107
3185_10,0.9123237758504826
1377_2,0.8800959415087453
4858_3,0.03305423409417292
4351_3,0.00027771301177220166
6865_2,0.05052513133828924
9527_3,0.10989647277173203
6223_7,0.9983805586595333
11598_4,0.1965139446079183
10605_1,0.01308491389377051
4609_2,0.0009963695451402806
3736_7,0.987798289593966
5615_1,0.09468511347992703
11109_7,0.9333873587581035
3924_3,0.26151507787507305
7452_1,0.7486805020432502
4288_8,0.2089179951547088
8825_2,0.6218816940132118
3168_7,0.9852174332138174
6407_1,0.0284531371277259
7016_3,0.3857735029991257
129_1,0.00018612598766884155
9808_3,0.07571491208715571
5620_10,0.860109335110715
6404_10,0.9117773133752838
10781_1,0.26079623625586
2446_1,0.08989648340648146
2191_10,0.9022408660266518
10848_1,0.05954286108305831
11201_10,0.6184332606248911
6818_9,0.9008530754216005
4607_7,0.718095558134996
2410_7,0.8145187480046907
9656_9,0.993718388325882
7841_7,0.799173630362268
11422_7,0.4618693900853834
7376_8,0.5458114981964542
10804_8,0.6717967489683674
11793_7,0.10714910614096092
509_7,0.7571355066529499
12459_10,0.8623226364734565
354_10,0.9753456396793025
2740_10,0.8437054662141594
1469_1,0.0011486894818750165
9219_10,0.9922465836273919
7248_7,0.8090263269281269
5620_1,0.020198704916438118
12160_1,0.27533322758539613
6037_10,0.9014052882783807
8338_1,6.295465837847382e-05
1954_1,0.029416159329040074
6996_9,0.6533416459574641
9888_8,0.9953936408509132
5470_7,0.8021732524676457
11915_4,0.48924546058997115
7057_4,0.8990912911209107
10320_10,0.8261546851112683
4447_3,0.052503080554665356
9711_9,0.766420519006343
5077_3,0.009297978995987452
10912_4,0.11154613503501835
3224_3,0.2896545290596655
9946_7,0.8670107488845107
10650_4,0.47542997849364876
9613_1,0.37128731197666104
4909_3,0.01887293268518613
5607_8,0.9130289600662194
3315_1,0.012576880976690442
9271_1,0.009382193249319005
4248_4,0.103536521681597
5849_4,0.8243145149393184
3944_1,0.019128612272293965
3580_10,0.9896441981569821
4592_1,0.12815813657826114
6375_10,0.9174744820511148
5955_9,0.8291825688339736
11613_7,0.9492741160971342
8278_10,0.9953223905616393
11339_9,0.989172563055841
6813_2,0.35655261032548863
3747_3,0.06502083297530299
5916_1,0.029944454166543108
3298_1,0.04873355613341626
11303_1,0.003955004194743475
5758_7,0.969468943160338
11652_9,0.9970630988265173
8748_2,0.4908383367718746
11092_2,0.0024902415795417165
8729_8,0.9930449692060667
6332_4,0.13652102390779516
3700_10,0.9810278020371117
10507_2,0.001633599536683039
2287_4,0.00283623083334135
10549_10,0.9988593999795733
3005_10,0.9904739054763292
5657_1,0.2582238711945158
873_8,0.9679722335955837
2274_1,0.1641750486971303
3208_4,0.2260523252956448
2663_10,0.8447283592434583
8134_7,0.04032817266214388
7443_1,0.4574584344326126
7507_8,0.7834946187661829
1423_1,0.021505776762033538
4014_1,0.004962409541625776
9662_1,0.002716583886292965
2512_9,0.9869453558277134
8415_2,0.6442755045050146
7672_3,0.15044335608920478
5925_1,0.00413571706897336
2654_2,0.0037276567525174483
1780_10,0.3310218498370061
8813_9,0.9814304022432623
9378_7,0.8885937413140189
12120_3,0.024386915150223093
8985_7,0.9599629020585475
5771_3,0.0006168088484195838
7305_10,0.9984936170716303
8681_4,0.14647208746360815
7415_10,0.6995228384091708
9346_8,0.9188377081917395
9750_3,0.07523207208326675
9083_9,0.927681037849018
12255_2,0.0031977188943631725
5035_1,0.06134708352765673
12384_10,0.22668428018499925
8381_4,0.05508232677190717
825_1,0.02356271295932409
2034_1,0.032550940806129566
439_10,0.9997013400405775
5753_10,0.774612915324283
10370_10,0.724352230508567
3395_2,0.04806475293838004
8101_2,0.2184467400155453
7885_1,0.02750464387298625
3266_2,0.22191199771319664
4623_4,0.06840442860899859
8123_9,0.036681992514212905
1787_1,0.014542976784459614
4001_4,0.3316056614509015
3530_2,0.029884677921755705
684_1,0.0008173520154253973
744_10,0.29274200440466575
8439_7,0.4560135196227034
8678_9,0.576946405045237
11851_8,0.7300300880483781
1237_2,0.3323195044973762
4557_3,0.027368799106760374
1847_10,0.9939172795632731
4002_1,0.008070234977850983
1620_1,0.9426077538806503
549_10,0.9185815001845499
4984_4,0.49387081672747024
4673_8,0.0331170388913575
1373_1,0.31966358919670274
6927_1,0.37973414866896577
9201_2,0.29708744507596924
4293_7,0.8794695286214635
826_3,0.0822911687834443
6337_1,0.014536196033625996
9978_9,0.9884675764923448
11379_10,0.9811097366535925
3874_1,0.09084528139311933
9943_1,0.004315493721705107
7236_4,0.05475286245994598
7816_1,0.004738442105446786
3849_8,0.9974560312130175
1167_10,0.9735430688442266
9667_3,0.11144101874287102
2506_1,0.0004582765376635206
1372_10,0.314549591597013
6788_9,0.9534271689843008
4792_2,0.03853964749677655
7909_2,0.09247542042614099
2213_2,0.03067294715242409
434_1,0.00064711486482647
9245_1,0.010339001030497237
5822_10,0.9891573202655937
5406_1,0.12039544018931149
2011_1,0.014417755672896252
6805_10,0.9991565138052426
2557_2,0.05105989362177549
4343_1,0.06489548547465802
1493_4,0.3464330231895048
947_8,0.03270901357865822
9494_7,0.38294267664449894
10228_10,0.4964624444864202
707_10,0.9648758096364797
2018_10,0.8755953312993796
11093_10,0.676417796491559
11113_10,0.944207302643048
11596_1,0.05640465870951212
7453_1,0.0004733300333484903
9045_8,0.9968137433857734
12264_7,0.8995465763604672
7271_9,0.9985881520430533
4560_1,0.24271304589173892
11223_1,0.0034308734650733193
3939_7,0.9511735611007306
2714_2,0.13926412403187802
1940_9,0.3726660050532421
3640_10,0.988240750553024
1724_1,0.07595803901327107
5383_3,0.16568366299292567
7323_10,0.8020853601790789
7345_4,0.011609085407023236
775_9,0.9844453649862493
11995_1,0.00033969070758602186
400_10,0.9956221587203962
10279_4,0.471068988509639
673_8,0.4333960951522085
4168_10,0.8157788977031849
11761_7,0.8608286819171921
491_9,0.9373146011607585
11472_1,0.0008127989436789014
10045_7,0.9001781042998331
9449_4,0.10425830768544175
12496_3,0.007197340200815742
12422_1,0.009455497067355153
8159_4,0.7610009841063892
8668_8,0.5754391631033309
7572_10,0.9202759815359058
6696_9,0.7649671025514962
64_10,0.9349116886662197
2715_1,0.5952852027897191
9333_4,0.2980632887656964
3722_10,0.9883427902942897
5692_8,0.822090127739307
10074_7,0.9304938575861994
1717_3,0.14954997516625415
825_8,0.9369130532595638
7796_10,0.9997892313336535
5550_3,0.17262514412908178
6114_10,0.7887096498134742
4440_8,0.5744014534791595
9616_4,0.06578326239884168
12090_8,0.8870308530276835
10728_1,0.1633977769765366
4419_10,0.9987994717225476
282_1,0.6054320205902077
4825_9,0.7362436176185378
91_10,0.9986906272171536
10399_2,0.006528126486072061
6773_4,0.2399503949236129
1364_10,0.695719883147483
2806_9,0.7255312722005138
4520_2,0.17465284880146423
8211_9,0.9593465007394423
3594_2,0.13450013498703972
11353_4,0.5430757725836517
307_1,0.06307255759195002
10963_4,0.2149666309052978
4023_7,0.2506578066638529
11450_10,0.8786136077045118
3567_4,0.3303488145433899
4751_7,0.42588432743344284
9798_2,0.043744536051986346
1864_8,0.9978929724727649
3168_2,0.5488594136085696
6506_2,0.08956327008937894
12484_2,0.11768565890012175
11999_8,0.4819670414349095
3571_3,0.001986587882009845
147_10,0.9445601567298407
6691_9,0.9296338549557347
11295_8,0.8434383457055254
9344_10,0.9970197952019235
9513_2,0.03250315256202945
11066_7,0.8275779629000495
4330_8,0.890234856123415
5194_10,0.7679747962879943
11676_1,0.018448393296708984
4587_1,0.006544780690621712
11964_4,0.19701168729725416
12456_1,0.0018175647655545553
6054_10,0.9607456507028442
2140_7,0.08575136131552033
1388_1,0.06800497556017276
10681_2,7.916564489745332e-05
4614_8,0.9992861713463875
2604_7,0.6725986488309263
4234_1,0.13610763336097428
4261_8,0.25025260571939617
4907_8,0.9567791505430521
4134_4,0.11576901801858505
4125_8,0.9964013215590455
3795_9,0.9553944543494951
1356_4,0.29050410914961716
10711_2,0.0809826655042295
4728_7,0.9312339136472418
8254_8,0.7733998478683249
10769_2,0.15758753656328425
7185_8,0.952578402319428
2842_9,0.8608312672841001
4565_1,0.09761111378391628
3030_9,0.8835289506240666
2997_1,0.066419585346999
1311_9,0.42852234155384006
12499_10,0.9503419346431176
9830_10,0.8913883394435547
1774_4,0.06112447224383551
6676_10,0.9999992688233158
6502_9,0.8934468927698341
1521_1,0.5575689856066373
4253_1,0.24444124704424391
2775_2,0.01697894836385746
7324_4,0.004400796564826304
1207_4,0.6429063849628937
9903_7,0.9305309298705249
3195_2,0.03538779968348861
9213_10,0.9959412660996108
7751_1,0.015669999631994287
1616_8,0.9595204105199697
1482_10,0.789919687991906
6772_7,0.33879846397405117
2008_10,0.9919983044883767
6799_4,0.25846854963437327
5004_9,0.9484821690737378
3487_2,0.0037062924476756963
10892_4,0.29699665267917125
10839_4,0.07703800416191853
922_8,0.9031170074995782
4163_1,0.00424411270874731
10738_8,0.524048854114158
10678_7,0.981194770747466
5892_10,0.650322648184885
6202_1,1.0785818638938983e-06
5792_10,0.9972981258774233
12161_4,0.4564623381440405
1097_9,0.9245856853757214
2930_3,0.6786709428041552
4087_3,0.24986433961813026
11875_3,0.05085599243410524
11770_4,0.13267835070910847
847_7,0.543743161460835
10620_9,0.9474515800907385
1455_10,0.9567983523310195
12294_1,0.010683929394653308
5653_10,0.5726130934981868
1874_9,0.6345304890745377
10487_3,0.2969674378869743
22_3,0.2691632843711073
2760_1,0.056030558643671305
9822_7,0.3133415904742841
1068_10,0.9761866205201196
11117_1,0.00039489096416240037
10409_2,0.8921712160831125
1877_7,0.056969043672331444
7347_1,0.08816703171114218
4231_1,0.11883193271882594
1122_1,0.036488483307140725
933_3,0.7473353000902584
11883_4,0.1351651692544461
8386_10,0.5003567123665099
12297_7,0.8129048412069034
11847_8,0.9767932334658453
5511_1,0.07063479597656273
9587_2,0.315584418558346
10027_8,0.7966749741577639
7210_4,0.2039582978264498
2490_9,0.4810759668428922
4889_10,0.9986908877987393
8192_9,0.996893610240955
12133_1,0.22356047860396108
2098_1,0.013192278704869748
2941_9,0.9891403164743496
5742_3,0.020974741411917002
10645_4,0.029752543706312005
1162_10,0.9990904597293868
4383_10,0.9858106760170895
5325_8,0.5485910110901724
1324_1,0.06496505725887067
1374_1,0.47214119462065957
116_10,0.0657743476567209
2898_10,0.7286884349860167
8799_10,0.8236329235411508
6654_10,0.9871558236905307
8630_1,0.022786034570341306
3452_7,0.9626232392226629
3609_8,0.7214719904735175
4740_1,0.009904840414481315
8368_10,0.9927536307526733
11960_7,0.6998935376782294
3583_10,0.9724386692788242
1581_8,0.17534806723630977
1378_1,0.5560477714637861
968_2,0.032134120320181835
4524_1,0.0016451867298876064
5036_8,0.995688948089157
12287_3,0.0015523935305121253
9236_10,0.8577602531109383
5447_3,0.2647072717241272
11016_1,0.006327842140561299
1935_3,0.026171699538190343
5300_7,0.9598394289751693
7775_2,0.4709372476165888
4398_3,0.345233525942953
5692_2,0.005242304497273234
3517_8,0.9513880271749303
6007_1,0.15471679664459842
10127_2,0.010287094450598683
6614_10,0.923852992295826
2767_10,0.934139213197025
3187_2,0.14135454905038522
6473_10,0.8153758529126971
12263_1,0.0007981301269570921
10838_2,0.11057778042967185
7367_9,0.7563717784660594
8873_10,0.4679822141571677
6016_1,0.10258549068119274
10363_7,0.21488686132465148
3541_2,0.011959260659261225
6416_10,0.8105868801012479
4538_10,0.8338233796191401
56_3,0.06355631418183488
7946_8,0.9703581951643903
6003_4,0.08284127023871493
974_4,0.10173213310629922
11651_9,0.9973995261486109
10283_1,0.6926160497944653
12334_2,0.6523551109274895
972_1,0.8155441522128855
1513_8,0.6556907764586265
6141_3,0.03271082551620086
4195_7,0.7519133880736051
10176_9,0.9997919632934501
1918_2,1.562105022048054e-05
12117_1,0.5050038964314147
7567_1,0.09359796227838847
2949_10,0.9925229163963794
11937_9,0.9727668326048358
8513_2,0.4139940737705541
3913_8,0.11754623324985404
1310_8,0.8550686722861672
10461_10,0.9960674000411851
3309_8,0.7727278043096075
862_9,0.9637659745867863
4040_2,4.4158855466283145e-05
78_8,0.2641769307549509
3491_7,0.018471889057721656
10862_9,0.9898361248669141
4763_7,0.5834627531474448
7421_1,0.173924843354885
5350_1,0.535257486634289
11491_10,0.9704442693956724
9975_4,0.37166361050617186
10123_10,0.9120956452594264
11573_1,0.0044844295651887515
2337_9,0.9906498373447712
251_8,0.947421068552126
1942_1,0.0069118636339320855
2940_7,0.9709211749430915
4342_7,0.32838733858385244
11250_2,0.2982723062093595
4224_1,0.02982406814848677
10106_10,0.2807850667812402
7764_2,0.5999269513470176
937_10,0.9046040868490121
3112_10,0.735702283837912
9922_8,0.6863313863198072
3259_7,0.8435532557304157
7828_1,0.0003904447762471938
4031_7,0.7601968427898219
1277_7,0.7685959320334483
3162_2,0.20513933353646635
7_9,0.9187649895607627
1832_4,0.28469235655394265
10997_1,0.27211218225546013
10572_10,0.9680424467585976
12194_1,0.024060025162602493
4648_10,0.39937822600981415
7207_9,0.25889869685832123
11000_7,0.92900531981547
4943_2,0.004308692232135122
10601_10,0.77691319104829
4731_1,0.579843842683906
9272_8,0.13263365825690104
11551_1,0.0014395905452364653
9074_3,0.06613997405377858
2486_3,0.6602716717842404
618_1,0.07527786335872089
8683_8,0.9893965301845141
2618_10,0.6569436653296754
8471_9,0.8969403822776669
6394_4,0.026185281151882588
6456_2,0.5096508058261076
3195_8,0.878930239018581
4188_1,0.03046231885462506
3985_10,0.9974925933630521
7099_10,0.33806260058379045
1558_2,6.592668640489721e-05
2877_8,0.3483467472402468
3928_1,0.0183319408474785
7206_3,0.010738675287337877
8088_10,0.7764375321790103
8167_10,0.9745734498047731
8590_8,0.9920884810757278
6973_7,0.5386977302326544
4974_7,0.9364364685843717
10151_1,0.04556357544770245
5268_4,0.003331778036363381
5258_7,0.980641385017498
1478_8,0.7318273608478766
5094_10,0.9999589469592514
10126_4,0.24526163886570482
9357_2,0.6203969270949892
7750_3,0.15776886519134917
11628_3,0.32557074211871495
9124_7,0.8446306400188138
1802_7,0.9834325465102421
4820_4,0.1964738289882784
10019_8,0.8482362552279423
154_9,0.982917870534943
5049_4,0.00014325500262084414
4372_1,0.0019473093604165093
7807_10,0.7604266499433393
5127_10,0.5880240698893422
11480_2,0.029599285193553218
10145_1,0.037539661152572665
7090_10,0.9257594777599278
1288_1,0.07835619312191433
11316_2,0.043717520120187536
8428_9,0.4941939387847665
1843_9,0.9705371225104
1916_1,0.00954548457502318
2657_2,0.014716493737693183
10504_1,0.0006412575826273523
11621_3,0.15106702838664918
10148_1,0.01496740979054125
3339_4,0.10672248399598987
8202_2,0.07695239062210334
7796_1,0.06851082838039191
4625_2,0.06275697112708334
11859_4,0.6852361667208571
8261_1,0.009905736645176461
4670_3,0.1001734230134542
8412_10,0.9723141778451115
1010_1,0.207720807342302
436_10,0.9974353871091446
9351_7,0.16658317188468424
3767_8,0.6314606890227207
4794_1,0.0007744230497826994
8447_10,0.48759732316196536
6182_2,0.49120726825767347
8754_3,0.866739622152952
2709_3,0.003596842937393342
5882_9,0.9991057791743145
6916_3,0.29335217194750857
11886_1,0.20363206313461882
123_4,0.9114505236116006
2827_9,0.9851211699552467
11440_8,0.6763614179006764
4100_8,0.6066191739557323
11645_1,0.2488999387877008
7949_10,0.9950875035013854
2017_1,0.041124083963373734
3451_7,0.9999362023601451
10986_10,0.8401872616711619
1541_2,0.79364315484306
12336_7,0.1410647768726203
9787_1,0.06340030259509492
5282_10,0.9958665648037714
9568_4,0.2327709592984602
8222_1,0.17396039240228794
5415_9,0.9869801117250716
8485_8,0.4067363460947627
6449_1,0.008349912403436223
466_1,0.07788508754827622
11997_1,0.30002191321669813
6144_10,0.9647652385326744
3309_4,0.16379890768196248
8655_1,0.18811374393810568
10141_1,0.49751115879887814
7469_10,0.612753231162646
4445_10,0.8042588255827215
6651_7,0.5515186475095919
6711_7,0.2857812089581773
3329_4,0.18228922393639943
8000_10,0.3077881926444977
2279_8,0.9315894102228636
5012_7,0.8279827146538645
2437_3,0.1809617958731683
505_9,0.6712061460756007
9070_10,0.4969810501658888
1234_3,0.0031581682895435777
4880_1,0.04215209865113851
3981_4,0.043025601330357884
134_1,0.005688639166438321
3211_10,0.9942388080901564
2559_10,0.8319885426635436
4512_3,0.0561645246093193
5957_1,0.007248554099884384
11626_9,0.9911124384831707
915_10,0.9739553629152439
5569_10,0.7095167859006893
12396_9,0.8931825440780098
6494_2,0.03662143008785224
3262_1,3.303428653677556e-05
3916_10,0.7172772673645655
787_1,0.2713970512050893
11092_9,0.9804137770229441
2818_10,0.9793645816758132
5271_2,0.6163987898958239
4057_7,0.9791549662701156
5042_1,0.042713444256105085
1204_1,0.09121502113910021
3651_2,0.06362579623369852
11763_8,0.9772527819552405
7766_10,0.9457474930010227
3498_1,0.008714656364816182
11578_10,0.9849413619961462
3691_1,0.5384785657455404
11947_10,0.8778366985292458
11475_2,0.015033533096483078
8568_9,0.7649605257157998
8247_2,0.01504579260828653
9544_7,0.630863135709047
9753_8,0.2446643921486531
6824_7,0.8789082653865381
2799_1,0.010782450375260497
10459_1,0.062738863303997
1894_10,0.5061118932931018
9726_7,0.8077254103536136
10923_1,0.009260219961659282
7946_3,0.13253952338999817
7509_10,0.9838364334541014
3273_9,0.44975500789320305
2716_3,0.26818136969336015
4622_1,0.0030380138718238566
1204_8,0.7807897785831871
71_4,0.21729277841379088
6508_9,0.8870719995676808
7819_10,0.998985250021
695_10,0.4320401494405996
10844_10,0.998990893677898
2413_1,0.6379092991587832
8768_1,0.006665480133134747
4536_10,0.9849130493447961
2576_9,0.9946045819168917
4473_2,0.10815198261612927
65_2,0.3424874378953619
6114_2,0.32967433433471516
7458_1,1.503964411725572e-06
10815_2,0.09417149334483295
8344_1,0.005279072744705169
1975_9,0.37829676403478807
1659_1,0.019762964131014166
11030_10,0.9756435623913169
5405_7,0.45474997115476784
2539_3,0.5648917239108021
6565_8,0.7801717803591468
1826_10,0.9964623262675698
2577_8,0.6599358121609308
6032_7,0.4279351869215822
3146_9,0.9893455505673893
798_1,0.0033150823762011375
63_10,0.2523079721700564
11819_10,0.9322147624167093
2905_7,0.5049912714865029
2716_10,0.986296603270827
1717_10,0.7425225110377507
1036_3,0.25447817843842624
11583_10,0.9451777570551663
962_9,0.9995754969222167
10203_2,0.008605068536737596
12225_1,3.945544706153278e-05
10322_9,0.21038609433326344
7601_2,0.9001229085868608
1675_4,0.8708629680974075
8235_3,0.009889230716955598
680_2,0.3529204456721777
5208_3,0.049454034653079695
10678_2,0.5575116673908521
6072_10,0.7330858259789828
1216_1,0.01556493545409446
11434_1,1.39311684999309e-07
12480_8,0.9725199501479357
8844_10,0.5858742350487331
10506_1,0.0006760599209940313
9766_3,0.7879026729583402
7804_4,0.5711435363411033
44_4,0.0005507067074367192
11226_1,0.020424548607650136
11378_2,0.25081958209282273
7805_1,0.0024702304191715177
4692_10,0.23426266392465855
2928_9,0.5729011749804566
8785_10,0.9947640816101222
3083_8,0.8544538699423535
626_10,0.9991699571618516
9228_10,0.6559243995796787
66_10,0.9929673358974668
3824_3,0.9932146223243419
7115_8,0.8905652708848182
11893_10,0.9926886038352781
1628_1,0.04464300203334733
2236_4,0.4953901524258731
2032_1,0.002829322449218153
6613_10,0.8711836939496189
1582_8,0.10433920228628232
304_2,0.0003246457214402686
2441_10,0.9989959177031409
12437_1,0.009143744724019312
9822_1,0.021183302550448067
10481_3,0.2455223967271441
9193_10,0.8501616934578163
3233_9,0.9807365658336182
7430_8,0.9973592018845104
10049_1,0.0026294462426418503
6384_10,0.9800584395930511
3993_9,0.8798709976466056
4545_2,0.02590997633015604
11500_4,0.4973209383613038
12127_10,0.9935342930505705
7277_2,0.019014928018334782
8927_3,0.4077011488670438
5970_9,0.31838007057767326
12115_4,0.009047046286914013
6132_10,0.9983208589229804
4178_9,0.9769086021845075
11453_7,0.1141900504027736
6569_9,0.8863530075725482
3924_7,0.2995829791330807
6425_1,6.662458557852627e-05
1141_1,0.11467430830622402
3366_2,0.030600875114162932
6700_7,0.9580227989789398
7948_8,0.811101885945344
2750_8,0.9918925237336109
11326_1,0.15439099754121155
231_8,0.9477850401217003
8941_8,0.9838942279432589
8304_7,0.18817807970804062
12179_2,0.5982959215979067
3808_1,0.08308368179169533
2710_1,0.020665950989676593
4833_1,0.04315582955154107
10405_7,0.9305299697535278
449_9,0.9198921828954358
7259_10,0.8734104443373559
8513_10,0.8531487859712651
801_8,0.979993586952761
11322_8,0.7485726759463296
8417_9,0.7911736296574269
7059_8,0.4354003407075777
681_3,0.24482930768782515
3135_9,0.917307736665294
7172_3,0.18044359520042738
11061_10,0.9677516085364366
9555_9,0.8624431137651695
1331_1,2.2328308286001802e-08
9155_3,0.0007855521076492931
8765_8,0.9550734597580756
4714_8,0.8525210266209803
7593_9,0.9882429760633056
7769_1,0.052390739191961605
5016_8,0.5092019130599633
11917_2,0.18425836565721246
3311_8,0.18373486409026218
6784_4,0.8843018681655492
6685_7,0.7304669946089076
1232_8,0.9275592234898179
765_2,0.27764173681274296
6159_2,0.0033494476043904975
12037_3,0.02968780983301295
60_8,0.84619536478925
6138_10,0.7666018252192964
4759_4,0.09821176960753188
631_10,0.9962453752857192
5993_10,0.9894949337862643
2751_10,0.9982081068303004
7234_1,0.4264099908895377
7966_3,0.03574382986314309
296_4,0.6254065728084857
8252_4,0.5046506792736147
10333_1,0.0018402121900552128
5950_10,0.585180973871377
2735_9,0.8877765921114055
900_1,0.003302362364571874
2350_3,0.03710488836813407
1457_10,0.7417424547937836
10226_10,0.9246317283409898
9198_7,0.8792988016309001
1072_2,0.09937286779096773
8332_10,0.991158454217463
6264_8,0.9988896036798912
1092_9,0.9113765709882486
11888_10,0.7434356157962072
11702_8,0.8750895294855783
8704_1,0.10326652851313134
11458_10,0.8295890698779329
8218_9,0.5051422499806418
3739_8,0.9853897349902871
4787_3,0.33181022328094834
12097_10,0.5008167221242166
7894_1,0.0004732468772898474
11601_2,0.005788895425572951
4417_1,0.39178299205427775
11108_10,0.9843834996204475
5673_8,0.8328437319642822
481_2,0.05570979049562764
6892_2,0.04480746574394508
5203_1,0.5260808233597176
18_1,0.1303050751630476
5488_8,0.9621749237816012
750_7,0.6846568393115563
1478_4,0.09745006689958778
11340_2,0.02145233192760434
8735_3,0.15620214867501966
7404_3,0.3583162745370475
5681_2,0.017551570917182017
5863_10,0.598539132388948
602_1,0.00029808315542758073
9474_7,0.7752875638884775
12075_3,0.14025326561024423
1148_8,0.5242343298554
2192_4,0.492660116364367
1394_1,0.0019661417659730704
2643_3,0.27217953088106617
8214_7,0.8089886707153475
6728_1,0.05204440360610729
5397_8,0.6887155860406076
7056_7,0.8375174439967663
2669_3,0.004019136310258767
10713_10,0.9895948328201661
1349_4,0.7271461076781871
3254_1,2.528620965047363e-07
9717_10,0.9471898487718046
11358_4,0.009665643737479393
12262_1,0.00473888418828645
1332_1,0.0002576865307585656
6116_2,0.0332167621293624
6324_3,0.03360169151530507
10808_8,0.44038332477970166
11632_4,0.0023074160862711496
2881_3,0.20022917884446687
3524_1,0.0026622165066713956
10503_8,0.29295975635070803
11525_1,0.00013907937137291364
9973_4,0.02492009621539476
9804_1,2.2135833418636671e-07
1865_8,0.7781363067735969
8001_9,0.9824941953509297
5776_8,0.26532155406884406
11848_10,0.9842496285764466
4809_3,0.13097875695839856
841_9,0.9334174595296345
227_10,0.9771447522041676
1833_9,0.9983355414063673
9471_10,0.9984435811364838
960_3,0.07660213292900123
10763_1,0.0841556929447285
1330_1,0.010385485051974994
326_9,0.9816792764162139
3392_10,0.9977353033958388
5883_2,0.015486883895718844
12168_1,0.0009284239050799352
7525_10,0.7822070856205686
10578_1,0.25419586843466413
9173_3,0.016804468028521292
7214_2,0.14058738945989777
7163_10,0.9973939285755647
5177_8,0.8933811583728654
3372_7,0.6561889420064644
6041_8,0.5623357782112364
1590_10,0.9981974306091639
31_10,0.3798109024668824
2533_8,0.9463272652210747
7927_10,0.9183890208542416
5037_2,0.1784500096998885
6046_2,0.3229171423462186
2099_3,0.18419627873578887
133_1,0.2487525323110338
205_2,0.03480838507459668
374_9,0.9744476046147184
8944_10,0.9072396840961161
799_4,0.3883865863610766
8832_9,0.5652251710668323
3836_10,0.9940399128926928
2940_1,0.08812815417935464
946_1,0.470697045529715
9310_1,0.01824548441386527
5853_8,0.40809728496788344
10852_9,0.9157164585166853
4061_4,0.6211031982812455
10301_10,0.9700740689155215
11104_3,0.0013072390683789193
9339_3,0.18835324807026937
537_10,0.9979141642542513
8661_7,0.41997661013643184
9381_4,0.3868815238265445
12473_3,0.05110880895186481
5140_8,0.9908373857631836
4624_4,0.03367823611162906
9156_3,0.8728302876185828
5980_2,0.020861019041642986
5920_7,0.9532036391380715
4013_1,0.03543625701397365
11879_2,0.01075018784846655
1317_10,0.978497585286123
4647_10,0.9958430139503436
2550_1,0.0026212113177571106
641_8,0.30836116410809267
10069_10,0.8994378334076143
12215_10,0.6566168333744004
6293_10,0.9885783448695443
1416_7,0.9914954051513162
8561_9,0.8253338568538274
1981_10,0.946468278502183
1667_2,0.11149017662355935
9680_1,0.01395110794945977
888_1,0.00201429464697615
2202_4,0.1478140713738293
8835_2,0.16910606924854027
9340_3,0.2010540542798149
8742_10,0.32356380310251637
1892_2,0.03556875358075039
11940_10,0.9053568557621346
5976_2,0.014122005966935578
5430_8,0.9473406247498245
9125_9,0.9273369108922331
5217_8,0.7711462836914423
5257_10,0.9111715204639405
5487_8,0.8557981504804644
10815_8,0.9757266860771336
12438_1,0.0010558310468331519
11433_3,0.738177008949337
11570_1,0.18559233946983075
11880_10,0.8322166640736789
1983_3,0.8066464510218389
2916_1,0.02741753411835225
8119_10,0.9996237429158544
10960_2,0.012532840923639493
2798_2,0.004017485623134314
2797_1,0.1188977699987058
9931_4,0.7300856607640027
6244_10,0.7983674615357773
8361_2,0.022941694977444638
7098_10,0.8856000783592628
9107_10,0.9846643645271709
9860_10,0.8259631368955829
10252_1,0.0004537681446806108
12015_8,0.871785550868148
2696_4,0.3979578395821516
9301_8,0.702642574290639
799_7,0.714560123160213
9411_7,0.93133303187381
4172_1,0.006378219092795936
8008_10,0.9759562605541481
11436_1,0.0009932495048534174
3464_10,0.9464376211148167
5826_3,0.04819459283595655
5460_4,0.02690536693595403
8920_3,0.12171352858162388
1465_3,0.08303386463776986
7571_1,0.003547567948453263
3416_10,0.9615681175062336
11088_7,0.8510706970368422
7007_10,0.9526381695394647
11317_7,0.893527160508701
11639_7,0.8440044933912615
1871_10,0.988956670049462
1551_7,0.9791989000497251
4089_4,0.028478641595571418
8145_9,0.9835557944732428
1243_7,0.9926682997574436
9082_8,0.7751452497663005
11807_8,0.07382442274224671
6154_10,0.9769049083001825
2082_8,0.7710233542435881
9142_4,0.7328707458244573
6126_8,0.6557792854567281
9774_1,0.021275733930057474
5137_10,0.6707020742424036
11085_1,0.0009198930177412464
4541_1,6.428872946810725e-05
10478_10,0.9972178574448717
8479_3,0.26474070373894865
11220_1,0.09206822687012847
0_10,0.9586661640541588
5235_8,0.9136921848992472
457_2,0.325832409354463
6784_7,0.909214675483532
11527_10,0.9495531611362795
5935_7,0.9349350111433802
3697_10,0.9319468923766973
8318_10,0.995197193036162
6770_8,0.638102125164521
11760_7,0.36970880898371306
10344_9,0.9928630408622451
12363_4,0.8750374292111146
2233_2,0.16360344082836822
12184_10,0.995940370050893
4668_8,0.09550566813900556
2293_4,0.05885406991820473
5886_8,0.9897961438705464
8403_4,0.4425610809575414
2493_3,0.06623273334640387
7224_2,0.010566971441716456
7753_10,0.6664158912479718
476_9,0.5430220129900448
3760_7,0.22076799058967425
8371_1,0.04042625144711769
2541_10,0.7432034562582265
12052_2,0.014541218739459785
2320_1,0.1046065923493182
5598_8,0.7678224626346754
12342_1,0.002859107013755312
7391_9,0.7345554574489689
2615_1,0.059173710828517544
11251_4,0.17072186709374573
9946_2,0.06067092838307843
10571_10,0.2701627728610169
3984_1,0.02575530126786893
4633_10,0.9736459243451329
548_10,0.9806763896554809
1732_1,0.003780062439431838
3559_7,0.9811620599109566
10212_7,0.7018044222808653
8950_7,0.8574583260900958
8157_10,0.9975768058892542
5986_9,0.9978862626194861
10263_7,0.6658036258401631
2168_10,0.9964501089797307
4424_4,0.20313768624680836
6944_10,0.32869632824286976
11467_7,0.8872259240653705
3630_8,0.44761472520822343
2405_1,0.03737564838554568
7517_1,0.5144706066761225
8116_10,0.512880367342887
5368_4,0.5804808831881079
2045_1,0.008012232286748135
11303_8,0.9960217528111879
11077_2,0.10096779684128193
6314_10,0.9064471667010299
12137_4,0.23718049358945179
12180_1,0.008160988677594348
6403_10,0.9969053342964479
2019_1,0.0009785894834114849
7921_7,0.8342330061135885
3977_10,0.8870409920465692
11277_9,0.33127773161912505
8398_1,0.006819548709806898
1429_3,0.07378471834427046
9628_4,0.32640648639663855
2472_3,0.8638430315703493
5811_4,0.6246527518283861
11663_3,2.0229081359503138e-05
3153_1,0.03515592850071371
11881_2,0.010182448936356727
767_7,0.7860740905379162
12243_10,0.9953517259922501
10969_8,0.8891659642125048
8689_10,0.7449281396920213
1854_10,0.9961290563117396
12392_4,0.022375188545890896
6627_2,0.001207974068846412
6819_10,0.9969844959797549
1587_9,0.6997836132251706
6999_10,0.8234401070441218
9128_1,0.6650170744471317
7141_1,0.2747911499250702
4485_8,0.9621976702337925
7368_7,0.5718522497969153
7698_4,0.9313967356843532
8376_3,0.0785103449279006
1862_1,0.028059708704697664
11217_9,0.8603783433230053
5179_4,0.2104182046940598
6524_3,0.24141699928721477
11877_10,0.9643283912882268
6055_10,0.9966266324364609
9372_1,0.0618480158277737
8029_1,0.05828067849338606
9546_10,0.07792606950707129
5514_10,0.9734279411061871
8869_8,0.9830106100927406
8290_10,0.9313774936167311
11619_9,0.6885861317081677
5949_4,0.703462673403694
10146_1,0.6784610565208684
11776_10,0.038113456205573416
2146_9,0.7974907360327379
6461_10,0.6661063666966807
10480_4,0.10087008273122922
9021_10,0.7429924242883547
11802_10,0.9957300102141329
9139_2,0.6365214028217306
5590_4,0.5871641880841879
5631_9,0.8915745527323757
6333_3,0.2824320471003974
10455_1,0.04833391189450746
10394_1,0.36148048987124737
8814_8,0.9493573737152793
11264_3,0.04114411511042387
2255_9,0.9860509702419615
3915_8,0.17539463598205057
3386_10,0.9983284958196273
5531_2,0.03033828577072369
1676_4,0.28512039894303765
7711_8,0.9716658445245009
7871_9,0.9799784269921683
11101_8,0.6364041832772023
11562_1,0.027026543488732662
11609_10,0.9158898150544347
9556_1,0.058427373060042226
7149_3,0.9345354386513164
11807_3,0.2490521717879115
12106_10,0.9995614227878445
4763_1,0.10610850591061739
2007_3,0.15556500732240283
8454_8,0.9950032790316645
4656_10,0.7185519600823133
717_8,0.9438064482668569
3501_4,0.19084517522651626
6562_4,0.024527327825747125
3926_1,0.08792987255673185
7497_1,3.165182852548687e-05
4257_9,0.9930081798144951
4111_1,0.0031206403636135174
9865_10,0.8297267430072144
8323_4,0.2568367684525347
2228_4,0.11323885457106513
1180_7,0.9972356292081763
6315_8,0.9834205120540588
12271_10,0.957568676812733
4567_2,0.8016431287081921
8745_8,0.7705297427052645
4994_1,0.00021088185959940956
2842_4,0.04527668976659511
674_9,0.6825555867832647
4431_3,0.5163502754119434
2534_4,0.2942592721818359
378_9,0.8497423859901264
6039_9,0.9479748477985807
9551_7,0.9677175200837932
1273_7,0.6714513567165151
4222_4,0.2499781611677066
7469_1,0.06959526736368214
8733_3,0.4502014638501517
9324_4,0.3200304925198421
8888_4,0.17712467781577618
2872_9,0.6098391913931394
2123_8,0.9968502665670763
4982_7,0.6745689065901874
10668_1,0.09182827982508415
2014_7,0.4718605659079488
4211_3,0.12257104498650621
1202_9,0.9076764809193597
5450_4,0.3200449417984808
2484_1,0.08931329937256996
2427_8,0.7731034646391082
405_3,1.5998179834418046e-05
1_10,0.9964732149962434
4498_4,0.48678720644381496
50_3,0.13677803478447786
10113_9,0.9988342585523109
8919_3,0.09967189250272097
1338_7,0.8116754442998366
9817_8,0.9999498473087765
10824_7,0.24148129445350594
12165_8,0.6573339678554122
11975_8,0.6646183173410819
8537_1,0.07035879200603601
4443_9,0.6835540611868515
207_3,0.010398081416911741
4247_8,0.16788395602275186
11333_9,0.9936842427282909
6357_2,0.4051784234675877
4477_1,0.01959101665615831
8774_1,0.13034650288558491
10049_8,0.7975572272709297
9621_2,0.17348941633433976
5428_10,0.9993870356009901
11693_3,0.23482978773840366
8731_4,0.5473076531343641
11209_1,0.1370878324477776
10581_10,0.019005004545547304
4289_10,0.9920953224675612
511_7,0.8311927957231865
7832_8,0.3125672188993186
2567_9,0.890486898409993
4931_1,0.03578594506543601
8770_2,0.006877144529250761
8999_9,0.9985431087704688
9918_1,0.0366494374707668
2254_7,0.8935138596847262
4095_1,0.44708162752510844
8601_2,0.02555148373200148
10347_10,0.7916819255446277
2911_4,0.8804866618849712
12157_7,0.8879838336334435
5154_10,0.9939669310932461
27_9,0.9626156247228641
2586_9,0.9109329116429564
6344_9,0.9988343330885968
1888_4,0.008730920108359385
6630_1,0.030404123782260466
3202_10,0.9757354089216826
1517_9,0.9776854400682802
584_10,0.9977238858767047
2683_4,0.014354959297323059
1721_1,0.0007491719517468454
4371_7,0.6472784882047062
4697_3,0.857858577826569
2977_10,0.977652863635719
1835_3,0.18059884104205776
9872_1,0.21298981379759227
4794_9,0.394001712744003
5345_10,0.9272266879561976
1230_10,0.8467336623531422
2438_2,0.015069622457381911
5709_9,0.9297069451595696
8007_1,0.00124519403318449
7236_10,0.27652905068751144
7978_10,0.8804107792668409
10608_1,0.027250916628371227
10968_1,0.025844040318139274
3650_1,0.00588767097438101
7966_8,0.8790647447804159
8435_9,0.9958870260324649
6095_3,0.031330547316107335
12457_8,0.7908994455338096
611_10,0.6939717433273834
7589_7,0.968344294451672
4378_4,0.1593274361563666
9019_3,0.29386634989424093
794_1,0.22477828323508606
5112_4,0.036314912602869405
8698_7,0.744898379175511
2729_1,0.010260271459585954
9090_1,0.009459908421032897
9641_8,0.9931635774618675
5065_7,0.7614733403899718
3147_10,0.7875791019203735
3971_4,0.002356518985771391
7000_8,0.5540036547402102
6716_1,0.004333378355540914
11482_7,0.5926825605327524
9263_4,0.6325812229478683
7901_1,0.07923961765828164
8213_2,0.012326314200668344
1113_8,0.6062924067603231
1013_7,0.9673668627140345
2195_9,0.9204323208493886
1371_8,0.16109336366496627
7239_7,0.8654773193453449
11376_1,0.014129287490098133
3506_9,0.9999577292095412
3413_2,0.5349239860352001
8641_1,2.2408393039441603e-05
11587_2,0.009934992442716107
7639_7,0.05519095091416479
8100_8,0.9990806928398452
8151_2,0.03728439379898726
10464_2,0.003962004370950087
2043_3,0.025125938647754642
4454_8,0.6825988705361309
6562_8,0.9973241749800001
8549_8,0.8981522806916804
1209_3,0.20793764634660777
2566_4,0.06834068948795097
5871_10,0.9913944264328524
6459_7,0.923248641005306
11006_8,0.8521503569048727
3313_8,0.9234150162323189
5290_2,0.10302704581362444
9687_1,0.0013607655537037344
4165_10,0.9058362662191431
11120_4,0.06988570308260283
3379_2,0.11831225626134077
5814_1,0.3144874613966434
3414_7,0.7635442537071834
7750_7,0.9898040465767306
9727_7,0.5285360813787984
3850_9,0.9712141330247849
5954_2,0.0376088811986394
9685_1,0.002849969475813146
9307_3,0.8078179708392671
8727_9,0.995257919052027
9746_1,0.0011112428234888148
9365_8,0.9995156252483913
3361_10,0.9949384839023172
4554_3,0.04551540971880938
8952_9,0.9768328751093911
4301_1,0.0017672648412050138
10764_4,0.46950392047565553
2738_10,0.7888651603501008
3554_1,0.014233316786424319
5724_8,0.6469107275113367
8804_4,0.14918359631054293
468_8,0.9983008083726367
10527_10,0.9634013905549152
5117_7,0.9918715921384487
3390_4,0.5123328698815124
5875_3,0.02924655148384606
10380_7,0.9852340372680986
887_2,0.9868689398744102
2707_8,0.7617115673861233
11371_3,0.15327340560358427
535_4,0.2091669250338851
10700_10,0.9544987103420813
3047_10,0.8899253969625368
5930_3,0.07791977515579794
6044_10,0.8773100251958785
8679_4,0.9198952201420031
2261_10,0.8251793702273856
9577_10,0.9851117829589172
1999_7,0.9525630383536404
6010_3,0.20236632323910905
861_4,0.3369992417762553
4360_2,0.0021620004927872
5373_7,0.5498151887875499
10760_8,0.7064385146794004
12436_10,0.6055257799709867
5149_3,0.7014713903740181
7091_4,0.3477556026824312
5135_9,0.6359684177140289
5552_8,0.9831906075990372
1713_9,0.9934320833360253
11445_4,0.544948163440468
11146_7,0.7227766673611453
5286_9,0.997935932637825
10518_1,0.00980123701492582
1122_8,0.7735214034230937
7680_1,0.2462221625367075
11042_8,0.8683633792921442
6336_1,0.15228712909095
11784_10,0.14855443520505474
8759_10,0.9934671239354935
4362_10,0.9359393816610138
4483_2,0.018740276749474483
7501_8,0.9586387412751385
3516_2,0.0009778386177611907
3965_10,0.6325737875087016
4066_8,0.5410160045742375
7802_2,0.5087742643174705
1074_7,0.5225279210466364
4555_3,0.08691323198277215
11477_1,0.0024036296477226216
5712_10,0.9999523612380398
1175_8,0.9417630536609761
6283_4,0.16154343528721102
11717_1,0.005767071057326964
8029_8,0.8742694525727114
5794_8,0.8516257234510874
8717_2,0.01122396398656419
10682_10,0.5145643137690987
4610_1,0.05584295681955404
4908_9,0.8201906858126475
8325_2,0.11734121491244587
11330_4,0.7500031552962836
5717_10,0.9977703267399411
11421_3,0.3552107102446547
4725_2,0.21198079566647873
2284_9,0.9509426865224305
12433_1,0.0019628153735769915
10799_10,0.6612942289653527
3213_10,0.7468219774589578
10997_10,0.11325745296595395
3482_9,0.6939003623721021
430_4,0.33107174603266626
6524_9,0.9213198656126506
2270_1,0.15391142420880208
6410_4,0.31808091636276553
224_10,0.8976802633445787
10915_8,0.9523674483386074
8882_3,0.45269296186096153
3578_3,0.044582940415362655
7696_1,0.8309415727130821
7307_1,0.07987559652061824
10043_1,0.3135225822698533
6380_4,0.6528296355287478
3109_2,0.018914373242256168
398_4,0.08529011894227069
10498_1,0.25189788355519016
3565_8,0.9987973274887595
7844_9,0.9569095383790163
5879_3,0.10113051793758464
5004_1,0.33319084033852336
9347_2,0.189881273013997
2213_8,0.9631867158052898
3654_8,0.8547730261476696
642_2,0.00032958748230437423
9412_8,0.4597786956665081
7418_10,0.9912738122620588
2012_1,0.014119572182261191
308_9,0.9187103939959463
11695_8,0.9086614088753517
7369_10,0.26694485341716767
7363_3,0.9160967256873634
7834_3,0.13695809362304573
7705_10,0.5797464113238652
4554_8,0.8699486930076733
4773_7,0.9581177264268929
11944_2,0.7748716976476107
12303_10,0.7145716969644703
272_10,0.9593082723655201
11678_10,0.8972517744574662
8157_1,0.5791360108603902
1360_7,0.9162337259274239
1702_7,0.8772384766191483
7409_8,0.9956319098740976
3865_8,0.8012728702691295
8266_10,0.9983365572249479
3543_3,0.6016140688771873
8542_4,0.027746140817034293
2188_4,0.00269060380266428
7928_10,0.6852692677286605
8271_1,0.016399450568903396
2667_3,0.006586891993846829
136_9,0.922539259857047
2365_8,0.8738326938365168
9516_1,0.09014967209510022
6205_9,0.982783920952902
12411_1,7.835181296627242e-06
10549_2,0.026598645373671164
2114_10,0.913369388375894
8379_3,0.020304751789640318
1555_2,0.004910891838358424
7010_4,0.1884241696178786
10425_1,0.011254233948198012
2970_10,0.9997825881855148
1976_8,0.9857897262882259
4894_8,0.7940599123571241
995_1,0.012863281147765044
12087_10,0.9478242417512662
5002_1,0.00020231043804683406
10204_2,0.005399317143224327
7689_2,0.015930913441979826
8685_4,0.2844670039640537
4183_1,0.01107245476161566
7719_7,0.45552930810603326
6350_8,0.9856384042743107
6163_8,0.8801883855543314
11247_4,0.4124636240163817
8962_8,0.8798762328853756
7849_9,0.931897711706442
4177_9,0.6628196732016642
4680_1,0.4823900576225664
10965_8,0.9549219375657281
3534_10,0.9986435246282775
9782_4,0.11481463824440559
9525_9,0.943592140464894
3743_10,0.9793542234818389
1688_10,0.9856945039262959
4400_4,0.6416618316362972
1660_8,0.8895200739182966
8241_9,0.999408493196119
1238_8,0.5371160996465274
1081_3,0.004682606441128197
6151_2,0.005473336100599468
6025_8,0.9827339477014843
661_9,0.27127513685564336
5670_8,0.9932246299158572
6122_1,0.22254104103751435
1767_10,0.8571230340629681
5629_10,0.8181815390173038
8256_10,0.7895587265974624
8572_4,0.2612316838042857
11580_7,0.33680342005793296
525_3,0.08951760670016248
2128_3,0.24236770339367947
10254_8,0.9964450039747778
3082_2,0.006611442495341597
7127_1,0.05761644565183557
9927_7,0.3951008758009725
5694_9,0.38520891398587487
8063_10,0.9715172818104548
10768_1,0.032244173434429445
7375_1,0.07549893251318204
6220_10,0.9898000628488821
4477_10,0.9664913755884486
1350_8,0.8841160464881738
9354_4,0.9806842912240539
9015_2,0.8357219602710718
719_1,0.016990605500747144
10544_3,0.1857651676676833
4496_10,0.9553006899953597
3912_1,0.002869691833202299
10120_10,0.9088157659730941
6958_2,0.04345455610139107
10964_7,0.8578242160335247
4974_1,0.020213378983224978
5591_9,0.968192692382182
2295_3,0.18264355999753906
17_8,0.9999990943188801
10442_2,0.6671857538935004
3043_10,0.8082461769383225
5243_1,1.2226675721494292e-06
5145_8,0.9158140226170147
5727_7,0.953109545027152
3406_10,0.9812781719329227
3552_7,0.8948581273678861
1512_1,0.004006318357196529
9214_9,0.9984539040760778
3060_3,0.5231015311621985
9086_3,0.42144450904062275
10428_1,0.3800258446320969
11198_10,0.3703628286318842
1743_4,0.04141249178951191
7795_10,0.09763615822480762
9863_10,0.7269984613856861
182_3,0.4301915672660876
9644_4,0.654882388430059
10744_2,0.0032209394170415926
3393_10,0.9453754087960434
3657_8,0.9698723787869813
10435_1,0.0015873513283207324
9206_10,0.9611249314595876
4005_10,0.894880303371097
5901_3,0.5383866769099781
498_10,0.9966604377146652
9583_2,0.17302966746055923
2336_10,0.9770235359212456
6107_1,0.8902543294615042
7079_7,0.9126761282891462
2769_4,0.7744630165127098
4787_8,0.9872374160424064
11123_1,0.049961931368625034
6466_10,0.9047972945914244
6311_9,0.9769915742247022
1236_7,0.6494359348589975
3635_9,0.9951283390744272
1230_2,0.04225404091585008
8721_7,0.8344538076130329
7878_3,0.1024709733909896
11731_7,0.6413234066529505
8732_8,0.8727241147941341
8083_8,0.7054494456007697
3146_1,0.06264050892553866
11395_10,0.2974526696282151
2998_2,0.02746036331960706
3766_4,0.18308327737198074
353_3,0.01838408796429973
8688_7,0.9864294360300059
6137_10,0.8177416757361823
11950_3,0.18622279773988246
5663_1,0.4335295566888324
1108_3,0.07446436322526441
10425_10,0.8318318731600464
913_10,0.9431123825060282
7852_8,0.9236235457220741
14_1,0.323906463220163
12062_1,0.0008974630929358507
1162_1,0.001249220818484443
8648_10,0.44753857751222115
10605_10,0.9861039218520117
1091_1,0.016947718835645883
7723_8,0.06729166650895418
5474_8,0.9272105778319174
8308_1,0.05057988923462357
9586_8,0.526888830324231
5317_4,0.03341756467140644
11283_8,0.3473966765104549
9575_3,0.020045959715253928
8846_9,0.366022727636587
8756_1,0.013548695274038057
7973_4,0.1405028064091601
9845_3,0.04502756179010753
11335_9,0.9867003696813849
456_8,0.8927753477769396
378_1,0.6702844377155276
9176_1,0.003993135653753773
6371_10,0.8542649716688532
3152_10,0.8677095052274677
7441_4,0.05210846757570652
10123_4,0.70594288271711
6777_1,0.25082983915935525
7479_1,0.10908319938507754
5563_1,0.0035629173297968475
9076_7,0.38340148887678194
11744_1,0.46797409366583964
1040_4,0.13450173166327095
920_1,0.0032350429470817885
3599_4,0.012695673315879894
9629_3,0.1051224546571706
12346_1,0.28788852813543836
4237_8,0.6668543474584661
6596_10,0.7103334641729558
11576_1,0.0032390890072827127
1140_1,0.006723893010812386
2945_8,0.5129203070208337
7518_9,0.80356751335508
3435_1,0.014075356774713102
8219_3,0.13173056361503224
6758_10,0.9744644444480139
484_8,0.9016941767506551
10012_1,0.001339499605762267
718_10,0.9891041013788257
12293_7,0.7822372279878924
6241_3,0.03820821246655945
10635_10,0.9684126020147492
2563_1,0.005200457482086474
7682_10,0.7185054870384893
4993_7,0.9353367094594892
12153_4,0.4095320734370033
8559_7,0.6485199914500062
9700_4,0.46583966806437377
660_2,0.09861929189239034
11457_4,0.21396117462167527
7146_1,0.37927610951247204
3771_2,0.170767367504281
8333_3,0.31609832545929434
11740_7,0.5445274523751572
7035_2,6.126533306778878e-14
7054_1,0.007242185677120536
12292_4,0.04360711399360543
8881_4,0.8070241600807062
7264_8,0.8157955183607251
11168_1,0.2278586183952373
1145_9,0.9609892001141322
781_9,0.9988188839791518
5694_4,0.0035405703036145543
2637_10,0.9899642339508781
5812_8,0.8065151711088392
6335_10,0.98692910806653
10491_3,0.03420449403603692
4684_2,0.004625955014197246
3810_2,0.0403421322128161
12264_3,0.00407884525909591
8018_10,0.850454393736442
12185_10,0.5531461353035906
3959_3,0.5918132835073779
9829_7,0.9646388676214434
4694_4,0.1735192348187472
3884_1,0.06216907136696709
8027_10,0.991404925321493
743_2,0.04154838079632269
7036_1,0.024044265621976372
3081_1,0.019243764231588766
4606_10,0.91732583443783
503_2,0.07854880502907416
6989_10,0.9857089050636799
10059_1,0.06278840621612744
1380_9,0.2654788679279642
3247_1,0.12690061562430624
6308_8,0.985542715164548
1592_2,0.0025651591090958856
3167_1,0.0029645274322826513
6357_10,0.8008566216846178
7107_7,0.32983484990875184
5335_8,0.9634266833366767
11948_2,0.0439452606745022
10805_4,0.15024730039773967
638_7,0.9468517281576123
4311_2,0.0018132983807760197
11795_8,0.5426069707737422
8031_9,0.7979357181666006
11930_2,0.677057959331395
7886_3,0.585452984157889
7253_10,0.968062401139446
10955_3,0.4157031333764575
10680_2,0.018204505364230864
8754_10,0.9099157668821568
9556_8,0.9232117096280267
3076_10,0.9652077070264822
1544_3,0.2809374355592261
2726_3,0.03651965307542051
8545_3,0.0005036144913564877
3175_3,0.0023871787259765525
2864_9,0.34927238739216854
547_4,0.6950708697852509
2831_9,0.6126387122230156
5321_4,0.44448586995542705
4675_8,0.9853274853882305
11787_4,0.19320198949529382
2837_10,0.9004146205768503
7730_8,0.9380601115159901
2309_10,0.4819888765796808
9078_7,0.946858127007562
8160_10,0.9605662265588252
7824_1,0.0005172987132315172
9926_8,0.640338041016429
3507_1,0.006160141757525195
5878_3,0.02783816448919776
6708_4,0.5720957798964236
1096_3,0.19815655789624237
4556_8,0.9221808293707578
3667_10,0.37445123161007376
9565_3,0.043637863979819225
4737_9,0.7118019049388364
12134_1,0.2969063794098925
9413_7,0.6633065922549802
1002_9,0.9918440753226286
4889_4,0.9640261032372562
3453_1,0.10083522886173298
2763_2,0.025715091920499044
8248_8,0.4541801455495147
1881_1,0.801823214506577
3528_10,0.9128672461770133
3630_1,0.05876077515855848
11390_10,0.9976860124788111
3991_8,0.7331417297974182
7650_8,0.16073482110886647
4527_8,0.8984257911400844
10307_2,0.9276654779370754
8872_4,0.37538425426851346
1741_10,0.8759977674239958
12170_9,0.9230779550366256
11196_4,0.030060263486511866
5524_10,0.26832072313797123
1926_3,0.12911488079386282
1279_8,0.6084013181163944
1444_8,0.6460423201609953
8975_8,0.7899736604250605
7157_10,0.9947400496777864
11973_2,0.1444360481254486
7022_1,0.7107194143948258
6939_10,0.8602318885999638
6732_9,0.20736798912978152
3689_1,0.01726294499030464
10228_1,0.009228478823106753
6314_3,0.6321965868392597
4285_8,0.9491013710272382
10086_10,0.5893850194506354
9899_1,0.05236026757574515
7556_10,0.8300272321415813
12299_3,0.15834772688367887
11872_3,0.044259203709340104
4257_1,0.03480384567395602
3028_7,0.21936875981344134
2545_10,0.9972851526206925
8036_4,0.15141822953468603
5948_2,0.4321916842100663
12113_1,0.13160335919054944
1738_4,0.12553930127564203
9808_10,0.8336794617938751
2629_4,0.1857165652835903
12003_9,0.5387260975604128
6725_8,0.7935502056664564
5383_8,0.976917699557307
12097_1,0.020718900286292745
11402_9,0.843474917215968
3877_3,0.29699856845111544
3765_4,0.233992371833574
11431_7,0.9482935980225928
7419_3,0.12243409043018687
9844_8,0.8015566572987334
9753_1,0.08704051950592467
12377_1,0.3890215394994631
2775_10,0.3552672073987782
11106_1,0.04973486197118259
10015_8,0.6231762701057673
9473_9,0.8498826734740097
3633_9,0.9805510197214
9022_8,0.9843837312096907
608_1,0.0017652574526084033
10724_1,0.0011708712311459628
1059_10,0.992454304151799
8413_3,0.013087939478754763
2013_1,0.03537355185085623
2814_10,0.4087288777438275
9166_4,0.41921718247930767
6566_7,0.6481443225238458
9352_10,0.6336693169336634
8123_1,0.21200470879602812
10825_3,0.08148522926061613
3735_8,0.9852946058034652
7595_2,0.009053665176273751
4946_1,5.507695610651779e-05
8327_9,0.9877728876409273
5140_2,0.2193893528674584
10986_1,0.15144993707295826
7385_8,0.10510504055147447
3722_1,4.042330553164587e-06
9799_2,0.06327018119353363
1288_8,0.7100203139033547
8089_1,0.3453731559230444
11279_4,0.472750676285743
4845_10,0.954489006996294
8354_8,0.9910687984581289
1373_10,0.11313420325346596
5431_7,0.640040755224538
1245_2,0.020702392313462863
11429_7,0.9846089967361149
11606_4,0.9277913011099475
4192_10,0.306293970364961
3443_1,0.030155852322837223
4957_2,0.23000389611816258
4971_8,0.6736387968711857
913_1,0.18820045515740316
10311_10,0.8737412269904107
10558_9,0.9914256605564146
304_10,0.8469715459255185
7499_9,0.4484605370653445
6529_10,0.8332410473102265
2069_10,0.9866257643246582
1366_10,0.9881813878659195
10303_3,0.13911218815559953
4476_8,0.9887806581121662
8032_10,0.9933603095538895
8392_8,0.9448890708845381
10158_9,0.9922987283454112
10886_7,0.9762583790697836
1789_2,0.08425946440567396
3113_1,0.060379813852814136
7713_1,0.0035521198363704255
2685_10,0.9800536379488932
9760_10,0.9910286768082389
12401_10,0.869318904896552
2489_10,0.6917852383905264
6382_1,0.026337973923150616
2352_2,0.034065441688098816
9440_1,0.0020246776416801542
10695_10,0.5500538638856332
7297_8,0.5608468198760493
11703_4,0.1627415328992954
4733_1,0.01895547405659011
1769_4,0.10061100899328994
12219_7,0.9176469259802651
1725_1,0.039805664758839614
1711_8,0.8484385164163168
7466_8,0.9270855492818987
6987_10,0.9181925526204983
12351_1,0.0017734043415897273
4929_10,0.9967565958592471
10281_4,0.08321970317147746
11555_7,0.7701091461646056
2075_9,0.668167041412303
755_10,0.5936155783856999
11705_8,0.795778874312357
1434_10,0.7921597103098007
6189_7,0.6769700139048409
3645_7,0.10978455238385545
2963_9,0.9928049109046371
3487_9,0.9839654506961463
6368_7,0.9898210471185699
2240_1,0.8997621610110315
10126_9,0.9506349006797412
5366_1,0.28446237796665536
8058_10,0.5068162069523975
10746_8,0.8528638605993266
4852_3,0.13025468804562304
5371_7,0.5148818159588436
303_2,0.12991109629832742
7169_4,0.5406542358718263
4284_3,0.14398798141627317
7539_2,0.02487811372350304
11410_1,0.3277215227044356
4710_2,0.13848409876782383
7660_1,0.4328995570353153
10378_8,0.7006514475611499
10580_10,0.9124913662521781
4295_1,0.02125228581492549
4433_1,0.26081097938415854
6959_9,0.993432501716111
6769_4,0.23662195910532904
11996_1,0.0003218985567741053
10341_7,0.7139285582109468
2337_1,0.2841968676152518
11119_8,0.908632799028991
4228_2,0.009115790833480636
3680_1,0.034113445448929774
11256_1,0.012702119758025883
1884_7,0.8784705517363617
4750_8,0.9218036983584312
4890_3,0.9840741076373343
7159_10,0.9316987756408901
10622_1,0.007845536082251504
11753_1,0.4296176591004349
8352_10,0.955074472131777
2188_9,0.9516267133719535
6913_9,0.9485994972958842
9193_1,0.00031536488917206464
9572_4,0.08974313669367319
5136_2,0.362355287071704
4799_2,0.020321512364642958
5045_8,0.9878981376190529
9538_1,0.0029005896861297245
1565_4,0.29217974336988795
12134_7,0.9851177897255835
1437_8,0.7138216018171984
5319_9,0.979990357278971
3709_10,0.8474669827038869
2642_8,0.9333339865669394
11143_9,0.8722265822099283
864_10,0.9113922578842241
9283_3,0.20475515531850438
5089_9,0.6097445175350182
9917_10,0.5851446126332028
3800_7,0.9594778837962035
6074_7,0.9091905417317738
6433_7,0.9897120319145815
6715_1,0.00026136067734477
594_1,8.93186250649117e-06
2469_1,0.007191114097315304
3155_1,0.6777040654455274
7458_10,0.5403342444787689
2020_1,0.010068640655155047
6921_8,0.7234310437156313
9662_7,0.9838489412120769
9567_7,0.9932597052889086
5187_1,0.08460183345153793
6831_4,0.20711109698535518
7829_4,0.37023479625400163
3868_3,0.6187862301287755
2224_10,0.9673958748028889
12015_1,0.07017596661447868
841_1,0.09928472297273958
224_3,0.05957624221359708
4805_9,0.980016435628359
7513_2,0.1810343020640864
7065_3,0.0408093349481131
6192_3,0.4000821471061825
6075_10,0.9852331616425527
10611_7,0.9796435147557616
10471_10,0.9885175657076735
4198_10,0.5112058570145254
10756_7,0.6542345257438753
11960_1,0.067452226711441
2885_9,0.9147223670568588
6837_3,0.14643914918096954
1917_2,0.15055426354185894
7143_3,0.023719521404045096
1762_10,0.9612595889686671
12066_10,0.997645045865258
8410_7,0.2539212253641818
10729_4,0.6552279869125817
6967_3,0.13013609412639007
734_7,0.6246451837087493
1524_10,0.9338607890427064
2479_9,0.1637451552570168
130_4,0.0004653465986463614
201_9,0.9956633070424795
6157_9,0.9080029148814263
9362_2,0.14646475247317264
3858_10,0.7689738112756163
9895_10,0.9952465871006548
9953_3,0.008442585188929586
4667_7,0.5793358467744938
1951_1,0.0011584906352285183
8724_8,0.9882353202698085
2886_7,0.6327374865734724
7491_10,0.9987380849085292
10403_4,0.521413491268471
7362_10,0.49827399132354155
9466_9,0.9761778124808324
9079_7,0.8598481175917342
10171_1,0.04733096800761111
9511_9,0.4168240859469929
8775_1,0.036519488900201034
6462_2,0.5531122719387906
3129_2,0.17161811679336839
12461_1,0.022220275007465387
8541_10,0.2950264817941808
4241_7,0.9473749415242805
6533_10,0.5474792333452059
12131_2,0.11386582706141474
11577_4,0.03756637448160293
6063_3,0.035418305800344926
1760_9,0.8687894234614404
3396_1,0.1441190587067671
5385_8,0.9477382878254481
7212_2,0.1769053516952638
3522_8,0.16480667982179617
1397_10,0.603777029064137
387_8,0.9769688790402331
4143_9,0.9877260277378156
9483_2,0.3885091443652225
3250_10,0.9692432466215628
8758_4,0.019771594263783374
7551_10,0.9624554371074895
2068_1,0.3122546966248703
9534_9,0.9712499947091682
11561_8,0.8133814726280882
3083_2,0.07683533278787741
2973_1,0.2154646621844905
6574_10,0.9230393319001738
5442_2,0.09877470372482962
6343_3,0.6445644168002748
6723_1,6.724129761612252e-05
6252_8,0.1826761466092379
8465_1,0.028456400177580197
1906_7,0.18135279349236127
7492_7,0.6066827823201095
5508_7,0.1843592853118426
5936_8,0.9312784940621474
5086_8,0.941509528894021
2134_7,0.13843295294814748
8301_4,0.7888440796521085
8423_2,0.06415144680547898
6241_10,0.995625633247608
8550_4,0.4295442038480294
3330_10,0.5514787921605803
8825_8,0.9208122826501722
8030_1,0.06684702375508222
4884_4,0.5903683184112581
8391_9,0.6148288770178613
9776_1,0.064696059917439
1389_7,0.33742485325054034
12224_4,0.4400433459615114
2162_7,0.9436164912985756
8490_10,0.9781142363924767
12003_4,0.00019675163085799654
11043_3,0.3242789991464918
7266_2,0.0265850109069723
4480_10,0.6946513214985524
11954_9,0.8112878128766752
3280_2,0.44859609547152274
8084_2,0.014759926369790491
3913_4,0.7633169764947932
7353_10,0.9995512043355415
3161_10,0.9275609063446767
3941_1,0.11877227636837288
7992_9,0.9805871986738502
10742_10,0.9961571104257164
69_10,0.9774730520110358
10415_3,0.43699219414831814
4818_10,0.7369854094843915
5563_10,0.689888764091304
7018_10,0.9435349514672986
8873_4,0.16997988103798786
10593_3,0.09427828477504045
12251_3,0.3957784119363366
731_4,0.3118056939983197
1195_10,0.968293106735683
7337_1,0.2371639393741071
2448_7,0.8702381311555788
4444_2,0.8178804988038525
9223_2,0.0035642454604977968
463_8,0.9319189219229786
4335_4,0.07697821260844143
9635_8,0.09302957893666237
8738_4,0.43446575835192974
6724_1,0.017107847569199343
5504_1,0.00030979294041129813
10185_1,0.3037836511128693
901_9,0.9975574249582834
10452_8,0.9840572350133123
8289_10,0.9551800657356683
10112_1,0.00150808689577674
9950_8,0.9672655859781278
8644_4,0.3227810614414525
11534_7,0.4690705274588186
5708_4,0.10775840374454179
6781_1,0.006529870375652758
3582_10,0.8549659191867306
4591_7,0.03652199316583339
3327_1,0.06316393118953682
9536_9,0.954061835786002
3047_2,0.12239831751166959
2830_9,0.4886090815182986
4300_1,0.2125291223188565
4160_4,0.5377915619881339
11783_10,0.6278604675214773
6029_9,0.7936910931663798
6907_2,0.025236881414104174
691_2,0.013704035223835532
585_1,0.5643060383219028
11182_3,0.5549505042862757
10433_2,0.000902597891660914
11201_2,0.16315448865519921
588_7,0.7838921393561777
2522_10,0.5035225860941293
7002_2,0.04473783922285834
2059_10,0.995431302012324
4925_10,0.9495162117063861
7791_9,0.9979392262969293
6392_10,0.9617837549115534
3305_7,0.9592778906356394
11951_10,0.7053357790477292
12167_1,0.0008970597511533865
5814_10,0.9946010815297985
2590_10,0.5951212652745916
10571_3,0.08021050436019471
5452_4,0.08257946056333998
6480_10,0.9792220593659676
11050_8,0.9626366897437387
11523_3,0.1386250924158978
6556_8,0.9205563792487187
597_9,0.9689101806155737
4049_3,0.5425607527843359
6652_8,0.999697674513889
5591_4,0.11683903114803766
12295_1,0.014884717008991778
11478_10,0.8461524398741623
6436_1,0.11739498604684254
2487_2,0.05304880524327619
7520_7,0.975052974026615
5203_9,0.9963215509283312
6162_10,0.9995840194854343
3840_4,0.03232599022670578
7471_10,0.9896867110118499
5021_1,0.0002754500652359223
5593_10,0.9140225283441838
7489_10,0.5093949498190948
1208_10,0.8417758377864821
11983_10,0.9908105851443507
23_4,0.029665151196061234
3622_7,0.07105310067395534
7821_1,0.0022184901905206956
9726_3,0.0181193313914902
2890_10,0.9945932181337344
11695_4,0.23124603849095443
3751_10,0.9888955636987522
5136_8,0.9767608013906415
8730_7,0.8688147213074178
4341_7,0.020820035054589715
9148_3,0.011034201454037206
6385_3,0.13730739139930176
8560_8,0.574770766543837
766_2,0.055799526881903254
8847_10,0.8743495101780335
7455_1,0.004426076190176605
3187_8,0.7183432500764364
9683_1,0.08216413524651665
7744_10,0.6742868515780766
11136_10,0.9988135291647537
214_1,0.03582281389984743
2105_9,0.9853414352509413
1265_10,0.781243366837885
9122_2,0.8006545659368463
9296_10,0.9754872996776133
8107_2,0.31067381584079035
8134_2,0.0035514015680348857
3788_10,0.9754109584694919
2429_10,0.7962397949368524
8567_1,0.01984063019168044
7400_10,0.6475273139583455
1789_7,0.6594480721083924
11098_2,0.05969175529864343
918_10,0.03713047926053829
3389_10,0.9146185952725974
3754_1,0.2538714847728731
8807_9,0.9660005637667719
7900_9,0.9995293716705811
6541_1,0.03334968593280164
981_1,0.03386470029124703
2142_9,0.9771618597455414
1639_1,0.0033322410662999236
4162_1,0.002959995504139982
2476_10,0.9860300665188091
9941_4,0.8060348709897637
4020_3,0.03466171110701652
6823_4,0.06807829778593395
6236_2,0.002977490363942359
7793_4,0.2372457326338941
7431_9,0.9999249777740739
6864_7,0.24881613696086696
184_9,0.8701377013590272
735_7,0.2552044519383297
1673_8,0.9930466224014378
6209_1,0.0029948259739052503
4167_10,0.9877716230532927
7854_1,0.2394693905304317
6281_7,0.9570320775547341
3045_1,0.023551592010656448
598_9,0.9168539880634483
5411_10,0.9780190694588756
3781_4,0.01998416937536327
10627_2,0.1198481985001476
11283_2,0.23650738477724184
4594_8,0.3609411061324336
12424_7,0.6468924936390114
6705_8,0.5101966022552913
5274_8,0.380423140685383
2107_7,0.24340934300995834
10685_7,0.4387591382262832
1992_10,0.8825282862965023
6711_1,0.009681421300435318
1899_10,0.7772829263220314
6307_9,0.9023351039527692
5702_10,0.9517226454260224
6865_7,0.6238074673757846
5047_10,0.9713756464716895
2762_8,0.44934970842763416
2830_4,0.6201024500808631
9305_7,0.9610099974854553
4358_1,0.03455808157504951
7558_10,0.9984458571308246
8607_10,0.24772094742813017
4599_9,0.505214731936822
5267_4,0.01631046450297058
5667_10,0.8059732808881321
10108_8,0.9915118136118272
8432_3,0.37052742313168485
845_2,0.15856503393659532
552_2,0.2992469636286562
169_7,0.9168059972120006
12311_1,0.2724907103120737
5884_3,0.4910312995456956
2938_4,0.4900859522881108
11378_7,0.5254002071204251
7337_10,0.966418736790565
4378_7,0.9328647861398518
4660_10,0.9997717753704711
2461_4,0.6175614685281016
7011_10,0.9999107393699632
9907_2,0.00967283287895384
6134_2,0.03046212930381944
1548_1,0.8022184543436571
157_3,0.6103188450946541
2189_2,0.009323557412792944
9021_3,0.5942273386348291
7699_1,0.08935959308059743
9298_1,0.019986819618029443
539_3,0.6598615637194657
10243_2,0.024760648974223396
8659_9,0.9332172250088366
10748_8,0.3961333230286935
6757_4,0.004428069994717364
7196_8,0.40254576988243107
2579_9,0.8842178522995745
5896_10,0.9566904721665718
2308_9,0.9928719680469899
12318_1,0.7381075219788082
12244_4,0.4205218651423463
10131_7,0.9388836085638228
3608_4,0.3656171182780772
10891_10,0.9922938115346759
10517_10,0.9976864794830481
2180_8,0.8833916219714395
2498_7,0.9992845498501904
3382_1,0.0007013251505105497
12196_4,0.08693923195719302
7079_3,0.11636209968571785
562_8,0.30702570780488286
984_3,0.3485177729817126
7756_10,0.8462883214064382
11553_1,0.6984483760005491
1880_4,0.3270387348040589
9842_7,0.878751949776324
795_3,0.07345230478709262
11707_10,0.7324522465063683
8457_9,0.5229298959064056
2483_4,0.06738971055328287
4903_3,0.270312667147697
12223_2,0.008574448162276609
8418_2,0.0032607330215831
6194_10,0.9941177485459042
3214_10,0.9962108879239976
12208_3,0.015466962936129067
7001_10,0.4706978266077184
8533_8,0.8207524137681484
8236_4,0.07860800963477597
2867_1,0.0028819241273921386
7876_9,0.4005243095249508
9640_8,0.8974324376884252
11866_3,0.014854680277446537
4262_4,0.37033685911545816
5711_4,0.038892773546700926
214_9,0.704532037852027
9641_4,0.28333143535659633
9086_9,0.9991121524339189
12088_2,0.02098091245832483
76_8,0.9554103177180903
1537_10,0.951331643172453
10510_2,0.02483850788720149
778_1,0.025370645625811223
458_9,0.3076344585873975
12472_1,0.0030314925268347687
7914_1,0.3533705738870942
8595_10,0.9903155330399188
7741_4,0.01074555878490676
9056_4,0.05301438017435864
538_4,0.4607983993320489
12049_4,0.48076009610075765
9613_8,0.9721945810383396
7051_4,0.3704557657354438
2549_7,0.4176435905291095
12139_3,0.07799174452647006
4006_7,0.5911301261038973
11662_10,0.9759817597313931
497_2,0.11205226929918112
5556_2,0.17743904841079278
8287_10,0.9981122600273976
4712_9,0.9828867952494899
8237_1,0.0003874946154823026
4466_9,0.9620939357402505
4141_1,0.0377065920273274
3303_10,0.7182851980758603
5384_2,0.08907814932312717
8494_1,0.0022088713988417307
5127_2,0.05155268010151741
6961_9,0.9915732272272002
10856_1,0.02066370984159464
9421_7,0.9762054046489471
3776_10,0.8910735810796563
5958_1,0.017453730826790113
6227_8,0.651044611235242
10991_1,0.4009825383842241
7996_10,0.8855086549747162
12372_9,0.8628151616615761
1460_2,0.11368334732444181
10183_1,0.04450297621191679
2829_4,0.0018041073128163756
9797_4,0.07256544474948111
2988_3,0.00013020538547363968
3974_3,0.0024333344748249685
11419_4,0.008720549255838542
11472_7,0.7698025952500472
8489_7,0.8062821257752353
11938_4,0.14322888163220804
1057_8,0.8865260651221571
7213_1,0.19827577323335566
2615_10,0.9140336551286358
3101_1,0.021340203150939516
7553_1,0.07039732545655389
10258_1,0.0019334363140765525
8551_10,0.9948355883887857
11233_4,0.025190150433748094
2996_4,0.5927075254749928
8670_3,0.5964037648805749
10586_9,0.4877036119035858
501_10,0.915193981554764
11398_9,0.9802547939682124
9223_8,0.9319656501048
5432_9,0.8759435838554398
7517_10,0.5605138070541182
11616_7,0.8298825932116164
5055_2,0.041737173211935014
9285_1,0.03954918773179742
5175_1,0.3666148427747492
872_1,0.043695731341245714
8890_7,0.40573361799232494
178_2,0.04121425352846586
10660_4,0.06940894213140548
11461_4,0.28293300685202943
9461_8,0.9695216273053074
3992_3,0.0028901149198395245
1173_1,0.0004868533932398219
8261_10,0.8760242352313807
10007_4,0.021403255312642557
10751_10,0.4587528605021882
5021_8,0.9605148177348246
10553_7,0.8555780250926671
12464_8,0.9852082223905131
8616_8,0.9109713373391198
9697_1,0.001554637290466728
2800_1,0.00944610985237826
521_1,0.0004832063771057526
7535_10,0.8034692040836856
4352_9,0.9112227811585354
2246_10,0.8629434792064543
7039_4,0.17441930137316528
10344_4,0.529158917063807
12195_10,0.9045745919764616
3671_4,0.6648024813933431
1767_2,0.3174886227076313
6536_1,0.03406689437792681
8951_1,0.47425356044158734
12462_9,0.9753260974724096
8489_2,0.0021372190226479192
11884_10,0.9777798033223105
8602_1,0.0005038813423741826
9229_1,0.07192993184124434
10611_3,0.02585054068449952
6764_4,0.42476349614867404
2612_1,0.07344505768412239
213_3,0.08703389536470266
1987_2,0.0858060682657941
3082_9,0.9189569197324949
10504_7,0.03210814720430104
8862_9,0.9482990665480677
5512_10,0.784777346386244
3198_10,0.9760093535642314
11521_1,1.662667413129654e-05
9841_8,0.5605758070934239
1781_10,0.7784540106911114
8389_1,0.07412672895865315
10225_1,0.08523446587513275
1403_4,0.19612118262236639
3792_8,0.8636243710945332
4361_9,0.8938910963137636
6579_7,0.8269410269300161
3891_2,0.5754383631408938
10782_8,0.7670802612851603
12290_2,0.04605888492339735
1710_1,0.11957536544275563
5507_7,0.5021799994603172
10523_1,0.3625062063362965
6722_10,0.6041445589722693
3401_10,0.9767914560104851
8079_1,0.0028902119911313018
5650_10,0.7276638882694898
1843_4,0.40696054934206355
8228_7,0.8638089415668373
1138_8,0.8996555949992493
7943_9,0.14369139150020974
2219_4,0.005912844797850353
11675_4,0.6748713767831173
7748_9,0.9933786881218043
3859_1,0.0024237152660207283
1497_1,0.004571253861581036
2115_10,0.991033406453994
9622_4,0.1366203324630404
9482_10,0.9553668047207178
9084_2,0.18186897572131716
2744_1,0.06490885516023877
6599_3,0.19205002039431152
10991_10,0.9798305096262617
8444_9,0.8091228745704315
1362_3,0.04893937010513274
6820_10,0.9934597601169128
10806_3,0.012462985266071761
5509_3,0.1695978492232292
1939_8,0.5502716681223561
498_1,0.4150408974302148
12238_10,0.02998729549551053
4154_4,0.2931232637328329
11557_1,0.003889784325478198
6658_7,0.8889291907969811
1183_2,0.023943117905960147
3764_10,0.2784455159072346
12421_3,0.0941553371913649
8166_1,0.4708752345017212
88_10,0.9826492343918101
6291_7,0.7348580135605485
4637_2,0.16461529770045474
4194_10,0.8755599180767475
9020_10,0.030725097831881484
9749_8,0.3544334208958143
3308_1,3.908137259123667e-05
2569_9,0.9950054401102888
9696_8,0.8192553621834943
8680_1,0.062199870958974474
10469_3,0.012203156564875191
6208_1,0.04818801872400639
9862_3,0.6950589749204494
7663_10,0.956802815347944
811_10,0.9157208422124058
5452_8,0.9399813539381948
4347_10,0.9268148453172754
10922_8,0.7487556639148822
10466_3,0.06867524348277682
11650_8,0.9826646499647221
5126_4,0.07460484999115599
3454_8,0.9826909835510689
11021_10,0.7827573125610264
1160_1,0.07694430924813911
1948_10,0.9399341447664766
8741_10,0.8660207864525227
8996_4,0.5505387502954368
11572_2,0.1638458656119739
2183_7,0.7128037712336961
1779_9,0.8020445813504673
5466_10,0.9994308712836343
1756_1,0.005281675750555952
7777_3,0.2730752505966364
429_3,0.015149857789003464
1736_10,0.6450679536471278
1746_10,0.9491628910277888
7613_8,0.9636654270490538
4315_10,0.8031988298924424
12186_10,0.6224013973118521
4231_8,0.9848368619352609
659_8,0.9538743997068824
7739_10,0.9953651409985397
43_10,0.9968185105655663
2960_4,0.2867251046193376
11665_4,0.0058351383768647895
4399_9,0.9552414865420418
6993_8,0.2090803602296553
6523_10,0.9803897291658958
7068_1,0.008103258994660995
3005_1,0.7964448828357724
10419_8,0.9984323289751642
3160_2,0.22558978542234204
1881_10,0.3001677505494174
5623_10,0.6295093940251055
2263_10,0.9523342582531136
5736_8,0.9701083513402233
550_3,0.11442673416383536
368_4,0.6778051599938552
9100_10,0.9009659529189831
930_3,0.035975498722338003
866_10,0.9529551595647631
11251_7,0.6492189972026632
10708_9,0.47921422616406734
247_2,0.09665956295273113
4080_10,0.7187413253535132
2104_10,0.9974423491784786
8_2,0.7296236998243778
1485_3,0.0687537982821668
3133_1,0.4588463389139752
331_10,0.9772889223241331
12213_1,0.1253321471571977
2825_3,0.010763163659203285
8316_3,0.31111904793515455
11102_3,0.15083908053907152
9719_1,0.03714562374649671
1951_7,0.9515316697376692
10577_1,0.0030196864577352483
9941_9,0.999358105411526
12246_1,0.12027663512324303
7579_4,0.27440213100889355
7111_7,0.7770435009251352
1068_3,0.27314682072643537
1872_4,0.7373701321060392
834_4,0.48802586171819545
12088_7,0.7512728369853967
7785_3,0.009404341146387097
7364_10,0.8692823057681592
4441_2,0.07057390443022402
3957_10,0.9998111076359966
7789_1,0.7581542415340122
3296_1,0.6090594853568719
6656_8,0.6095195027175968
7366_2,0.048536253878653755
10579_10,0.8474552146022732
1292_8,0.7805189593296614
3172_10,0.964980927847144
4948_10,0.9991402650409146
8690_3,0.12616371752019287
3279_1,0.0010274100815556456
7221_3,0.15170699331264995
6376_2,0.08140713867993024
4901_4,0.15422185065568925
1591_10,0.9958127179505825
2905_4,0.13946794343683155
8656_7,0.25803928788173514
10100_3,0.7107824267504591
6918_10,0.7432467327841736
7105_8,0.5807187302890363
8220_10,0.7132200394587008
916_3,0.07612499903019794
7831_8,0.13022227024496696
11118_10,0.991245871950476
7993_10,0.7166488489305574
2665_3,0.042472764131111805
1680_2,0.18349952314814724
632_8,0.8808400357147947
5838_10,0.9988281401471313
4039_9,0.9611271359853946
309_3,0.2684016797384582
6715_7,0.30491999245956264
9130_4,0.6601354277833809
722_10,0.8827039665844144
9485_3,0.10681266333702193
5421_9,0.8610092206707324
2053_4,0.0077637690537609135
8824_4,0.04661144823625507
906_4,0.4015346121038561
4325_4,0.3443347773892329
3131_1,0.35434153647998945
4732_10,0.7299954746347752
7628_1,0.002384979204590178
3903_8,0.8295444286604389
2781_7,0.8232405730925344
2530_1,0.17093211192694796
8740_9,0.759988382174248
9456_4,0.01390590785709077
8705_10,0.966034195134829
9894_4,0.34926045824985985
7573_10,0.9576792478048458
117_1,0.00012807745184201683
1578_7,0.19388849672928976
2822_9,0.4454601634642839
2544_10,0.825900519966647
10988_10,0.9849185955544618
9846_3,0.00040513331624739737
6242_3,0.6451679066850463
5626_3,0.7432981828189399
4053_9,0.5239524201247119
10157_8,0.6989182531743546
10582_2,0.07281786874325046
11091_1,2.7399876752810326e-05
10436_8,0.9509265256531342
3432_8,0.8842621868177591
3007_3,0.41297623199942396
11467_4,0.0938249001892668
9877_8,0.07131709448470776
4839_1,0.4312417833380515
2766_3,0.11144112624661823
11528_9,0.9446497719387532
4327_1,0.004264770889239088
8087_10,0.3900723428264562
3394_10,0.9994587265119105
4690_4,0.5280514379946459
11642_8,0.589827320892638
2603_1,0.2621733654047476
9578_8,0.7044852015973874
8316_10,0.9641428673525098
8184_9,0.9900713835779628
9764_10,0.9821940772257345
3248_2,0.0007064228844476988
5784_3,0.04535723991832801
3686_1,0.004749066347835825
10901_10,0.9215025419090528
606_9,0.800141197990223
6887_1,0.18254398759160115
4240_4,0.5403205718828018
977_9,0.8382707031764192
2232_7,0.5310072819324031
4107_8,0.9937190518844489
11897_10,0.9921267444151272
10418_8,0.9998568490425046
5274_1,0.0002765463770263543
5978_10,0.9932107113601707
6781_7,0.903884523189483
6704_10,0.7478895014921617
8290_4,0.6446585882527137
9826_8,0.5893929386951942
10066_1,0.6672568137931655
1135_1,0.024009404444436683
6683_9,0.9660689374837821
9991_8,0.9867118862752339
1710_10,0.8783803290168322
4774_2,0.005874722688465153
3621_2,0.2699177921941946
9258_1,0.023717064105132305
12244_8,0.9668546741624235
401_1,0.0068681535456817724
11869_10,0.9935529240705508
3092_3,0.3194607051276445
2910_7,0.9028242500029586
961_1,0.005226242544945855
6927_7,0.03255262504841763
4819_2,0.04388383955004111
658_7,0.5643366043968074
5477_2,0.04769842862828746
7766_1,0.02042816295530657
4159_3,0.05862138853699449
5010_10,0.9457395722681293
11093_3,0.016898473311991603
7287_10,0.9986872887257414
3462_9,0.7479188823025074
1652_1,0.05196196038734468
12077_2,0.931129504141842
3798_10,0.899456228546917
2696_10,0.8814981599982947
2803_8,0.9484897576291086
11941_2,0.0064267219354626585
8090_8,0.7370948312990557
6994_4,0.15797462503076504
1242_7,0.9636103320926694
8828_9,0.9155639102705282
1346_1,0.00020134472915340392
468_1,0.06245233131381729
3665_4,0.0377731012778495
4476_4,0.33503112790517586
6043_9,0.4221106053255558
5830_3,0.0011858658299053507
3159_10,0.850252692965599
6975_1,0.04215325514146696
7338_1,0.00029526842073109385
1424_10,0.6708440957401167
6487_7,0.9326506925579228
3023_7,0.6110122641393275
4749_3,0.021492877515544122
4596_3,0.4433637280527187
4681_8,0.9934166731281997
4235_1,0.09812095222716216
2912_8,0.7571405522712745
6552_1,0.003831388928137627
4329_1,0.2612438286596185
3876_1,0.01054778268511809
9168_9,0.8731959530580373
8747_10,0.5477841956195288
11842_10,0.9980836572444889
5612_10,0.5637403628584209
10371_8,0.9009281733914238
4804_7,0.7898080406736189
4914_7,0.9981063162745178
2520_3,0.16519821825190956
8053_3,0.06122615788455506
11302_4,0.08794091290796066
4766_1,0.7205803143003714
1820_4,0.4237742251170987
4668_1,0.12945523264570868
3521_2,0.00014407708216162426
3467_7,0.9763027204732028
1885_4,0.08149245503432992
4206_1,0.5900675614368965
2774_10,0.9198124660627813
12060_1,0.001942259633695349
5664_10,0.9876557000949355
7078_10,0.9792019588136112
4797_8,0.9844733464352811
2735_3,0.00472618773473878
7981_4,0.4143423405123388
10440_7,0.7654006177391356
11611_7,0.9766694032141464
5553_1,0.04660770267943258
12415_2,0.9421012699645837
10807_3,0.047681166994632665
5539_1,0.032542575273748764
9489_10,0.879194746320408
11053_10,0.9537984162319106
7493_10,0.9861019957379582
10400_4,0.6819356726767786
9856_10,0.954917358800368
6813_10,0.4451907630271258
679_10,0.9817373632448104
7502_3,0.07856038357176404
3842_7,0.8345303734286204
7800_10,0.9662674929482286
4253_9,0.6667968450125201
2103_1,0.07924196092600509
9581_3,0.6176054139108405
7335_10,0.056136160835857395
3304_8,0.9544518331811391
12276_3,0.21224467753689946
5451_3,0.1445506896823322
1873_3,0.25386833335784326
5857_7,0.2936075093965198
5423_10,0.9720788208700274
6400_10,0.9798187554856387
6419_3,0.06028022598305978
3775_4,0.24975429120745077
5165_8,0.7820120175419679
6555_1,0.005096648908529938
3806_4,0.21203857159668824
8584_7,0.9503510442521859
5390_7,0.6321593017101861
10965_1,0.010280034094014994
6680_9,0.9990337404756305
5034_1,0.2714194704685049
7718_2,0.010212339324254678
2688_4,0.2881428430359202
9107_2,0.018286720870699158
5993_1,0.0012134323387772556
7456_10,0.9309653203448287
8581_8,0.8976364808270509
8852_3,0.10131281630438557
4239_10,0.990594650883764
9012_10,0.738073057417556
6661_9,0.9306563835260961
6786_10,0.48949861404339634
12257_3,0.3436794155225202
8700_8,0.9705757994754408
8848_8,0.9008163070614386
11377_4,0.4522257829997675
4722_2,0.0886900702109491
8546_9,0.8140189750324888
3091_4,0.031953414229711194
4124_7,0.525927609105285
10860_10,0.9476138640080173
2684_10,0.9844277907442711
4968_10,0.990055089725836
10785_4,0.02789765422412457
4871_8,0.734872659397348
1064_8,0.9999161109258025
9452_2,0.00011315229160060731
9965_1,0.06154359281047846
1358_10,0.9492395144805635
12094_10,0.9974174011287454
415_10,0.9389669165039901
8308_10,0.026941370492238374
11112_9,0.880090578567023
6271_4,0.08133459632784991
7324_8,0.5684205501530218
7950_8,0.9818199112752777
8880_3,0.08488491950181523
5610_7,0.9958928151026326
3918_8,0.9490150622586806
7209_2,0.006471760857651647
4916_10,0.7822361333157112
6782_3,0.15195080825801419
5607_3,0.16579503197855552
5492_10,0.9874770483353075
2824_3,0.00023168346575239775
1533_10,0.9791853563049577
9663_9,0.4913690686548424
11087_3,0.6327357473916275
3360_1,0.021161403290174116
12040_1,0.016474026957083818
329_10,0.9834267591129999
4819_7,0.6571178933680686
11985_8,0.98828031501548
6491_4,0.6442300027605876
7151_10,0.9901352856463437
6807_10,0.9734726324654142
3353_10,0.7545130718513131
3592_10,0.9414155684337918
928_10,0.3269092381937298
3100_7,0.8176135737320709
7390_3,0.0023959140891737177
8466_8,0.8626488542020292
777_10,0.6550549637936596
10007_10,0.9724529251580225
7673_1,0.10515221288020563
8255_1,0.007574313652973631
3734_8,0.978635770216029
6217_10,0.7289416461679373
2264_1,0.6453885708797464
7637_7,0.9928787623884653
3494_3,0.08194216696869819
1012_1,0.37528195667522213
9796_2,0.04168060472748654
444_2,0.057240121590957135
10968_8,0.7943433687112675
8328_10,0.9684398388667513
2417_8,0.8624508979357967
253_3,0.04350914367629344
3740_8,0.9655148388639191
5904_3,0.5896921879742313
6664_8,0.8429475794203118
12027_1,1.3386558750649041e-05
8658_10,0.7236422169523652
4505_1,0.061898389131709745
1008_10,0.7336281227652132
7922_3,0.4466486660571552
655_10,0.992889872221787
6383_10,0.7679726740982594
5868_1,0.2579284513652458
7827_10,0.8918520473965489
722_3,0.1259538044973444
3933_4,0.3857561128557254
1358_3,0.14565778157726336
8939_8,0.9861834257990911
9502_10,0.9120800016183457
4798_9,0.9195612405821574
7088_3,0.6584055806193115
9904_3,0.0009409049307171811
11214_2,0.020784335859264074
11293_8,0.5900876301641466
11924_10,0.9940057549046863
6168_8,0.9567741480901543
4329_10,0.9242918676806199
10345_3,0.020109829383164125
5512_3,0.009191572217302048
1291_1,0.021222497910215802
7568_3,0.03477989125755684
2747_4,0.08763699647720219
7484_1,0.0019342021674109322
3915_2,0.019781454679815208
8527_4,0.30747057459057986
4686_10,0.3524678827126635
6909_1,0.12464302615216587
10587_10,0.5913497068716871
9167_8,0.9674868438916798
4739_4,0.10400396591734297
6266_4,0.031114850810920105
6155_10,0.9978909047133616
11409_9,0.49880699817486507
3874_7,0.5624343297188398
7049_3,0.6219706958465822
11158_2,0.059237247699618995
5714_10,0.9990929781366734
11248_1,0.00012198025888066922
8854_3,0.7419404601301909
3191_4,0.059435765901011545
5537_7,0.6790775161430319
4919_7,0.9308852342131162
8109_9,0.9815048802263496
7476_4,0.21850940746638434
5890_10,0.9793171553154806
5837_10,0.9898042192417439
2623_9,0.9068469622256304
5033_1,0.1723093986542787
12055_8,0.9975899789179858
8420_4,0.3690165806011749
5854_10,0.9774251618498252
9631_7,0.5408037354565886
11705_3,0.09116371626034092
3869_7,0.563446133671417
10836_9,0.9118781894488698
7027_1,0.07723675925561181
55_4,0.13965471552257094
11124_8,0.988571172511936
3533_3,0.005011827664600542
1552_10,0.9993021340678064
11307_1,1.385291311009798e-05
11974_7,0.37809137419084654
7246_3,0.05374723530438925
10648_3,0.017637839584242775
11991_10,0.019076431835193457
10494_8,0.39795434870876856
8109_1,0.006474645115204855
4764_1,0.03966490272774493
3527_1,0.04585696617881622
4059_9,0.8988740547570281
3729_4,3.8075349128274984e-07
5073_4,0.9712569659594633
4984_9,0.966397587065803
2371_10,0.9729688425876305
9597_10,0.9904281390118869
10823_9,0.9551397753590786
3123_10,0.8691771066886855
2951_10,0.8312390467903683
9800_1,0.38257502137126065
1824_3,0.6317845156203209
6238_2,0.36504334857263987
8830_9,0.77656244161418
12355_8,0.5488874049829078
4002_10,0.9906773341781245
405_10,0.44891174887416463
4314_1,0.44965675550765255
9201_10,0.999841461579663
10466_8,0.7482822502374799
3736_2,0.03886815733470455
1641_10,0.998934350151369
3381_1,0.011768390277761921
11711_9,0.8661929200207139
4970_3,0.6901427342769482
6958_10,0.99995916836993
646_9,0.9965877501370726
3590_9,0.9921482140803906
7218_9,0.7795218314413609
5091_10,0.9981567726322855
8820_2,0.8613681243814698
3938_8,0.8889667758622078
2616_10,0.11985303807012007
7808_1,0.11457530175607307
3508_10,0.8694092742241017
8974_8,0.9055310832248912
4383_4,0.943409137858411
6360_4,0.06677267561010201
2759_8,0.9500780442692751
7417_1,0.0001074528380305151
10880_1,0.00034508952334127665
5488_2,0.1553910987979478
8015_9,0.4137744746713039
6484_3,0.1398508621416175
10117_1,0.0005248351674058199
11363_1,0.012268274297750095
3334_7,0.9546280185661727
3369_7,0.33781002982554065
9609_1,0.04453796209867047
8396_10,0.6881250134892704
8267_10,0.9599950548358603
10335_7,0.962219003071743
1973_4,0.06468417388529761
7123_10,0.966081014259367
6949_9,0.9973357322938589
10652_4,0.2718518695781002
10256_4,0.001146375917214885
4557_9,0.9690868349693764
8929_1,0.09403420873913147
2429_1,0.03478135698573247
3994_1,0.024498546794461052
11454_7,0.1055414631494129
11874_4,0.026482882941548096
4891_3,0.015501863339916058
2216_7,0.9666229800529303
2039_4,0.009965622303737855
505_1,0.043765077401763615
313_1,0.0032274525844156188
3383_2,0.015073668823333164
9453_7,0.3412667797954107
426_9,0.019632906415389697
311_10,0.9847687018917068
11291_10,0.6530486779152682
835_8,0.8210563294139657
2143_9,0.4793373799073036
8200_2,0.43318127740213863
11716_2,0.9681621729485942
3786_2,0.5754601459066582
3818_4,0.021252726774836236
12106_1,0.002055186122466121
2605_4,0.03471676663880854
10518_7,0.8563416943547606
3932_8,0.17476282591259923
7515_4,0.04456509550340959
9857_10,0.7486389803504782
449_3,0.4173418856991537
3573_9,0.8971587835425678
10198_8,0.62957272797034
2286_9,0.9698521383837162
6906_3,0.8591349556489788
3807_2,0.0712420692745831
11602_8,0.8616449183919273
10201_7,0.9442558823436773
8717_8,0.9908727763595622
10411_10,0.9992656900267536
11099_3,0.16699996310121148
5619_10,0.738714137433624
9252_10,0.9925155326873865
6097_10,0.9886954572006881
6467_1,0.175935778659121
2757_2,0.054886779673246844
1869_10,0.9633637427203459
5192_2,0.42825637604995054
11399_10,0.865759391394403
898_3,0.45858160981203605
6820_2,0.3087388782276865
768_2,0.05855780507799308
1783_10,0.5875321587989439
8102_9,0.9213469008956875
7818_2,0.11104294535891021
2444_10,0.9871375426091096
3965_4,0.25155412268949723
7086_4,0.8049312075281846
10556_3,0.06545229499298141
5221_1,0.12300369518919277
4322_10,0.9905330609041232
7371_1,0.004261900897903096
1318_8,0.8445247534757022
8142_3,0.07100690723545026
3413_10,0.6301577953189155
3845_9,0.9329931127215
7323_1,0.17912237466452544
5273_3,0.06135427984852378
11812_4,0.6870933693711778
5737_7,0.7162091303934724
7260_2,0.19021721261744795
5018_3,0.060273743199989904
7779_10,0.9996369488614457
894_7,0.34651790536787663
11940_3,0.01134059466259614
2471_7,0.6849327467594324
6605_10,0.791939710199684
282_10,0.8471350788312572
12402_3,0.018923717253301574
7974_1,0.06572371124522722
12280_7,0.9033241134547224
10917_2,0.009017735806421016
12164_1,6.705370881200673e-06
3181_1,0.11152480846789067
11240_1,0.24012286142584036
11255_9,0.8274751471809847
2318_2,0.23337611586765614
4976_7,0.8511258418280698
1822_8,0.9760330379793419
11724_7,0.8944331785122951
3499_3,0.6977266674530431
9439_9,0.4804107233264423
5469_10,0.9706417233331701
7612_9,0.992113237218445
3947_8,0.8338374483701702
11269_1,0.01356598147255881
5771_8,0.7856232430627113
4461_8,0.9925434817041556
5683_9,0.9778176500940221
639_1,0.019426702898153875
9896_3,0.5142643636663952
5131_8,0.9293692332162419
5961_3,0.008470169650154836
5741_2,0.1312538793588032
6418_4,0.7444906817986308
5416_1,0.002628312618708689
3114_7,0.9588727143066232
3587_3,0.05345884370227885
5472_10,0.982107652339823
9802_9,0.7934600020898696
4313_3,0.28219188977065884
2921_7,0.8986161318081606
11468_8,0.34800783435982213
12250_10,0.7685972154144306
3481_10,0.8784207801166892
2067_2,0.0011825798080133485
8574_4,0.12563591761151346
861_9,0.9394103319167448
10381_2,0.0072144098029477514
5479_1,0.9362513105425606
1107_9,0.9626115182647221
4475_1,0.0031233635135085483
469_2,0.18393776057209932
605_4,0.04240867914437761
2182_1,0.005137537042787977
9401_7,0.912579721335105
2518_8,0.5280131816258078
5329_8,0.44333176292157905
3202_1,0.03671742474271233
256_4,0.7405776448961575
7235_3,0.11618150086145844
4661_3,0.819222036602206
11045_1,0.009980134118093929
1417_4,0.4464628348144139
4186_10,0.5164074129726857
985_4,0.5848112119670541
6553_1,0.0014002555721493502
3118_1,0.04338799700208293
3297_1,0.04027933924094574
5843_10,0.6762630274495917
7645_7,0.6821350397365462
11958_1,0.007871242120501163
10823_3,0.16872742793040574
5097_4,0.1628098717522462
4344_10,0.9881766233683487
5442_8,0.9187876093348392
11969_10,0.004878966785686884
7015_10,0.9614468533083815
1419_4,0.9134553802774009
914_1,0.0049518159520929046
11911_8,0.29080499345520866
5930_8,0.8972118994542267
3853_10,0.8505849855186096
9404_1,0.007616398290255599
207_9,0.997006051419552
2018_1,0.0883046398712554
11192_7,0.586458931926395
6679_4,0.40552775429766225
1184_3,0.010152555329052668
3291_10,0.8258131677453893
12323_9,0.9871591725329254
7524_1,0.11155269019165609
443_8,0.998421838433442
7964_1,0.24232040902205387
730_1,0.030786487805535345
8969_7,0.8698571491127883
8581_3,0.14678240961642075
12152_4,0.008540526246286475
4528_10,0.7481131607831982
5984_2,0.050061788100494865
4446_10,0.5678613115789514
7039_8,0.754901829829312
591_8,0.846360227358257
6869_7,0.75021930888334
1836_7,0.9285113790311408
4183_10,0.9206409843166202
8590_1,0.5428282838454526
5647_10,0.3513566509483888
11076_10,0.9347411537172919
11241_1,0.17674921259718113
876_10,0.9154299156466081
8390_1,0.01249019133039878
1462_9,0.9175465293453924
8362_7,0.7015402749939268
3400_1,0.11144411240748765
2318_8,0.9830930840928699
5389_4,0.9791566590525782
8617_4,0.09633906997026469
9200_10,0.9238251235085306
8878_10,0.7252813184028869
12110_1,0.44487222761855194
9101_10,0.9243851647932344
4967_3,0.10590135616528756
12436_1,0.005872190686097288
8845_4,0.7301688501128305
3420_4,0.2754363183981236
7428_7,0.982507911078974
11769_10,0.9387451334514804
7025_1,0.567555465129498
1561_10,0.7220909784096632
3704_1,0.006209527850710122
3529_8,0.29760879632784437
12234_4,0.005992714141863148
10600_3,0.0262507494445793
1028_4,0.46873804422369014
6764_10,0.9557909035908303
1815_2,0.17855948044905426
10953_4,0.008074267927337302
2809_7,0.4288329809107566
8393_10,0.9829185490791492
2743_1,0.558096411377379
10711_10,0.9575882286494233
6173_10,0.9997910205804393
9664_7,0.34618834154900097
6335_3,0.05611624228812595
1665_4,0.3046664531011455
4174_10,0.9978183382197129
2038_1,0.2361067410013836
3717_10,0.9070322516285885
9361_10,0.6826026503591166
415_1,0.2539786422286041
1460_9,0.985400200233612
5915_4,0.14440137952076393
7187_3,0.2133931675996985
11050_1,0.02466395443931819
8822_10,0.3408214412602489
12407_1,0.032442415321169565
4543_2,2.0352393801230867e-06
10560_9,0.9991672599461037
9108_10,0.967671800342985
2999_9,0.6234101395612528
1703_7,0.35721946464303167
206_2,0.016433571370938992
2095_3,0.005810554799648975
6454_8,0.9819950593266236
2773_1,0.0008410006589868778
6252_1,0.0033594104491386618
2848_7,0.21941965111263703
6887_10,0.9987769509086238
8660_1,0.08076637775271472
1675_9,0.5063255497119654
9842_1,0.00583373646022816
9118_10,0.9061043246232785
5793_4,0.5534985139115896
941_10,0.998510628287811
8832_1,0.5777391633312947
7584_3,0.11135465122390636
9746_10,0.9933458608983805
1965_10,0.6387896802339748
5346_10,0.9929092702535991
9738_4,0.5326987575493372
5905_9,0.9788258628497599
336_1,0.018410291630431466
5621_1,0.043002611533083365
5976_10,0.9060965088757492
3000_8,0.8391181317371561
5172_7,0.9413264241869481
311_3,0.059217682730952424
2035_4,0.10720666672861143
6084_10,0.9742265132711427
7284_9,0.9010685702682655
6449_8,0.9213887740772004
8671_3,0.028343617568226336
636_9,0.9872795952768393
11330_8,0.9935640999270398
1300_1,0.114503070701776
11538_1,0.022247265927824132
5159_3,0.0432174538518969
3742_9,0.9919608945786156
11281_9,0.12144099842294936
4128_1,0.4070489205519215
4382_7,0.1668056300101831
862_3,0.09332801992319534
5941_8,0.8313640496990365
8576_3,0.4385694527896343
10570_1,0.0009572962580796113
10682_3,0.23033699423744428
12497_10,0.6579809661192186
2026_7,0.9908534683149874
9657_10,0.9941297697787336
999_8,0.8926926667057034
1664_2,0.6777116254588095
1795_8,0.42407378148621255
4280_4,0.651623239316772
952_10,0.8831286677279583
4725_7,0.97924973951992
8162_2,1.1716195358809077e-05
10062_9,0.6553053805863133
4719_10,0.9063399423763243
10388_4,0.04549648450232059
6183_9,0.5898747349491702
3703_8,0.9855562864227786
11259_4,0.4439291868066808
8578_8,0.865906176656658
12040_9,0.9975527971269754
6500_7,0.9658531573513917
3473_10,0.610148940142269
11784_4,0.6037465859205119
613_10,0.9925140341245425
4631_1,0.48968329596807786
2426_10,0.47480442982452864
7088_7,0.7535440891495182
5851_7,0.8997206244274247
3904_2,0.005529259685242109
1329_7,0.3269101609202426
2160_7,0.1292073234122008
4796_10,0.9894490170013159
8760_1,0.975343633840669
7859_8,0.5794028627856892
4251_10,0.9786998633739561
8143_4,0.002994226005848866
11713_9,0.9917305230804885
5037_10,0.9791125430980624
9621_7,0.9401311690709768
2600_10,0.5954814677638652
2027_1,0.005092627790069358
8225_1,0.04349477400844508
12463_10,0.5321426500865495
7842_8,0.6547090019581441
4768_2,0.08130150802855766
2644_1,0.0020597512816220337
4193_7,0.5647888175570916
5150_7,0.8484482342684118
5942_7,0.9878695128105529
8293_1,0.05881769699060483
6046_10,0.11771571701114385
12148_9,0.9834740362819492
966_10,0.1444074711358947
6428_8,0.7367106698739374
12465_2,0.010458049056308686
342_10,0.24572687591140044
9246_4,0.011594930678722646
8683_4,0.8892297011559671
627_7,0.015732888268817854
5614_4,0.5119094473858238
4546_3,0.12569350933749943
4384_1,0.004406630922275066
3144_1,0.0500901554430219
9530_10,0.5084558362582203
10558_4,0.10215874754325618
619_1,0.007685814633405519
11594_9,0.9134297613178669
6511_7,0.6036315754923386
8351_7,0.9814982291499568
9163_3,0.020972793161264183
12078_1,0.10823235874632312
5489_8,0.8735670909232575
4191_1,0.04155619419294523
2373_10,0.8920251187895617
8664_4,0.5197621014406426
4556_2,0.08522663121377824
9004_8,0.9335254550015731
1357_4,0.004960769537276578
152_10,0.8856537326653876
2977_1,0.0007728931415814931
8812_1,0.03157558924643898
8544_4,0.04701601350986182
4821_2,0.14834410959123495
7874_8,0.34480405454398855
1689_1,0.09309965623962987
9654_1,0.022665111572327312
9363_2,0.10110631297130286
8959_1,0.018595537548935732
6113_1,0.27007485529606867
10702_1,0.06610709317169035
1839_4,0.02195395874803284
10587_1,0.02343368748353163
11715_3,0.8749263656512051
12252_8,0.9742911202798084
9480_3,0.0010437837767494405
6438_1,0.33821934190148273
3762_9,0.951801150269818
5350_10,0.782534540780624
3927_9,0.8725800325706015
9598_2,0.0929322179871024
3930_3,0.00042806635061522425
6647_1,0.0024481767925676736
9251_10,0.8011156023327067
5926_2,0.007883144626696325
11530_8,0.7282449641872697
1625_3,0.4626819904595385
10515_8,0.5552609989847922
11185_10,0.401995748818059
8675_10,0.9895357768276584
3701_1,0.7632730570594257
9222_10,0.9069871318790845
6253_10,0.9752093765770825
4657_7,0.8455447209299528
10013_9,0.7304288953364719
4938_10,0.9952638643381901
3073_10,0.8058421890342561
9081_8,0.9892168128842432
6928_8,0.9459586092816828
217_3,0.0023539182781234375
2927_3,0.6542114026944098
2379_1,0.010152036813276059
10476_2,0.22608699440539312
8640_10,0.9158821692259274
2810_3,0.03833451065619965
6433_1,0.06742057243131817
6390_10,0.6172125343629435
11829_8,0.8251153109436324
7581_10,0.9443663239618452
11836_3,0.12169914980980924
2794_1,0.3401618115182086
5263_1,0.1024610196992232
1041_10,0.8715147261462824
7296_1,0.03143885169563554
10557_8,0.9219454789002008
5339_9,0.7930749414489331
4766_8,0.9916271053122729
8126_3,0.2667332022687692
9876_2,0.0038229101431560605
2443_4,0.11041509955053558
10179_10,0.7374773622658787
6211_3,0.07236881095638056
925_10,0.8958219181094664
5050_8,0.9952214905272446
1891_10,0.9985052866805532
4767_3,0.40106623305745864
11625_10,0.9960537756628275
3388_2,0.0028216603882612735
4908_3,0.09794158989219548
11205_9,0.7470167203357976
2228_10,0.9631151383487888
11236_1,0.3801121416298167
2367_10,0.9851545328893381
5060_3,0.029399796100401446
3292_1,0.02241587115952524
11282_2,0.262229356747323
5307_10,0.9838234761809719
6963_4,0.008211336402637607
1319_10,0.967900307507807
9660_1,0.010983439614107963
7254_9,0.9982723531682152
9441_10,0.9786882577776791
3838_4,0.0640552967858794
6209_8,0.8907094168676442
3049_9,0.9881587992013153
3033_4,0.1421176469029915
784_4,0.001546128776272519
3921_3,0.00041417520247298843
9196_8,0.5264126953678607
7652_3,0.9648879450611515
11650_1,0.002341823306980804
1548_10,0.5608908664734907
10770_7,0.8625518660643676
3283_9,0.8405752459986532
1567_1,0.5657326252213833
10405_4,0.21403560153501677
6980_1,0.003412636422780595
12218_4,0.5445156384600143
5250_10,0.9999975843371197
11977_10,0.8849776191480706
10602_2,1.0687269277610982e-07
11178_10,0.9776175492378889
9590_10,0.8538936765718582
1260_10,0.9985853791262721
8367_10,0.9090463233626831
2571_7,0.5041163946480545
7422_1,0.0007727347338532713
5486_7,0.8480030959158975
2282_8,0.9861061057164562
6119_2,0.26729394736738527
1433_8,0.983571240486416
12365_4,0.0443717010916136
10535_3,0.0807834920942915
5464_1,0.09588982713985547
9983_7,0.9579339409525737
10209_7,0.9377876083863991
3777_1,0.6004573494118839
12443_10,0.9773058928892534
1488_4,0.8830607413417444
8670_9,0.9270324408547406
1258_10,0.9904215896044378
9_7,0.807705752636107
12175_9,0.9427329155473534
211_10,0.9047774476026565
6329_7,0.9659838506293451
8866_10,0.6113892536118612
5911_9,0.9985204215645918
6100_1,0.12460482085830724
6342_9,0.6354096102155202
5455_4,0.9239332467889444
1215_1,0.008848734842102902
11020_3,0.06567671113883099
7975_1,0.001232958473832526
6720_2,0.009583122175682041
8986_10,0.9855097732946455
4874_9,0.9464962463057307
7204_1,0.0016003697537186942
2612_10,0.8693633387564366
6923_9,0.9603376415159933
5742_10,0.1127457983757137
5044_3,0.028749466206969086
5013_9,0.860175434078466
9752_8,0.995480298648495
1112_8,0.9989251812916422
10925_8,0.9713329808212584
7012_4,0.009241007267456589
11484_10,0.960983660495548
883_4,0.8199145662207654
2398_10,0.9920761100758281
8990_8,0.5169171707233369
1194_10,0.917182261649076
2313_1,0.3111139571452205
9584_1,0.0007680336220694569
11638_10,0.9791645983652699
5995_3,0.6854401487870972
4456_10,0.9988207267786886
321_1,0.3876461953802919
7147_1,0.519906306900055
10212_4,0.012630701239671402
7960_10,0.8035298801442382
8022_7,0.5957548624721134
11649_9,0.8712077078026674
8442_8,0.929141714004224
8976_1,0.002766448139985758
9199_10,0.9907014099372519
8925_10,0.9916037895708268
3079_2,0.003265204299257915
7727_10,0.9746989361218419
2338_1,0.3264953979599545
3221_2,3.833976586800175e-05
288_7,0.21914395937499348
7150_10,0.9343795819718284
7520_1,0.0032267354094547658
11477_10,0.382577932166095
7765_9,0.9954273612524842
10062_4,0.2437886085811546
10616_10,0.775728206408071
10592_8,0.8109621364897683
6745_4,0.245118381535455
7912_2,0.2599625895264166
1130_8,0.7427161483780726
11096_4,0.11190162982902575
10081_1,0.031969272610049046
3808_10,0.7811406713643154
394_4,0.08174420623372167
7080_3,0.11030016825823133
4479_10,0.9814755509253595
11417_7,0.1798890013080628
8402_3,0.5802101345521783
6669_9,0.5444121948150216
1494_10,0.9293917868269086
7980_3,0.17529724076448877
11366_10,0.8780695701914428
7566_1,0.010112578688771186
3778_1,0.10041704183470936
317_2,0.12999557999041877
8475_7,0.9098282481434146
11012_2,0.13210476689246517
11936_4,0.5903613242884056
145_9,0.41515968672662396
11427_1,0.11646512270373122
2204_1,0.054159829123518424
3373_8,0.5828154976249805
4640_4,0.8960443586880189
521_7,0.45947784818232923
2871_2,0.5515218978122076
9823_8,0.565064160117708
5893_1,0.22497597837953764
8541_2,0.04519197317525148
3403_3,0.05484507157938157
8660_9,0.24618595419262654
7046_3,0.0172861902277983
338_1,0.002810048098832877
9541_1,0.05587430288390552
12179_7,0.4310931176764564
9663_3,0.1814419709085221
6948_3,2.992182621841636e-05
10308_10,0.6564401715627654
11027_10,0.9115214510247595
6174_3,0.011413921474857484
10151_8,0.8696983373782605
10665_1,0.025549230893303618
6453_2,0.07476217379017562
3619_2,0.009439877458461478
3114_1,0.004521263496178139
1309_2,0.009060230124683015
8468_1,0.05399388180488497
8292_10,0.9956643844613677
1955_1,0.10557512508468934
4498_9,0.9792986166976412
8075_9,0.9178019994080244
10528_8,0.6479036479799891
253_10,0.9906979818175149
9467_4,0.2156492943453233
4018_10,0.9941036499345898
2644_10,0.8738384925634859
7240_7,0.9953994987813348
10929_7,0.9865791026689762
9743_10,0.8323161475500067
4641_3,0.050718362823223416
5711_10,0.5609495384364132
4912_2,0.3130754280457595
455_1,0.467242394383641
2749_8,0.49774569875049723
8780_8,0.9117395514187954
2626_10,0.9992917430474931
11745_2,0.010017328435806421
6952_8,0.9497086258733124
4645_2,0.1622359934302242
10372_10,0.9676072833422646
4282_2,0.536566292110665
2195_1,0.01679426918382265
11058_3,0.12262833544779025
9507_4,0.6957689126690763
389_10,0.8800004059213095
4388_10,0.2519145434977304
9540_1,0.005633249381174467
6610_4,0.9027577646871251
8796_10,0.8135159147274664
3746_1,0.0032389945207103184
11083_1,0.06545674218132887
9901_1,0.028177483943940214
4165_1,0.016641658075617436
8928_9,0.9831527081311098
8173_10,0.9958537614364313
5161_1,0.020546619496588994
11458_4,0.008184100963584398
11206_9,0.070598933318456
3532_7,0.6368032756195076
5088_1,0.12152269527419828
11699_8,0.09128884172603492
10114_2,0.0018695941229654612
8626_9,0.5017189036985963
6702_2,0.07754630004656225
3504_1,0.10386889948913157
3353_4,0.1337702862234942
6960_10,0.8613471905593361
5529_10,0.9104257773976763
5510_9,0.9862093478290723
1868_10,0.9190898533896067
11166_10,0.989254285050939
8411_2,0.06600861221145223
9561_10,0.6163398803234492
11290_2,0.13030484995370006
1167_4,0.08908173850959557
9577_3,0.3314329466227884
1496_10,0.9999010166611842
3042_10,0.9817505607543786
4021_4,0.0844443937516033
6643_10,0.8724773428138257
806_10,0.8795905120362393
1520_2,0.22852391211970965
11133_10,0.5097750898152161
2783_1,0.02633860216250045
9570_10,0.9543203021110216
2349_3,0.0345004260228127
2242_9,0.4888404795425925
6113_10,0.9838762827355015
2153_1,0.20559601484234993
9167_3,0.11968674682155704
156_3,0.41893815859132544
10607_7,0.9690202011454023
4270_4,0.009438816026025814
4713_1,0.00943021774672771
2895_7,0.7924745452207599
8240_1,0.48340518645179464
12241_2,0.051384695395887435
2919_10,0.9974680548259384
11110_2,0.08286238372868583
4502_8,0.7441122095233197
11957_1,0.019567585083876737
12338_2,0.12936958127837014
2474_1,0.1586612914135182
781_4,0.011824875985616892
7528_1,0.0517974346615851
3252_2,0.009564623055934272
6778_8,0.8953209992519552
3149_10,0.7599034888886143
436_4,0.001841365634696553
2586_1,0.16070848073787095
3610_8,0.14686578025255564
4392_10,0.9848895333084343
8914_1,0.34669615780741414
2197_1,0.00962136044827363
3323_10,0.9807955250644242
975_4,0.48832750144992704
9407_3,0.8346940932321757
12005_7,0.9548414932964968
1911_1,0.005798125468281067
3956_10,0.9996990918595337
1441_8,0.983571240486416
10787_3,0.013088587457163228
4569_10,0.9981795609293891
11685_10,0.9208348068449042
7810_10,0.8376663563744448
3951_3,0.04467135609207475
6050_10,0.14469284767041274
2758_2,0.010213226622583827
2664_10,0.9554652993886077
1537_2,0.00124759079237926
7988_1,0.6607639755203029
6090_10,0.9983537385128236
11509_10,0.6856962932890324
2227_3,0.17574179566748635
865_3,0.09009684813460948
7138_8,0.8831655938855509
7924_8,0.876489320415011
10104_1,0.0006711033976127506
3917_2,0.004542790924178347
169_4,0.32874215252657085
8630_7,0.9906984752867414
7895_7,0.6973000437601711
5485_10,0.9726104575191437
8390_8,0.8012325750503152
11497_7,0.9496254904197196
8964_3,0.08492218590647212
4647_4,0.314716738574702
12231_7,0.3671219423747934
9634_4,0.673352639782826
8582_10,0.9909642630264822
9237_4,0.21768637359612306
2847_8,0.6817443729432989
10940_1,0.003848892653180355
2990_10,0.9973610148495783
8377_8,0.6977531003255203
1206_3,0.8702036624393846
11719_9,0.9172782277074287
7003_1,0.32331602393790504
8012_4,0.5486224275567718
2572_10,0.5456522252760325
4126_8,0.9425769367386503
9190_8,0.4381853392072036
9625_8,0.9583028013502195
4706_10,0.32906510045119813
8697_2,0.07688654831290116
435_7,0.9849595466276906
81_3,0.7679110196708067
6713_8,0.507767826379624
5840_10,0.9866163601591054
5671_8,0.7458995375803366
5064_3,0.12721777357233513
1149_3,0.00016617036923150685
12324_10,0.9727995858375083
6705_1,0.023251798330111848
243_9,0.8984135253451857
306_10,0.7579161709556491
7134_3,0.04319921114718072
3227_10,0.9903396830472208
1363_10,0.6659799457842119
5134_9,0.6054363030483115
5269_1,0.19218601729104612
10915_4,0.026034965057148453
7591_2,0.060610577750980235
2326_2,0.12112988580382769
688_4,0.6986751937545448
878_10,0.9557045912725342
10245_9,0.5335535516568345
7388_2,0.007458955117838139
4304_1,1.662667413129654e-05
6752_10,0.8447936700795183
6881_8,0.9922486708693313
10230_2,0.538127345258638
6901_1,0.5135941336382612
441_10,0.9995464363722814
4743_4,0.15522031631307429
6228_7,0.6275034976778385
2563_7,0.5204262361541302
6237_1,0.012189195139878633
8619_3,0.09083567678302484
2749_4,0.9315133678978599
12355_3,0.28025948436776604
4915_2,0.05139854167467809
12234_7,0.9199614592280991
3756_4,0.22445471184511584
10051_8,0.8584926474517969
5068_9,0.9516260951550368
7767_10,0.9761412541626165
12069_1,0.18889155467700058
10634_3,0.017400511249242724
2787_1,0.03350125116190436
5281_1,0.16164912060310874
1496_1,5.514294093341328e-07
8963_4,0.007694469424109114
983_7,0.0906645505739808
8337_4,0.00509108086238577
783_1,0.2506738429285813
9939_8,0.900407647925759
6507_8,0.9811781779946542
3488_4,0.14964027894315246
9304_9,0.3683073628114031
8664_10,0.7715618517156235
2722_10,0.9346173264576271
7716_10,0.5458345626960308
8512_4,0.5676733044054553
6002_7,0.996426140092467
1213_3,0.8647816062473872
6351_7,0.9990181362646109
3049_4,0.06591267366144452
10897_4,0.07160880193232132
1936_4,0.09250098587403283
12368_9,0.7537041217337661
10982_1,0.01263382450928055
4116_4,0.06717890860101391
8243_7,0.04845745342084709
11506_2,0.7243020534620263
291_3,0.05903378550444719
7745_1,0.015785880025716934
12190_9,0.9949029980433151
7068_10,0.5592340765689545
9649_3,0.5854934977301178
773_1,0.16799212341138467
1727_10,0.996569961330694
346_2,0.8875281038040884
4629_9,0.9448076984276285
2509_1,0.0010916549007374185
3664_3,0.040349867332209986
1024_9,0.990784631138406
9514_1,0.002290947387146618
3483_3,0.005147135393650159
10053_4,0.8654588610268731
255_10,0.9433572240187791
1922_10,0.6729871804987443
10416_4,0.2751560237909592
9154_9,0.920596984282197
12359_3,0.37192971919179557
4850_4,0.14911308249237037
12398_10,0.9110788033912713
8910_1,0.001826292276388106
3797_8,0.8386437418057149
2428_9,0.8344962169995924
7062_4,0.6929500032056137
7130_9,0.9914298867129673
7343_1,0.2549746657733991
7735_8,0.870337572108728
4104_3,0.023869579830932304
11518_1,0.0007058065255880401
10784_4,0.606175872102842
3687_1,0.020429317627516333
796_10,0.679983017303667
2613_1,0.041970237090426764
3962_9,0.8261729813504856
4637_9,0.6693942016315492
10076_3,0.055047694678927256
2643_9,0.9866466074280996
3588_1,0.6557612711754586
6788_1,0.958144574074949
1445_4,0.6569921174261266
10630_7,0.6873813747447627
9173_10,0.9582396922183705
3998_3,0.01541285326863194
11853_1,0.06782229358035712
2982_1,0.06088294698935655
2536_4,0.7715210101298601
5912_10,0.9547263200113026
3267_8,0.5458921005643694
8966_4,0.787395275034778
7671_3,0.0661337616846461
1962_1,0.15768523043696056
3574_1,0.10738541437077889
10580_1,0.09878857033482036
10103_9,0.5271914975616936
2101_8,0.8212575078391876
9804_10,0.8648265978572081
12413_9,0.285262791077253
9696_2,0.0500625713357839
8988_1,0.006348795922522463
882_9,0.8945397049612972
8098_3,0.21124353457443465
6072_3,0.5305850702492255
9484_10,0.9957939512519504
3448_10,0.9997261572995798
12074_10,0.9963411325341152
5880_1,0.010648861262972419
7658_1,0.0012961575391144703
1286_8,0.7015699414755452
7013_10,0.9915568995046884
3590_1,0.0707217229233575
695_4,0.1457593771000913
8889_9,0.5307273226337956
735_1,7.721555840714553e-06
2041_7,0.5416122864479165
12041_3,0.054077350709311106
4918_3,0.346569341493803
1428_3,0.050442847202619226
1846_4,0.11483861163637751
11103_10,0.9208946336214647
1026_10,0.8980223628480226
9731_3,0.1624244874294
7481_1,0.019126349241075855
10191_10,0.8627721241808681
8262_4,0.0007167145902741847
903_10,0.3927296927310513
4212_2,0.42364520665460825
11611_1,0.0025357084203397008
7814_1,0.0011134372575846722
5116_10,0.930776117112763
150_4,0.01108167003215642
3618_2,0.00961021734797707
10870_1,0.020922255590456577
8523_1,3.505435285749141e-05
2193_10,0.857239245787379
10237_10,0.9981196452852595
2139_10,0.9639186306343553
7691_7,0.8920445802450243
9374_1,0.029649672983812433
11426_7,0.9967487871469156
12319_1,0.0002103242304344808
6817_2,0.5829110117683342
745_1,0.010587830188226684
6632_1,0.10326988774589366
7149_8,0.380332260610068
9558_3,0.12031223021652113
10509_1,0.03015309591304084
1528_2,0.3834154565147902
3422_10,0.9407992019097873
6112_8,0.31972604900318147
3606_4,0.7451907816976611
8768_7,0.5023836998467227
2871_8,0.5070626466962367
12404_10,0.995657024923416
6936_3,0.46511865555693593
855_4,0.16275885070840124
5703_3,0.043637863979819225
9446_1,0.008539687800933261
1407_7,0.7275400149698382
8422_10,0.9732155368868419
40_4,0.20294710703326052
344_4,0.010247119354590583
11019_10,0.9836409559541283
869_1,0.17057707092078678
2245_10,0.9711695954227048
10002_8,0.9779742252291173
5110_10,0.9902462776144727
3201_9,0.9138282479396032
10621_10,0.7715095713613909
1213_7,0.48401253350748513
2147_10,0.7937483700434914
828_7,0.868363260150662
7600_8,0.8163123140880294
4472_4,0.13302616192577219
2759_2,0.026076294480349125
10890_1,0.005020034007265205
1637_10,0.7634195225492302
1667_10,0.8572254669719592
10433_8,0.9946481198509147
11350_4,0.02332263031111973
9437_3,0.5145147106810903
3748_3,0.1342831382310402
8062_10,0.9985739358376294
11981_10,0.6202417234630432
4214_7,0.5543796062343921
6496_8,0.5559314150304574
4489_4,0.6605352822681723
5965_7,0.6219507471485409
2785_8,0.9968860193760642
6838_9,0.97758187903437
4678_9,0.8534222549196304
8564_10,0.8296271069596826
4375_9,0.8228648766113915
4654_10,0.9920919089740036
2077_10,0.9022116562358783
12491_4,0.07418696353724902
11483_10,0.9764120119898182
11130_8,0.8818521751481285
2177_2,0.7582973015331091
1376_8,0.04190910059915937
3557_2,0.002361187153533916
8039_3,0.25594451053822703
6951_1,0.12343354727173204
3440_2,0.32967433433471516
10192_1,0.011552490055133032
5874_10,0.9944467030816155
4258_10,0.4445895470595996
8838_4,0.26394905530282986
1090_8,0.8027691618251197
10570_10,0.9878118224673743
3421_7,0.26987214633197243
1626_7,0.9645120888422293
9887_2,0.3941237725516134
4079_4,0.06759930415484514
8826_8,0.5544651180014732
8805_2,0.0001281787188469989
9121_3,0.6310179813342697
10916_3,0.17318395515810056
9717_3,0.601108735389724
8662_4,0.633672828987821
7393_3,0.5691919056882762
12304_10,0.9802563194527072
7063_3,0.5742920531600681
7955_10,0.8503788491848799
2266_9,0.9869704724874063
3490_7,0.7691007511635682
11145_3,0.5755229635416189
1668_2,0.004594297150020343
1011_8,0.8457272330811747
8300_7,0.03389013567666119
9995_8,0.9541879287671001
1326_8,0.9865420934623459
5232_2,0.12721818019222586
363_10,0.9440896640453323
11772_2,0.7109894941810996
8771_3,0.004748334123596781
927_3,0.29646591870946926
2569_2,0.017705773168301776
5558_10,0.5055343464407626
12375_10,0.8941236094652609
2338_10,0.9887661073884677
5773_10,0.9998067752572891
4664_7,0.9529898167313904
12295_7,0.7701091461646056
4123_8,0.9622329226589762
1553_10,0.9957082467293538
3770_10,0.69829419579838
12011_2,0.013749832690255512
8033_1,0.12454776119836967
1395_7,0.7717116435235161
8614_7,0.7498402197698898
3784_8,0.8733676373822664
8769_8,0.9149229218160334
888_8,0.8215010456287929
7799_2,0.9471287801812229
6031_3,0.6290854393864106
11584_2,0.008774191115562211
4570_7,0.20127997033698078
6990_8,0.9452408952946937
7290_1,0.027819551090328798
1186_1,0.009603263705654515
1329_4,0.6444667242249028
6793_10,0.9764967063784786
8562_10,0.5114793835558787
8841_4,0.02545040759699136
9234_1,0.367696656743835
2992_3,0.030009639131001672
3761_4,0.048561626760390324
1144_1,8.438356823675253e-05
11737_10,0.8968778549937019
6628_10,0.9859257952291544
7619_4,0.7603414932141476
5074_3,0.10834352132081526
2056_1,0.03575783242398563
812_7,0.9957139409118894
615_3,0.16579928709196817
1473_3,0.7410047713978851
11642_1,0.3877895068020316
2957_8,0.4861564419856736
3223_7,0.37295546277924774
4491_10,0.9925851011770154
11617_8,0.8601578541099337
2209_8,0.23585389957143282
10250_4,0.002069638124415562
8707_3,0.07516853313091158
3581_2,0.09753519715495435
3089_2,0.021257902343021065
9367_4,0.3862049325009335
8890_3,0.06052014401226102
4657_3,0.02362367772573281
8474_1,0.1744799145724805
1542_3,0.0633855144705681
9024_8,0.31820254747715576
3176_1,0.10187771296540132
11219_8,0.9975286986507792
1086_2,0.13588085613652542
11230_4,0.48189749332045095
2543_3,0.06817293755489442
3391_4,0.8404088376246454
5876_10,0.7382641575557142
6712_2,0.7793251444142318
12468_1,0.008725616031613372
1801_10,0.9964645089078932
6727_10,0.9209387385374422
3072_3,0.0006123625786206232
6079_7,0.9454526937043289
1409_10,0.6859464669899149
7709_2,0.0008308664045278319
11484_2,0.8503629384458751
10843_2,0.0005075200659960655
3964_7,0.7469522383993428
5691_7,0.33726029594089835
5837_1,0.014312411690542504
963_8,0.9999834169275422
3530_8,0.8268286464351116
6558_8,0.9840751141666836
3084_4,0.2458059059507156
3025_8,0.9355244039715593
9396_8,0.20648989104834964
7530_1,0.003359101148772005
6301_4,0.0231213685450271
2934_10,0.9790330362331198
8286_9,0.9719261317365832
12122_10,0.7348128684504177
2799_8,0.758690803684639
3516_7,0.02556355187546544
5715_10,0.9841115878646118
6525_3,0.8304524064346321
12308_10,0.5202485654043078
1305_9,0.6910629918035734
8190_2,0.18624494344754974
8170_1,0.8781990400106754
2355_7,0.9768740710482727
9714_3,0.09173215329517764
9667_8,0.8645706095646266
4861_1,0.019208655707453278
10028_10,0.9964820917161546
3256_2,0.8500190384717087
5974_2,0.15545722278074575
9185_10,0.9960818125416285
2507_10,0.7551374882084577
8910_10,0.9699148074166493
6791_1,0.47425356044158734
1692_10,0.6024494954538154
5520_10,0.8143120114318321
10119_10,0.9945433523504487
1226_1,0.0921486085355895
5998_7,0.1991211132424497
4421_1,0.19282755004905724
7660_8,0.906626576390646
5532_4,0.4050880252059355
2869_3,0.48140823525236354
3795_2,0.00491772212753891
3602_10,0.99995473276184
1453_10,0.8576887822441248
1298_8,0.9695772257060502
6331_1,0.037823544575967365
7694_3,0.022874814167344087
11568_10,0.48083205371325516
6426_7,0.796062197670488
609_7,0.25594772538371213
3352_4,0.5796853169279924
12451_3,0.052620636410079455
3228_7,0.9853542122667127
945_7,0.02646554412812891
8283_10,0.970351949959014
10780_7,0.765281356229473
2944_1,0.01024669124170517
5697_7,0.7477677000822549
9066_3,0.22456380443441457
6254_7,0.7672710747751013
384_4,0.08266435717925565
1961_9,0.9866037952060235
10085_2,0.20304442972793826
1726_10,0.9531198460898722
7937_1,0.016882607703672694
2561_10,0.7840413269145794
9899_9,0.9995130067675922
8694_2,0.16321017154569964
4217_8,0.7629497740131519
2425_3,0.8601612695328099
5809_1,0.03340810926609096
3122_7,0.8909160427224734
1522_10,0.9867301535180867
5582_10,0.9072474011780108
12357_2,0.031170927053494717
3166_10,0.7020429233217313
3176_9,0.5693784961457075
9320_9,0.999487205087151
8187_1,0.02071970550311812
5573_1,0.0027889306616502674
9078_2,0.3088125746222692
6706_4,0.5105383301339849
8882_8,0.9284371068343054
2489_3,0.699681294547766
2768_10,0.7042414117210392
2384_3,0.3300855549512898
12494_8,0.8031565299358602
10375_3,0.24691522101013386
403_7,0.5048254826459354
6334_3,0.07372324511232739
9136_1,0.27938557005192527
10698_1,0.01499528960902652
2203_4,0.43070289552188534
2122_1,0.0005774868954466131
2904_4,0.2678883840444616
12367_9,0.8864414622584248
9638_8,0.9904282238681803
2005_1,0.0018771703245028847
4963_8,0.767832581191015
7575_1,0.4901918399417267
9989_1,0.23973761573338315
8776_4,0.933498231883523
10188_10,0.8990812845270948
8238_1,0.3483753229908313
9244_4,0.6639167934085117
11142_2,0.05570436060395166
4365_7,0.6288763838979805
5877_4,0.1708039689600644
12135_8,0.8834906873623126
3526_3,0.36846034827340185
5209_4,0.1725800489834287
5991_2,0.020741558752723023
10888_1,0.021886566566455372
1303_3,0.01752816969260059
5764_4,0.1098796521762874
2933_10,0.9075032599120187
7297_1,0.020256307324351193
11156_10,0.7600928715156279
1353_1,0.21527782907237114
10017_1,0.8654326214377512
4203_3,0.22283909204917607
4546_9,0.9989523968269585
6039_1,0.0020440584742426183
5804_3,0.03513562486767768
9085_4,0.6692472417911538
10774_10,0.963315160738643
2178_7,0.4545282704980574
2958_2,0.03880498335680918
11469_8,0.8818970276641063
5378_2,0.725242231436545
4583_8,0.1977888341533074
9539_10,0.9946920763449373
5090_8,0.777173378281491
12036_4,0.018445254068974726
1766_9,0.9317731830505361
11536_7,0.9532221038689737
4792_9,0.9302647497349816
7615_1,0.18894313166520488
9624_1,0.0006792182688968931
5230_9,0.9922967963374961
939_4,0.5447229170600718
2353_7,0.23823950445231915
8760_9,0.7863797493303893
3231_9,0.9495498803690142
8183_7,0.9594147728698711
2156_10,0.48972302294856995
245_2,0.0856395429928773
12048_1,0.014700030213530337
6572_9,0.2979643394679056
10848_9,0.7402113379121272
9576_10,0.5189118253459949
3174_1,0.027068293106445603
9824_8,0.6234200216224205
8199_1,0.07383071474998389
10911_3,0.11950680647913707
2452_1,0.8031800217968166
7574_3,0.09047336783178368
8363_7,0.8761294911923874
3672_9,0.9367663853902689
11693_10,0.9978680409354234
9731_10,0.9827130192381505
280_1,0.00011059244286433668
10065_8,0.9698451909163518
10284_9,0.6694067607856745
7990_1,0.07064971392116921
12256_4,0.8799332593460751
7558_1,0.06389212923216904
9636_2,0.25044624432682794
8632_2,0.7914380526843569
6157_3,0.09097243264088915
9429_7,0.7586532139999502
1447_1,0.05194029220326815
10948_8,0.9807289507600914
12300_4,0.16083726600260698
10208_1,0.0540100169197618
5889_3,0.8396993466889633
2376_9,0.8782278810794458
3354_2,1.4002287791290252e-06
9530_1,0.5524728796521606
2469_10,0.9905226131722731
2229_10,0.9053150550001898
12326_10,0.7668547267267896
8097_2,0.4681209324402822
6502_3,0.4801008662532616
8877_8,0.9998879246622776
5408_7,0.5132201449891058
3589_4,0.1877827945829433
5934_3,0.2045885499665567
3653_10,0.9988174509307276
6900_1,0.003944967981231849
3395_9,0.9966239446992865
10302_7,0.8575673076473498
10527_3,0.10897866385138337
10080_10,0.9362096432696922
5818_10,0.897315648711028
3178_10,0.9759401128979596
10636_8,0.9411347691424852
9586_2,0.8959450088966838
8548_2,0.44923791701923277
2851_1,0.006247684759979345
6874_7,0.8147704804931251
5850_8,0.997414701400846
2392_10,0.9887466607971062
7434_2,0.36941260497875267
11879_10,0.9382922350494811
1190_10,0.780145128923994
8411_10,0.871275254737835
4833_9,0.5000287426044473
5853_1,0.15967015615771596
5485_4,0.015097391352627729
111_3,0.08585783690106277
6376_10,0.9719306804306498
5425_1,0.06104945199904638
3189_2,0.036227315017909996
5053_8,0.9345360025461759
1171_1,0.5988636079963098
2206_4,0.03181594015910464
11912_4,0.33797994961822325
9874_7,0.37863652490397315
3439_9,0.7941943834725627
4221_8,0.26670727383278503
6830_3,0.044664562737926135
960_8,0.7064918624308953
11862_1,0.4092351860012115
8231_7,0.6625231006020079
11765_1,0.073382959125739
9849_1,0.12117593396541407
7518_4,0.5433552286754034
3014_1,0.03894062442485849
2534_10,0.939541722280023
5197_10,0.5721144526221644
6775_2,0.1401398036294624
4649_1,0.18646328616189098
10748_3,0.25660728851473075
6943_4,0.403035499333109
9692_1,0.00034645909152620813
11972_7,0.13680166470670216
7251_9,0.9984137734450953
459_4,0.526231496625107
1101_8,0.4432628112981372
358_4,0.03670524952198462
7543_1,0.0014414334292894592
3980_3,0.35834076360813527
1276_3,0.07206274022690784
12111_8,0.8937581581651394
11876_4,0.1014109349314585
5473_8,0.9972242998202
1296_1,0.009884493562443404
7224_9,0.5924943207640357
8035_10,0.7954667451816313
10436_1,0.1491786280541507
8475_1,0.23182536505212062
4293_2,0.07899867622632
9867_2,0.0013630756843531877
4101_1,0.06651436730445004
6220_1,0.0004207897733341495
6246_4,0.30770138962372434
2907_8,0.8290152275556317
4532_2,0.003886800866682768
10753_8,0.5695434321998419
328_10,0.9982326010360465
1941_1,0.013150373269356412
7586_9,0.4085475408311911
11294_1,0.027814615888649655
7534_9,0.9807609735491881
2675_3,0.094889696333241
3837_10,0.9997832952899023
5349_9,0.9893315563136139
641_1,0.0036363713603559476
9273_8,0.34272856504200194
8120_4,0.7340391687330791
10610_1,0.025532743560713087
1829_1,2.7306312109907068e-06
6406_10,0.9823692252719184
4029_10,0.9837719911326509
10845_10,0.9016668066863678
2573_4,0.44071844339077726
2033_3,0.35444885910667784
9633_4,0.8252572907015098
6243_1,0.3534224019315627
7596_10,0.6207673409161945
4208_8,0.8553107501846784
6984_8,0.7246584828677223
3656_1,0.008287516336030332
2434_1,0.0018481496769330269
10340_7,0.26464109772748867
6130_9,0.937943398109279
8093_7,0.2950686276834775
7962_1,0.1159544440848052
12178_7,0.07197010173312933
10931_2,4.18477695463615e-05
6857_10,0.8586844877417878
11091_8,0.9984498930876619
4167_2,0.5346006716964252
679_4,0.3660291470612861
10147_1,0.002963190230585419
6875_1,0.0010352934529421192
923_10,0.9994942067814261
6200_8,0.21375219963472486
7208_8,0.9984300305471003
5363_8,0.9806088569182917
4067_8,0.05364189523791047
1773_7,0.7537096619654411
1498_10,0.9376212993910555
10497_10,0.2761999440332725
3444_10,0.9786308601172596
588_2,0.010479466105945275
9678_9,0.9076146801887084
1983_9,0.17519577705488779
5012_3,0.5196962221249218
12240_2,0.6765275019981657
5071_2,0.04659255454805938
5078_2,0.006960218696513606
10069_3,0.22624793601161425
7407_8,0.7759546475113425
7207_1,0.011076801904077532
2155_10,0.8399168452737421
59_10,0.978414132763208
2531_1,0.2597779299365577
7772_8,0.973207068006013
11465_10,0.6429721019493868
